NSpec_Sample  1000  20
              0     0.000107819     1.06873e-07
           0.02     1.48834e-08     1.25426e-09
           0.04     2.87228e-08     1.74271e-09
           0.06     3.88378e-08     2.02593e-09
           0.08     5.67724e-08     2.45397e-09
            0.1     6.46786e-08     2.61844e-09
           0.12     6.67553e-08     2.66366e-09
           0.14     7.77805e-08     2.87285e-09
           0.16     9.03724e-08      3.0947e-09
           0.18     9.81734e-08     3.23026e-09
            0.2     1.11161e-07     3.43627e-09
           0.22     1.15252e-07     3.50142e-09
           0.24     1.27743e-07       3.687e-09
           0.26      1.3975e-07     3.85802e-09
           0.28     1.49158e-07     3.98068e-09
            0.3     1.61134e-07     4.14133e-09
           0.32     1.68262e-07     4.23472e-09
           0.34     1.89018e-07      4.4895e-09
           0.36     1.84895e-07     4.43552e-09
           0.38     2.05897e-07      4.6863e-09
            0.4     2.09583e-07     4.72634e-09
           0.42     2.24199e-07     4.88769e-09
           0.44     2.33528e-07     4.99011e-09
           0.46     2.43244e-07     5.08989e-09
           0.48     2.46575e-07     5.12156e-09
            0.5     2.51832e-07     5.18307e-09
           0.52     2.75735e-07     5.42175e-09
           0.54     2.73017e-07     5.39559e-09
           0.56     2.78229e-07     5.44884e-09
           0.58     2.98112e-07     5.63667e-09
            0.6     3.03253e-07     5.68843e-09
           0.62     3.05407e-07     5.70986e-09
           0.64     3.12644e-07     5.77685e-09
           0.66     3.24251e-07     5.88199e-09
           0.68     3.26894e-07     5.90379e-09
            0.7     3.35285e-07     5.97881e-09
           0.72     3.38841e-07     6.00999e-09
           0.74     3.48915e-07     6.10196e-09
           0.76       3.575e-07     6.17539e-09
           0.78      3.5753e-07     6.17857e-09
            0.8     3.83678e-07     6.39464e-09
           0.82     3.79555e-07     6.36302e-09
           0.84     3.87089e-07     6.42472e-09
           0.86     3.86021e-07      6.4183e-09
           0.88      3.9392e-07      6.4812e-09
            0.9     3.92513e-07     6.47299e-09
           0.92     4.10738e-07     6.61813e-09
           0.94     4.11161e-07     6.62065e-09
           0.96     4.04264e-07     6.56676e-09
           0.98     4.16142e-07     6.66312e-09
              1     4.32347e-07     6.79399e-09
           1.02     4.29133e-07     6.76361e-09
           1.04     4.33168e-07     6.79698e-09
           1.06     4.41947e-07     6.86585e-09
           1.08     4.44078e-07     6.88404e-09
            1.1     4.39918e-07     6.84913e-09
           1.12     4.65097e-07     7.04191e-09
           1.14     4.57783e-07     6.98747e-09
           1.16     4.59699e-07     7.00115e-09
           1.18     4.73051e-07     7.10244e-09
            1.2     4.45408e-07     6.89215e-09
           1.22     4.70201e-07     7.07882e-09
           1.24     4.67264e-07     7.05939e-09
           1.26     4.72874e-07     7.10069e-09
           1.28     4.80204e-07     7.15208e-09
            1.3     4.79088e-07     7.14987e-09
           1.32     4.76619e-07     7.13041e-09
           1.34     4.81886e-07     7.16677e-09
           1.36     4.98412e-07     7.28739e-09
           1.38      4.8821e-07     7.21154e-09
            1.4      4.7017e-07     7.07841e-09
           1.42     4.91398e-07     7.23422e-09
           1.44     4.84794e-07     7.18712e-09
           1.46     5.01323e-07     7.30728e-09
           1.48      4.6852e-07     7.06477e-09
            1.5     4.93092e-07     7.25073e-09
           1.52     4.94722e-07     7.25977e-09
           1.54     5.02014e-07     7.31577e-09
           1.56     4.92186e-07     7.23958e-09
           1.58     5.08946e-07     7.36222e-09
            1.6     4.82981e-07     7.17825e-09
           1.62     4.92293e-07     7.23886e-09
           1.64     4.87136e-07      7.2068e-09
           1.66     4.96573e-07     7.26972e-09
           1.68     5.01447e-07      7.3083e-09
            1.7     5.03301e-07     7.32304e-09
           1.72     4.99941e-07     7.29566e-09
           1.74     5.07584e-07     7.35098e-09
           1.76     4.96264e-07     7.26924e-09
           1.78      5.0838e-07      7.3603e-09
            1.8     4.93817e-07     7.25106e-09
           1.82     4.97829e-07     7.28511e-09
           1.84     4.95084e-07     7.25635e-09
           1.86     5.04779e-07     7.33192e-09
           1.88     4.83921e-07     7.17654e-09
            1.9     5.11357e-07     7.37726e-09
           1.92      5.0369e-07     7.32154e-09
           1.94     4.91901e-07     7.23928e-09
           1.96     5.07068e-07      7.3468e-09
           1.98     4.98632e-07     7.28587e-09
              2     4.94751e-07     7.26172e-09
           2.02     4.97713e-07     7.27635e-09
           2.04     5.03387e-07      7.3194e-09
           2.06      5.0782e-07     7.34918e-09
           2.08     4.84779e-07     7.18442e-09
            2.1     4.98311e-07     7.28271e-09
           2.12     5.00052e-07     7.29252e-09
           2.14     4.86344e-07     7.19021e-09
           2.16     5.00332e-07     7.29591e-09
           2.18     4.98424e-07     7.28342e-09
            2.2     4.78659e-07     7.13761e-09
           2.22     5.04424e-07     7.32444e-09
           2.24     4.83889e-07     7.17197e-09
           2.26     4.85589e-07      7.1853e-09
           2.28     4.91928e-07     7.23662e-09
            2.3     4.84291e-07      7.1708e-09
           2.32     4.75957e-07     7.11309e-09
           2.34     4.81629e-07     7.16052e-09
           2.36     4.76082e-07     7.11506e-09
           2.38     4.88602e-07     7.20711e-09
            2.4     4.85414e-07     7.18502e-09
           2.42     4.80124e-07      7.1476e-09
           2.44      4.8482e-07       7.181e-09
           2.46     4.70348e-07     7.06967e-09
           2.48     4.66421e-07     7.04009e-09
            2.5     4.68945e-07     7.06133e-09
           2.52     4.76307e-07     7.11678e-09
           2.54     4.60953e-07     6.99897e-09
           2.56     4.69383e-07     7.06149e-09
           2.58      4.6877e-07     7.05625e-09
            2.6     4.58251e-07      6.9748e-09
           2.62     4.67594e-07     7.04873e-09
           2.64     4.65588e-07     7.02968e-09
           2.66     4.60238e-07     6.99371e-09
           2.68     4.41201e-07     6.84558e-09
            2.7      4.5359e-07     6.94239e-09
           2.72     4.69416e-07     7.05873e-09
           2.74     4.62827e-07     7.00809e-09
           2.76     4.50022e-07     6.91373e-09
           2.78     4.45382e-07     6.87502e-09
            2.8     4.57812e-07     6.97296e-09
           2.82      4.3093e-07     6.76216e-09
           2.84     4.52095e-07     6.92602e-09
           2.86     4.33821e-07     6.78429e-09
           2.88     4.51647e-07     6.92148e-09
            2.9     4.39794e-07     6.83273e-09
           2.92     4.27078e-07     6.73332e-09
           2.94      4.3678e-07     6.80547e-09
           2.96     4.23946e-07     6.70803e-09
           2.98     4.26227e-07     6.72732e-09
              3     4.19124e-07     6.66936e-09
           3.02      4.1374e-07     6.62062e-09
           3.04     4.19652e-07     6.67183e-09
           3.06     4.12921e-07     6.61779e-09
           3.08     4.08658e-07     6.58314e-09
            3.1      4.2331e-07     6.69873e-09
           3.12      4.0291e-07       6.533e-09
           3.14     4.18481e-07     6.66341e-09
           3.16     3.99777e-07     6.50973e-09
           3.18     4.02123e-07     6.53511e-09
            3.2     4.11138e-07     6.60098e-09
           3.22      3.9709e-07     6.49351e-09
           3.24     3.96709e-07     6.48289e-09
           3.26     4.04041e-07     6.54539e-09
           3.28      3.8905e-07     6.42058e-09
            3.3     3.87862e-07      6.4114e-09
           3.32     3.89095e-07     6.41852e-09
           3.34     3.86079e-07     6.39408e-09
           3.36     3.82912e-07     6.36873e-09
           3.38     3.97711e-07     6.49396e-09
            3.4     3.92909e-07       6.451e-09
           3.42     3.89124e-07     6.41998e-09
           3.44     3.83012e-07     6.37035e-09
           3.46     3.73102e-07      6.2887e-09
           3.48     3.75838e-07     6.30883e-09
            3.5     3.77453e-07     6.32525e-09
           3.52     3.76735e-07     6.31773e-09
           3.54      3.5813e-07     6.15907e-09
           3.56     3.71136e-07     6.26442e-09
           3.58     3.70395e-07     6.26345e-09
            3.6     3.68876e-07     6.24845e-09
           3.62     3.68754e-07      6.2482e-09
           3.64     3.64431e-07     6.21067e-09
           3.66     3.61089e-07     6.18256e-09
           3.68     3.60966e-07     6.18317e-09
            3.7     3.48113e-07     6.07152e-09
           3.72      3.5019e-07     6.08828e-09
           3.74     3.44778e-07     6.04007e-09
           3.76     3.47498e-07     6.06552e-09
           3.78     3.35249e-07     5.95776e-09
            3.8     3.31145e-07     5.92044e-09
           3.82     3.37305e-07     5.97255e-09
           3.84     3.38309e-07     5.98381e-09
           3.86     3.32579e-07     5.92991e-09
           3.88      3.3816e-07     5.98216e-09
            3.9     3.31223e-07     5.92166e-09
           3.92     3.21177e-07     5.83029e-09
           3.94     3.27611e-07     5.88638e-09
           3.96     3.22312e-07      5.8403e-09
           3.98     3.27293e-07      5.8853e-09
              4     3.17146e-07      5.7904e-09
           4.02     3.08971e-07     5.71503e-09
           4.04     3.16835e-07     5.78972e-09
           4.06     3.24206e-07     5.85443e-09
           4.08     3.21688e-07     5.83179e-09
            4.1     2.96446e-07     5.59429e-09
           4.12     3.05338e-07      5.6819e-09
           4.14     3.09723e-07     5.72109e-09
           4.16     3.08179e-07     5.70614e-09
           4.18     2.85999e-07     5.49471e-09
            4.2     2.87911e-07     5.51521e-09
           4.22     3.02213e-07     5.65209e-09
           4.24     3.02162e-07     5.65113e-09
           4.26     2.89519e-07     5.53094e-09
           4.28        2.82e-07     5.45631e-09
            4.3     2.84669e-07      5.4823e-09
           4.32     2.88161e-07     5.51591e-09
           4.34     2.84885e-07     5.48542e-09
           4.36     2.94796e-07     5.57895e-09
           4.38     2.84375e-07     5.48176e-09
            4.4     2.73643e-07     5.37346e-09
           4.42      2.7431e-07     5.38237e-09
           4.44     2.71788e-07     5.35565e-09
           4.46     2.73137e-07     5.36974e-09
           4.48     2.57982e-07     5.22003e-09
            4.5     2.71397e-07     5.34997e-09
           4.52     2.76367e-07     5.39892e-09
           4.54     2.60819e-07     5.24633e-09
           4.56     2.62233e-07     5.25782e-09
           4.58     2.61274e-07     5.25236e-09
            4.6     2.49925e-07     5.13746e-09
           4.62     2.52077e-07     5.15887e-09
           4.64     2.48896e-07     5.12383e-09
           4.66     2.47474e-07     5.10755e-09
           4.68     2.40516e-07     5.03622e-09
            4.7     2.50615e-07     5.13861e-09
           4.72     2.41966e-07     5.05123e-09
           4.74     2.37138e-07     4.99835e-09
           4.76      2.4926e-07     5.12587e-09
           4.78     2.35296e-07     4.98069e-09
            4.8     2.34274e-07     4.96908e-09
           4.82     2.39865e-07     5.02473e-09
           4.84     2.26737e-07     4.88781e-09
           4.86     2.37425e-07     5.00559e-09
           4.88     2.32805e-07     4.95237e-09
            4.9     2.23693e-07     4.85607e-09
           4.92     2.20687e-07     4.81689e-09
           4.94     2.24924e-07      4.8656e-09
           4.96     2.23491e-07     4.85045e-09
           4.98     2.21699e-07     4.83206e-09
              5     2.23339e-07     4.85065e-09
           5.02     2.12338e-07     4.73254e-09
           5.04      2.1021e-07     4.70265e-09
           5.06     2.08852e-07     4.68749e-09
           5.08      2.0597e-07     4.65578e-09
            5.1     2.07912e-07     4.67704e-09
           5.12      1.9907e-07     4.57514e-09
           5.14     2.05421e-07     4.64679e-09
           5.16     1.98272e-07     4.56771e-09
           5.18     2.04467e-07      4.6359e-09
            5.2     1.90684e-07     4.47793e-09
           5.22     1.90153e-07     4.47037e-09
           5.24     1.92193e-07     4.49347e-09
           5.26     1.82025e-07     4.37192e-09
           5.28     1.87784e-07     4.44046e-09
            5.3     1.88331e-07     4.45108e-09
           5.32     1.84431e-07     4.40192e-09
           5.34      1.7972e-07     4.34434e-09
           5.36      1.8003e-07     4.34676e-09
           5.38     1.73356e-07     4.26703e-09
            5.4     1.81345e-07     4.36063e-09
           5.42     1.69302e-07     4.21592e-09
           5.44     1.71019e-07     4.24047e-09
           5.46     1.74331e-07     4.27818e-09
           5.48      1.7451e-07     4.27991e-09
            5.5     1.66403e-07     4.17889e-09
           5.52     1.59406e-07     4.08909e-09
           5.54     1.75324e-07     4.28825e-09
           5.56     1.53499e-07     4.01217e-09
           5.58     1.51387e-07      3.9855e-09
            5.6     1.60009e-07     4.09515e-09
           5.62      1.5127e-07     3.98113e-09
           5.64      1.5568e-07     4.04027e-09
           5.66     1.51394e-07     3.98293e-09
           5.68     1.49786e-07     3.96271e-09
            5.7     1.52806e-07      4.0008e-09
           5.72     1.46636e-07     3.91789e-09
           5.74     1.43028e-07     3.87152e-09
           5.76     1.48924e-07     3.95093e-09
           5.78     1.46865e-07     3.92119e-09
            5.8     1.43509e-07     3.87456e-09
           5.82     1.33412e-07      3.7378e-09
           5.84     1.37939e-07     3.79964e-09
           5.86     1.36627e-07     3.78075e-09
           5.88     1.32188e-07     3.71808e-09
            5.9     1.28279e-07     3.66362e-09
           5.92     1.29995e-07     3.68569e-09
           5.94     1.29582e-07     3.68138e-09
           5.96     1.35571e-07     3.76746e-09
           5.98      1.2623e-07     3.63329e-09
              6     1.25621e-07     3.62476e-09
           6.02     1.29008e-07     3.67398e-09
           6.04     1.21096e-07     3.55997e-09
           6.06     1.15102e-07      3.4655e-09
           6.08      1.1465e-07     3.45972e-09
            6.1     1.15551e-07     3.47267e-09
           6.12     1.10212e-07      3.3945e-09
           6.14     1.11145e-07     3.40706e-09
           6.16     1.05733e-07     3.32493e-09
           6.18      1.1525e-07     3.46998e-09
            6.2     1.11771e-07     3.41505e-09
           6.22      1.0699e-07     3.34148e-09
           6.24     1.08078e-07     3.35906e-09
           6.26     1.02247e-07     3.26734e-09
           6.28     1.01475e-07     3.25432e-09
            6.3     1.02759e-07     3.27196e-09
           6.32     1.00427e-07     3.23566e-09
           6.34     9.38471e-08     3.12935e-09
           6.36     9.34079e-08     3.11992e-09
           6.38     9.95476e-08     3.22071e-09
            6.4     9.62397e-08     3.16889e-09
           6.42      9.2513e-08     3.10384e-09
           6.44     8.94735e-08     3.05386e-09
           6.46     9.65127e-08     3.17264e-09
           6.48      8.9963e-08     3.06163e-09
            6.5     8.96905e-08     3.05948e-09
           6.52     9.04001e-08     3.06943e-09
           6.54     9.24964e-08     3.10326e-09
           6.56     8.72244e-08     3.01233e-09
           6.58     8.43797e-08     2.96394e-09
            6.6     8.42729e-08     2.96204e-09
           6.62     8.05166e-08     2.89321e-09
           6.64     7.94038e-08     2.87365e-09
           6.66     7.74144e-08     2.83714e-09
           6.68     7.77265e-08      2.8447e-09
            6.7     8.07271e-08     2.89701e-09
           6.72      6.9452e-08     2.69003e-09
           6.74     7.36777e-08     2.76789e-09
           6.76     7.41458e-08     2.77765e-09
           6.78     7.46892e-08     2.78627e-09
            6.8     7.23441e-08     2.74104e-09
           6.82     7.34782e-08     2.76233e-09
           6.84     7.35406e-08     2.76266e-09
           6.86     6.94098e-08     2.68632e-09
           6.88     6.79749e-08     2.65678e-09
            6.9     6.72635e-08     2.64108e-09
           6.92     6.55859e-08     2.60756e-09
           6.94     6.89737e-08     2.67344e-09
           6.96     6.44932e-08     2.58668e-09
           6.98     6.46479e-08     2.59079e-09
              7     5.80442e-08     2.45124e-09
           7.02     6.07053e-08     2.50832e-09
           7.04      6.0307e-08     2.50273e-09
           7.06     6.32599e-08     2.56205e-09
           7.08     5.74151e-08     2.44002e-09
            7.1     5.54226e-08     2.39683e-09
           7.12     5.71757e-08     2.43641e-09
           7.14     5.70859e-08     2.43261e-09
           7.16     5.56121e-08     2.40049e-09
           7.18     5.64034e-08     2.41663e-09
            7.2     5.60386e-08     2.40769e-09
           7.22     5.18771e-08      2.3183e-09
           7.24     5.61654e-08     2.41095e-09
           7.26     4.82392e-08     2.23521e-09
           7.28     5.11582e-08     2.29996e-09
            7.3     4.83456e-08     2.23532e-09
           7.32      4.9331e-08     2.25923e-09
           7.34     4.65401e-08     2.19199e-09
           7.36       4.665e-08     2.19722e-09
           7.38     4.48266e-08     2.15225e-09
            7.4     4.35156e-08     2.12132e-09
           7.42     4.50334e-08      2.1572e-09
           7.44     4.28559e-08     2.10422e-09
           7.46     4.44135e-08     2.14233e-09
           7.48     4.18616e-08     2.08055e-09
            7.5     3.83785e-08     1.99293e-09
           7.52     4.25788e-08     2.09818e-09
           7.54     4.20444e-08     2.08453e-09
           7.56     3.83746e-08     1.99006e-09
           7.58      4.1047e-08     2.05796e-09
            7.6     3.59534e-08     1.92495e-09
           7.62     3.62838e-08     1.93435e-09
           7.64     3.88594e-08      2.0018e-09
           7.66     3.50603e-08     1.90181e-09
           7.68     3.38576e-08     1.86986e-09
            7.7     3.48238e-08     1.89456e-09
           7.72      3.3985e-08     1.87117e-09
           7.74     3.46288e-08     1.88955e-09
           7.76     3.19882e-08     1.81426e-09
           7.78     3.03656e-08     1.76828e-09
            7.8     3.21654e-08     1.81843e-09
           7.82      2.9575e-08     1.74609e-09
           7.84     3.28007e-08     1.83684e-09
           7.86     3.14667e-08     1.80219e-09
           7.88     2.76107e-08     1.68693e-09
            7.9     2.90613e-08     1.73093e-09
           7.92     2.82491e-08     1.70378e-09
           7.94     2.75974e-08     1.68613e-09
           7.96     2.56512e-08     1.62258e-09
           7.98     2.67315e-08     1.65809e-09
              8     2.60006e-08     1.63494e-09
           8.02     2.76174e-08     1.68414e-09
           8.04     2.48565e-08     1.59812e-09
           8.06     2.52881e-08     1.61259e-09
           8.08     2.56179e-08     1.62377e-09
            8.1     2.37342e-08     1.56188e-09
           8.12     2.35401e-08     1.55584e-09
           8.14     2.31726e-08     1.54165e-09
           8.16     2.21941e-08     1.51038e-09
           8.18     2.30891e-08     1.53953e-09
            8.2     1.99442e-08     1.42843e-09
           8.22     2.05517e-08     1.45347e-09
           8.24     2.08519e-08     1.46373e-09
           8.26     2.14085e-08     1.48105e-09
           8.28     2.11116e-08     1.47112e-09
            8.3     1.82649e-08     1.36924e-09
           8.32     2.06694e-08     1.45447e-09
           8.34      1.7851e-08     1.35348e-09
           8.36     1.91732e-08     1.40227e-09
           8.38     1.85627e-08     1.38001e-09
            8.4     1.61724e-08     1.28675e-09
           8.42     1.58962e-08       1.277e-09
           8.44     1.70235e-08     1.32146e-09
           8.46      1.6543e-08     1.29991e-09
           8.48     1.63779e-08     1.29493e-09
            8.5     1.51924e-08     1.24898e-09
           8.52     1.47539e-08     1.22964e-09
           8.54      1.5617e-08      1.2627e-09
           8.56     1.63809e-08     1.29519e-09
           8.58      1.2692e-08     1.13991e-09
            8.6     1.53519e-08     1.25362e-09
           8.62     1.47045e-08     1.22551e-09
           8.64     1.17538e-08     1.09619e-09
           8.66      1.4489e-08     1.21602e-09
           8.68     1.15422e-08      1.0859e-09
            8.7     1.17517e-08     1.09597e-09
           8.72     1.34883e-08     1.17411e-09
           8.74     1.05167e-08     1.03635e-09
           8.76     1.23459e-08     1.12246e-09
           8.78     1.22543e-08     1.11876e-09
            8.8      8.7592e-09     9.44609e-10
           8.82     1.08295e-08     1.05196e-09
           8.84     9.60594e-09      9.9088e-10
           8.86     1.00104e-08      1.0113e-09
           8.88     8.66215e-09     9.39641e-10
            8.9     1.07036e-08     1.04466e-09
           8.92     1.02037e-08     1.02044e-09
           8.94     8.85787e-09     9.49765e-10
           8.96     7.85561e-09     8.95323e-10
           8.98     8.65829e-09      9.3919e-10
              9      8.5644e-09     9.34528e-10
           9.02     9.56841e-09     9.86973e-10
           9.04      8.6518e-09     9.38509e-10
           9.06     7.31381e-09     8.61989e-10
           9.08     9.75431e-09     9.95636e-10
            9.1     6.41155e-09     8.07838e-10
           9.12     7.64295e-09     8.82612e-10
           9.14     5.89222e-09     7.73747e-10
           9.16     7.11769e-09     8.50779e-10
           9.18     7.11734e-09     8.50751e-10
            9.2     8.73907e-09     9.42423e-10
           9.22     6.20165e-09     7.94087e-10
           9.24     5.88827e-09     7.73236e-10
           9.26     6.40702e-09     8.07257e-10
           9.28     4.88789e-09     7.05565e-10
            9.3     5.38101e-09     7.39179e-10
           9.32      5.0842e-09     7.19079e-10
           9.34     6.49163e-09     8.11498e-10
           9.36     2.84474e-09     5.37641e-10
           9.38      4.7596e-09     6.94303e-10
            9.4     4.16321e-09     6.50224e-10
           9.42     4.05817e-09      6.4169e-10
           9.44     3.66069e-09     6.10153e-10
           9.46     4.86058e-09     7.01591e-10
           9.48     2.94794e-09     5.47469e-10
            9.5      4.0547e-09     6.41143e-10
           9.52       4.282e-09     6.60786e-10
           9.54     3.35042e-09     5.83265e-10
           9.56     2.32084e-09     4.83939e-10
           9.58     3.74731e-09     6.16084e-10
            9.6     2.84575e-09     5.37829e-10
           9.62     4.55548e-09     6.79118e-10
           9.64     3.44922e-09     5.91566e-10
           9.66     2.93558e-09     5.45154e-10
           9.68     1.91835e-09     4.40115e-10
            9.7      2.1271e-09     4.64196e-10
           9.72     2.83977e-09     5.36706e-10
           9.74     4.05912e-09     6.41846e-10
           9.76     2.22715e-09     4.74845e-10
           9.78     1.51513e-09      3.9123e-10
            9.8     2.43576e-09     4.97214e-10
           9.82     2.22318e-09     4.73996e-10
           9.84     3.73711e-09     6.14396e-10
           9.86     2.12453e-09     4.63623e-10
           9.88     2.83315e-09     5.35438e-10
            9.9     1.72416e-09     4.18186e-10
           9.92     1.51341e-09      3.9077e-10
           9.94     1.31297e-09     3.64161e-10
           9.96     1.71133e-09     4.15064e-10
           9.98     1.21089e-09     3.49563e-10
             10     1.61539e-09     4.03854e-10
          10.02     1.51655e-09     3.91587e-10
          10.04      1.8127e-09     4.27261e-10
          10.06     1.21493e-09     3.50733e-10
          10.08     1.10669e-09     3.33685e-10
           10.1     1.71762e-09     4.16611e-10
          10.12     7.06259e-10     2.66946e-10
          10.14     1.31278e-09     3.64113e-10
          10.16     8.06613e-10     2.85185e-10
          10.18     5.06852e-10     2.26675e-10
           10.2     8.05483e-10     2.84783e-10
          10.22     9.06534e-10     3.02182e-10
          10.24     3.01949e-10     1.74331e-10
          10.26     7.07861e-10     2.67553e-10
          10.28     6.03488e-10     2.46374e-10
           10.3     6.06583e-10     2.47641e-10
          10.32     9.08416e-10     3.02812e-10
          10.34     1.00454e-09     3.17664e-10
          10.36     5.03489e-10     2.25172e-10
          10.38     2.00361e-10     1.41677e-10
           10.4     5.01787e-10     2.24406e-10
          10.42     3.01322e-10      1.7397e-10
          10.44     4.01194e-10     2.00597e-10
          10.46     2.00666e-10     1.41893e-10
          10.48      7.0631e-10     2.66966e-10
           10.5     1.00079e-10     1.00079e-10
          10.52     5.03669e-10     2.25249e-10
          10.54     4.02049e-10     2.01026e-10
          10.56               0               0
          10.58     2.00402e-10     1.41706e-10
           10.6     2.01685e-10     1.42615e-10
          10.62     2.01175e-10     1.42253e-10
          10.64      1.0185e-10      1.0185e-10
          10.66               0               0
          10.68     1.00896e-10     1.00896e-10
           10.7     3.00978e-10      1.7377e-10
          10.72      1.0031e-10      1.0031e-10
          10.74     2.01156e-10     1.42241e-10
          10.76               0               0
          10.78     3.01547e-10     1.74098e-10
           10.8     1.00155e-10     1.00155e-10
          10.82               0               0
          10.84     2.00522e-10     1.41791e-10
          10.86               0               0
          10.88     1.01925e-10     1.01925e-10
           10.9     1.00559e-10     1.00559e-10
          10.92               0               0
          10.94               0               0
          10.96               0               0
          10.98               0               0
             11               0               0
          11.02               0               0
          11.04      1.0136e-10      1.0136e-10
          11.06               0               0
          11.08               0               0
           11.1     3.01176e-10     1.73885e-10
          11.12     1.01012e-10     1.01012e-10
          11.14               0               0
          11.16               0               0
          11.18               0               0
           11.2               0               0
          11.22               0               0
          11.24               0               0
          11.26               0               0
          11.28               0               0
           11.3               0               0
          11.32               0               0
          11.34               0               0
          11.36               0               0
          11.38               0               0
           11.4               0               0
          11.42               0               0
          11.44               0               0
          11.46               0               0
          11.48               0               0
           11.5               0               0
          11.52               0               0
          11.54               0               0
          11.56               0               0
          11.58               0               0
           11.6               0               0
          11.62               0               0
          11.64               0               0
          11.66     1.00084e-10     1.00084e-10
          11.68               0               0
           11.7               0               0
          11.72               0               0
          11.74               0               0
          11.76               0               0
          11.78               0               0
           11.8               0               0
          11.82               0               0
          11.84               0               0
          11.86               0               0
          11.88               0               0
           11.9               0               0
          11.92               0               0
          11.94               0               0
          11.96               0               0
          11.98               0               0
             12               0               0
          12.02               0               0
          12.04               0               0
          12.06               0               0
          12.08               0               0
           12.1               0               0
          12.12               0               0
          12.14               0               0
          12.16               0               0
          12.18               0               0
           12.2               0               0
          12.22               0               0
          12.24               0               0
          12.26               0               0
          12.28               0               0
           12.3               0               0
          12.32               0               0
          12.34               0               0
          12.36               0               0
          12.38               0               0
           12.4               0               0
          12.42               0               0
          12.44               0               0
          12.46               0               0
          12.48               0               0
           12.5               0               0
          12.52               0               0
          12.54               0               0
          12.56               0               0
          12.58               0               0
           12.6               0               0
          12.62               0               0
          12.64               0               0
          12.66               0               0
          12.68               0               0
           12.7               0               0
          12.72               0               0
          12.74               0               0
          12.76               0               0
          12.78               0               0
           12.8               0               0
          12.82               0               0
          12.84               0               0
          12.86               0               0
          12.88               0               0
           12.9               0               0
          12.92               0               0
          12.94               0               0
          12.96               0               0
          12.98               0               0
             13               0               0
          13.02               0               0
          13.04               0               0
          13.06               0               0
          13.08               0               0
           13.1               0               0
          13.12               0               0
          13.14               0               0
          13.16               0               0
          13.18               0               0
           13.2               0               0
          13.22               0               0
          13.24               0               0
          13.26               0               0
          13.28               0               0
           13.3               0               0
          13.32               0               0
          13.34               0               0
          13.36               0               0
          13.38               0               0
           13.4               0               0
          13.42               0               0
          13.44               0               0
          13.46               0               0
          13.48               0               0
           13.5               0               0
          13.52               0               0
          13.54               0               0
          13.56               0               0
          13.58               0               0
           13.6               0               0
          13.62               0               0
          13.64               0               0
          13.66               0               0
          13.68               0               0
           13.7               0               0
          13.72               0               0
          13.74               0               0
          13.76               0               0
          13.78               0               0
           13.8               0               0
          13.82               0               0
          13.84               0               0
          13.86               0               0
          13.88               0               0
           13.9               0               0
          13.92               0               0
          13.94               0               0
          13.96               0               0
          13.98               0               0
             14               0               0
          14.02               0               0
          14.04               0               0
          14.06               0               0
          14.08               0               0
           14.1               0               0
          14.12               0               0
          14.14               0               0
          14.16               0               0
          14.18               0               0
           14.2               0               0
          14.22               0               0
          14.24               0               0
          14.26               0               0
          14.28               0               0
           14.3               0               0
          14.32               0               0
          14.34               0               0
          14.36               0               0
          14.38               0               0
           14.4               0               0
          14.42               0               0
          14.44               0               0
          14.46               0               0
          14.48               0               0
           14.5               0               0
          14.52               0               0
          14.54               0               0
          14.56               0               0
          14.58               0               0
           14.6               0               0
          14.62               0               0
          14.64               0               0
          14.66               0               0
          14.68               0               0
           14.7               0               0
          14.72               0               0
          14.74               0               0
          14.76               0               0
          14.78               0               0
           14.8               0               0
          14.82               0               0
          14.84               0               0
          14.86               0               0
          14.88               0               0
           14.9               0               0
          14.92               0               0
          14.94               0               0
          14.96               0               0
          14.98               0               0
             15               0               0
          15.02               0               0
          15.04               0               0
          15.06               0               0
          15.08               0               0
           15.1               0               0
          15.12               0               0
          15.14               0               0
          15.16               0               0
          15.18               0               0
           15.2               0               0
          15.22               0               0
          15.24               0               0
          15.26               0               0
          15.28               0               0
           15.3               0               0
          15.32               0               0
          15.34               0               0
          15.36               0               0
          15.38               0               0
           15.4               0               0
          15.42               0               0
          15.44               0               0
          15.46               0               0
          15.48               0               0
           15.5               0               0
          15.52               0               0
          15.54               0               0
          15.56               0               0
          15.58               0               0
           15.6               0               0
          15.62               0               0
          15.64               0               0
          15.66               0               0
          15.68               0               0
           15.7               0               0
          15.72               0               0
          15.74               0               0
          15.76               0               0
          15.78               0               0
           15.8               0               0
          15.82               0               0
          15.84               0               0
          15.86               0               0
          15.88               0               0
           15.9               0               0
          15.92               0               0
          15.94               0               0
          15.96               0               0
          15.98               0               0
             16               0               0
          16.02               0               0
          16.04               0               0
          16.06               0               0
          16.08               0               0
           16.1               0               0
          16.12               0               0
          16.14               0               0
          16.16               0               0
          16.18               0               0
           16.2               0               0
          16.22               0               0
          16.24               0               0
          16.26               0               0
          16.28               0               0
           16.3               0               0
          16.32               0               0
          16.34               0               0
          16.36               0               0
          16.38               0               0
           16.4               0               0
          16.42               0               0
          16.44               0               0
          16.46               0               0
          16.48               0               0
           16.5               0               0
          16.52               0               0
          16.54               0               0
          16.56               0               0
          16.58               0               0
           16.6               0               0
          16.62               0               0
          16.64               0               0
          16.66               0               0
          16.68               0               0
           16.7               0               0
          16.72               0               0
          16.74               0               0
          16.76               0               0
          16.78               0               0
           16.8               0               0
          16.82               0               0
          16.84               0               0
          16.86               0               0
          16.88               0               0
           16.9               0               0
          16.92               0               0
          16.94               0               0
          16.96               0               0
          16.98               0               0
             17               0               0
          17.02               0               0
          17.04               0               0
          17.06               0               0
          17.08               0               0
           17.1               0               0
          17.12               0               0
          17.14               0               0
          17.16               0               0
          17.18               0               0
           17.2               0               0
          17.22               0               0
          17.24               0               0
          17.26               0               0
          17.28               0               0
           17.3               0               0
          17.32               0               0
          17.34               0               0
          17.36               0               0
          17.38               0               0
           17.4               0               0
          17.42               0               0
          17.44               0               0
          17.46               0               0
          17.48               0               0
           17.5               0               0
          17.52               0               0
          17.54               0               0
          17.56               0               0
          17.58               0               0
           17.6               0               0
          17.62               0               0
          17.64               0               0
          17.66               0               0
          17.68               0               0
           17.7               0               0
          17.72               0               0
          17.74               0               0
          17.76               0               0
          17.78               0               0
           17.8               0               0
          17.82               0               0
          17.84               0               0
          17.86               0               0
          17.88               0               0
           17.9               0               0
          17.92               0               0
          17.94               0               0
          17.96               0               0
          17.98               0               0
             18               0               0
          18.02               0               0
          18.04               0               0
          18.06               0               0
          18.08               0               0
           18.1               0               0
          18.12               0               0
          18.14               0               0
          18.16               0               0
          18.18               0               0
           18.2               0               0
          18.22               0               0
          18.24               0               0
          18.26               0               0
          18.28               0               0
           18.3               0               0
          18.32               0               0
          18.34               0               0
          18.36               0               0
          18.38               0               0
           18.4               0               0
          18.42               0               0
          18.44               0               0
          18.46               0               0
          18.48               0               0
           18.5               0               0
          18.52               0               0
          18.54               0               0
          18.56               0               0
          18.58               0               0
           18.6               0               0
          18.62               0               0
          18.64               0               0
          18.66               0               0
          18.68               0               0
           18.7               0               0
          18.72               0               0
          18.74               0               0
          18.76               0               0
          18.78               0               0
           18.8               0               0
          18.82               0               0
          18.84               0               0
          18.86               0               0
          18.88               0               0
           18.9               0               0
          18.92               0               0
          18.94               0               0
          18.96               0               0
          18.98               0               0
             19               0               0
          19.02               0               0
          19.04               0               0
          19.06               0               0
          19.08               0               0
           19.1               0               0
          19.12               0               0
          19.14               0               0
          19.16               0               0
          19.18               0               0
           19.2               0               0
          19.22               0               0
          19.24               0               0
          19.26               0               0
          19.28               0               0
           19.3               0               0
          19.32               0               0
          19.34               0               0
          19.36               0               0
          19.38               0               0
           19.4               0               0
          19.42               0               0
          19.44               0               0
          19.46               0               0
          19.48               0               0
           19.5               0               0
          19.52               0               0
          19.54               0               0
          19.56               0               0
          19.58               0               0
           19.6               0               0
          19.62               0               0
          19.64               0               0
          19.66               0               0
          19.68               0               0
           19.7               0               0
          19.72               0               0
          19.74               0               0
          19.76               0               0
          19.78               0               0
           19.8               0               0
          19.82               0               0
          19.84               0               0
          19.86               0               0
          19.88               0               0
           19.9               0               0
          19.92               0               0
          19.94               0               0
          19.96               0               0
          19.98               0               0
             20               0               0
          20.02               0               0

AFlux_Sample  1000  20
              0               0               0
           0.02     1.12893e-07     1.06442e-11
           0.04      1.1286e-07     1.05791e-11
           0.06     1.12842e-07     1.05518e-11
           0.08     1.12831e-07     1.05362e-11
            0.1     1.12822e-07      1.0525e-11
           0.12     1.12816e-07     1.05168e-11
           0.14     1.12812e-07     1.05104e-11
           0.16      1.1281e-07     1.05058e-11
           0.18     1.12809e-07     1.05019e-11
            0.2     1.12809e-07     1.04985e-11
           0.22      1.1281e-07     1.04957e-11
           0.24     1.12811e-07     1.04933e-11
           0.26     1.12813e-07      1.0491e-11
           0.28     1.12815e-07     1.04889e-11
            0.3     1.12818e-07     1.04872e-11
           0.32      1.1282e-07     1.04857e-11
           0.34     1.12822e-07     1.04843e-11
           0.36     1.12825e-07     1.04829e-11
           0.38     1.12828e-07     1.04815e-11
            0.4     1.12831e-07     1.04801e-11
           0.42     1.12833e-07     1.04788e-11
           0.44     1.12836e-07     1.04775e-11
           0.46     1.12839e-07     1.04762e-11
           0.48     1.12842e-07      1.0475e-11
            0.5     1.12844e-07     1.04737e-11
           0.52     1.12847e-07     1.04724e-11
           0.54      1.1285e-07     1.04711e-11
           0.56     1.12853e-07     1.04698e-11
           0.58     1.12856e-07     1.04685e-11
            0.6     1.12858e-07     1.04671e-11
           0.62     1.12862e-07     1.04657e-11
           0.64     1.12865e-07     1.04643e-11
           0.66     1.12868e-07     1.04628e-11
           0.68     1.12871e-07     1.04613e-11
            0.7     1.12874e-07     1.04598e-11
           0.72     1.12878e-07     1.04583e-11
           0.74     1.12881e-07     1.04569e-11
           0.76     1.12884e-07     1.04553e-11
           0.78     1.12887e-07      1.0454e-11
            0.8      1.1289e-07     1.04526e-11
           0.82     1.12893e-07     1.04511e-11
           0.84     1.12897e-07     1.04496e-11
           0.86       1.129e-07      1.0448e-11
           0.88     1.12903e-07     1.04466e-11
            0.9     1.12907e-07      1.0445e-11
           0.92      1.1291e-07     1.04435e-11
           0.94     1.12914e-07     1.04421e-11
           0.96     1.12917e-07     1.04406e-11
           0.98      1.1292e-07     1.04391e-11
              1     1.12924e-07     1.04374e-11
           1.02     1.12927e-07     1.04361e-11
           1.04      1.1293e-07     1.04347e-11
           1.06     1.12934e-07     1.04333e-11
           1.08     1.12937e-07     1.04318e-11
            1.1      1.1294e-07     1.04303e-11
           1.12     1.12944e-07     1.04288e-11
           1.14     1.12947e-07     1.04273e-11
           1.16     1.12951e-07     1.04257e-11
           1.18     1.12955e-07     1.04242e-11
            1.2     1.12958e-07     1.04228e-11
           1.22     1.12962e-07     1.04211e-11
           1.24     1.12966e-07     1.04195e-11
           1.26     1.12969e-07     1.04179e-11
           1.28     1.12973e-07     1.04163e-11
            1.3     1.12977e-07     1.04148e-11
           1.32     1.12981e-07     1.04132e-11
           1.34     1.12984e-07     1.04117e-11
           1.36     1.12988e-07     1.04103e-11
           1.38     1.12992e-07     1.04087e-11
            1.4     1.12996e-07     1.04072e-11
           1.42        1.13e-07     1.04055e-11
           1.44     1.13004e-07     1.04038e-11
           1.46     1.13008e-07     1.04022e-11
           1.48     1.13012e-07     1.04008e-11
            1.5     1.13015e-07     1.03992e-11
           1.52     1.13019e-07     1.03978e-11
           1.54     1.13023e-07      1.0396e-11
           1.56     1.13028e-07     1.03944e-11
           1.58     1.13032e-07     1.03928e-11
            1.6     1.13036e-07     1.03912e-11
           1.62      1.1304e-07     1.03895e-11
           1.64     1.13044e-07     1.03879e-11
           1.66     1.13049e-07     1.03862e-11
           1.68     1.13053e-07     1.03848e-11
            1.7     1.13056e-07     1.03833e-11
           1.72     1.13061e-07     1.03818e-11
           1.74     1.13064e-07     1.03804e-11
           1.76     1.13069e-07     1.03788e-11
           1.78     1.13073e-07     1.03773e-11
            1.8     1.13077e-07     1.03759e-11
           1.82     1.13082e-07     1.03745e-11
           1.84     1.13087e-07      1.0373e-11
           1.86     1.13093e-07     1.03719e-11
           1.88     1.13099e-07     1.03712e-11
            1.9     1.13107e-07      1.0371e-11
           1.92     1.13117e-07     1.03715e-11
           1.94     1.13129e-07     1.03735e-11
           1.96     1.13147e-07     1.03773e-11
           1.98     1.13173e-07     1.03839e-11
              2     1.13209e-07     1.03951e-11
           2.02     1.13262e-07     1.04125e-11
           2.04     1.13337e-07     1.04391e-11
           2.06     1.13444e-07     1.04784e-11
           2.08     1.13594e-07     1.05349e-11
            2.1     1.13804e-07     1.06148e-11
           2.12     1.14092e-07     1.07242e-11
           2.14     1.14481e-07     1.08716e-11
           2.16     1.14999e-07     1.10658e-11
           2.18     1.15676e-07     1.13157e-11
            2.2     1.16544e-07      1.1628e-11
           2.22     1.17637e-07     1.20073e-11
           2.24     1.18986e-07     1.24537e-11
           2.26     1.20631e-07     1.29662e-11
           2.28     1.22599e-07     1.35372e-11
            2.3     1.24907e-07     1.41536e-11
           2.32     1.27564e-07     1.47993e-11
           2.34     1.30558e-07     1.54529e-11
           2.36     1.33874e-07     1.60947e-11
           2.38     1.37467e-07     1.67046e-11
            2.4     1.41291e-07     1.72625e-11
           2.42     1.45282e-07     1.77556e-11
           2.44     1.49357e-07     1.81704e-11
           2.46     1.53447e-07     1.85027e-11
           2.48     1.57457e-07     1.87515e-11
            2.5     1.61315e-07     1.89233e-11
           2.52     1.64933e-07     1.90265e-11
           2.54     1.68272e-07     1.90721e-11
           2.56     1.71284e-07     1.90745e-11
           2.58     1.73947e-07     1.90471e-11
            2.6     1.76245e-07     1.90025e-11
           2.62     1.78189e-07     1.89505e-11
           2.64     1.79795e-07     1.88974e-11
           2.66     1.81103e-07     1.88474e-11
           2.68     1.82137e-07     1.88058e-11
            2.7     1.82941e-07     1.87706e-11
           2.72     1.83555e-07     1.87417e-11
           2.74     1.84015e-07     1.87191e-11
           2.76      1.8435e-07     1.87022e-11
           2.78     1.84588e-07     1.86894e-11
            2.8     1.84758e-07     1.86794e-11
           2.82      1.8487e-07     1.86736e-11
           2.84     1.84955e-07     1.86647e-11
           2.86      1.8502e-07     1.86555e-11
           2.88     1.85068e-07     1.86467e-11
            2.9     1.85106e-07     1.86376e-11
           2.92     1.85138e-07     1.86283e-11
           2.94     1.85166e-07     1.86195e-11
           2.96     1.85191e-07     1.86109e-11
           2.98     1.85214e-07     1.86021e-11
              3     1.85237e-07     1.85933e-11
           3.02     1.85259e-07     1.85845e-11
           3.04      1.8528e-07     1.85764e-11
           3.06     1.85298e-07     1.85694e-11
           3.08     1.85315e-07     1.85626e-11
            3.1     1.85333e-07     1.85548e-11
           3.12     1.85352e-07     1.85475e-11
           3.14      1.8537e-07     1.85403e-11
           3.16     1.85388e-07     1.85328e-11
           3.18     1.85406e-07     1.85257e-11
            3.2     1.85424e-07     1.85187e-11
           3.22      1.8544e-07     1.85123e-11
           3.24     1.85455e-07      1.8507e-11
           3.26     1.85466e-07     1.85027e-11
           3.28     1.85475e-07     1.84995e-11
            3.3      1.8548e-07     1.84979e-11
           3.32     1.85483e-07     1.84968e-11
           3.34     1.85487e-07     1.84951e-11
           3.36     1.85495e-07     1.84919e-11
           3.38     1.85506e-07     1.84872e-11
            3.4     1.85518e-07     1.84827e-11
           3.42     1.85526e-07     1.84797e-11
           3.44      1.8554e-07     1.84732e-11
           3.46     1.85562e-07     1.84641e-11
           3.48     1.85588e-07     1.84539e-11
            3.5     1.85615e-07     1.84434e-11
           3.52     1.85643e-07     1.84323e-11
           3.54     1.85671e-07     1.84214e-11
           3.56       1.857e-07     1.84104e-11
           3.58     1.85728e-07     1.83995e-11
            3.6     1.85757e-07     1.83881e-11
           3.62     1.85787e-07     1.83766e-11
           3.64     1.85816e-07     1.83655e-11
           3.66     1.85846e-07     1.83538e-11
           3.68     1.85876e-07     1.83423e-11
            3.7     1.85907e-07     1.83304e-11
           3.72     1.85934e-07     1.83211e-11
           3.74     1.85963e-07      1.8309e-11
           3.76     1.85994e-07     1.82972e-11
           3.78     1.86026e-07     1.82851e-11
            3.8     1.86058e-07     1.82729e-11
           3.82     1.86091e-07     1.82606e-11
           3.84     1.86122e-07     1.82484e-11
           3.86     1.86154e-07     1.82364e-11
           3.88     1.86186e-07     1.82246e-11
            3.9     1.86217e-07     1.82128e-11
           3.92     1.86249e-07     1.82006e-11
           3.94     1.86282e-07     1.81881e-11
           3.96     1.86315e-07     1.81759e-11
           3.98     1.86348e-07     1.81634e-11
              4      1.8638e-07     1.81515e-11
           4.02     1.86412e-07     1.81396e-11
           4.04     1.86444e-07     1.81277e-11
           4.06     1.86478e-07      1.8115e-11
           4.08     1.86509e-07     1.81038e-11
            4.1     1.86537e-07     1.80934e-11
           4.12     1.86568e-07     1.80816e-11
           4.14     1.86601e-07     1.80697e-11
           4.16     1.86634e-07     1.80574e-11
           4.18     1.86667e-07     1.80454e-11
            4.2     1.86701e-07     1.80328e-11
           4.22     1.86734e-07     1.80207e-11
           4.24     1.86767e-07     1.80086e-11
           4.26       1.868e-07     1.79965e-11
           4.28     1.86833e-07     1.79845e-11
            4.3     1.86867e-07     1.79722e-11
           4.32       1.869e-07       1.796e-11
           4.34     1.86932e-07     1.79486e-11
           4.36     1.86963e-07     1.79373e-11
           4.38     1.86989e-07     1.79295e-11
            4.4        1.87e-07     1.79264e-11
           4.42     1.87022e-07     1.79164e-11
           4.44     1.87054e-07     1.79047e-11
           4.46     1.87088e-07     1.78921e-11
           4.48     1.87122e-07     1.78797e-11
            4.5     1.87159e-07     1.78661e-11
           4.52     1.87194e-07      1.7854e-11
           4.54     1.87229e-07     1.78418e-11
           4.56     1.87262e-07     1.78303e-11
           4.58      1.8729e-07     1.78212e-11
            4.6     1.87302e-07     1.78188e-11
           4.62     1.87319e-07     1.78104e-11
           4.64     1.87351e-07     1.77984e-11
           4.66     1.87385e-07     1.77866e-11
           4.68     1.87419e-07     1.77747e-11
            4.7     1.87452e-07      1.7763e-11
           4.72     1.87484e-07      1.7752e-11
           4.74     1.87514e-07     1.77417e-11
           4.76     1.87545e-07     1.77307e-11
           4.78     1.87575e-07     1.77202e-11
            4.8     1.87607e-07      1.7709e-11
           4.82     1.87639e-07     1.76977e-11
           4.84     1.87672e-07     1.76863e-11
           4.86     1.87705e-07     1.76747e-11
           4.88     1.87739e-07      1.7663e-11
            4.9     1.87772e-07     1.76517e-11
           4.92     1.87802e-07     1.76421e-11
           4.94     1.87828e-07     1.76338e-11
           4.96     1.87847e-07     1.76281e-11
           4.98      1.8786e-07     1.76247e-11
              5      1.8787e-07     1.76216e-11
           5.02     1.87884e-07     1.76175e-11
           5.04     1.87905e-07     1.76124e-11
           5.06     1.87936e-07     1.76081e-11
           5.08     1.87978e-07     1.76072e-11
            5.1     1.88044e-07     1.76124e-11
           5.12     1.88155e-07     1.76305e-11
           5.14     1.88347e-07     1.76702e-11
           5.16      1.8868e-07     1.77466e-11
           5.18     1.89244e-07     1.78818e-11
            5.2     1.90157e-07     1.81035e-11
           5.22     1.91559e-07     1.84404e-11
           5.24     1.93606e-07     1.89184e-11
           5.26     1.96449e-07     1.95475e-11
           5.28     2.00186e-07      2.0309e-11
            5.3     2.04874e-07     2.11611e-11
           5.32     2.10435e-07     2.20378e-11
           5.34     2.16686e-07     2.28621e-11
           5.36      2.2336e-07     2.35654e-11
           5.38     2.30136e-07     2.41084e-11
            5.4     2.36654e-07     2.44797e-11
           5.42     2.42599e-07     2.46978e-11
           5.44     2.47741e-07     2.47975e-11
           5.46     2.51968e-07     2.48222e-11
           5.48     2.55257e-07     2.48094e-11
            5.5     2.57696e-07     2.47798e-11
           5.52     2.59419e-07     2.47481e-11
           5.54      2.6058e-07     2.47188e-11
           5.56     2.61328e-07     2.46923e-11
           5.58       2.618e-07     2.46671e-11
            5.6     2.62092e-07     2.46419e-11
           5.62     2.62274e-07     2.46168e-11
           5.64     2.62392e-07     2.45924e-11
           5.66     2.62476e-07     2.45677e-11
           5.68     2.62546e-07     2.45423e-11
            5.7     2.62606e-07     2.45171e-11
           5.72     2.62663e-07     2.44917e-11
           5.74     2.62718e-07     2.44668e-11
           5.76     2.62768e-07     2.44439e-11
           5.78     2.62815e-07     2.44217e-11
            5.8     2.62864e-07     2.43987e-11
           5.82     2.62911e-07     2.43773e-11
           5.84     2.62955e-07     2.43567e-11
           5.86     2.62996e-07      2.4338e-11
           5.88     2.63029e-07     2.43237e-11
            5.9     2.63048e-07     2.43161e-11
           5.92     2.63053e-07     2.43154e-11
           5.94     2.63053e-07     2.43154e-11
           5.96     2.63053e-07     2.43154e-11
           5.98     2.63053e-07     2.43155e-11
              6     2.63053e-07     2.43155e-11
           6.02     2.63053e-07     2.43155e-11
           6.04     2.63053e-07     2.43154e-11
           6.06     2.63059e-07     2.43114e-11
           6.08      2.6308e-07     2.43003e-11
            6.1      2.6311e-07     2.42864e-11
           6.12     2.63142e-07     2.42713e-11
           6.14     2.63175e-07     2.42564e-11
           6.16     2.63205e-07     2.42427e-11
           6.18     2.63233e-07     2.42297e-11
            6.2     2.63263e-07     2.42161e-11
           6.22     2.63292e-07     2.42028e-11
           6.24     2.63323e-07     2.41884e-11
           6.26     2.63355e-07     2.41734e-11
           6.28     2.63389e-07     2.41576e-11
            6.3     2.63424e-07     2.41418e-11
           6.32      2.6346e-07     2.41249e-11
           6.34     2.63497e-07     2.41082e-11
           6.36     2.63534e-07     2.40908e-11
           6.38     2.63574e-07     2.40727e-11
            6.4     2.63613e-07     2.40545e-11
           6.42     2.63654e-07     2.40357e-11
           6.44     2.63698e-07     2.40155e-11
           6.46     2.63742e-07     2.39954e-11
           6.48     2.63787e-07     2.39742e-11
            6.5     2.63833e-07     2.39538e-11
           6.52     2.63877e-07     2.39335e-11
           6.54     2.63922e-07     2.39126e-11
           6.56      2.6397e-07     2.38906e-11
           6.58     2.64018e-07      2.3869e-11
            6.6     2.64066e-07     2.38468e-11
           6.62     2.64115e-07     2.38241e-11
           6.64     2.64166e-07     2.38009e-11
           6.66     2.64214e-07     2.37792e-11
           6.68      2.6426e-07     2.37588e-11
            6.7     2.64303e-07     2.37398e-11
           6.72     2.64343e-07      2.3721e-11
           6.74     2.64383e-07     2.37032e-11
           6.76     2.64421e-07     2.36862e-11
           6.78     2.64458e-07     2.36696e-11
            6.8     2.64492e-07      2.3654e-11
           6.82     2.64525e-07     2.36394e-11
           6.84     2.64555e-07     2.36263e-11
           6.86     2.64581e-07     2.36145e-11
           6.88     2.64606e-07     2.36033e-11
            6.9     2.64629e-07     2.35932e-11
           6.92      2.6465e-07     2.35842e-11
           6.94     2.64669e-07     2.35757e-11
           6.96     2.64686e-07     2.35686e-11
           6.98     2.64699e-07      2.3563e-11
              7     2.64709e-07     2.35588e-11
           7.02     2.64718e-07      2.3555e-11
           7.04     2.64725e-07     2.35517e-11
           7.06     2.64732e-07      2.3549e-11
           7.08     2.64737e-07     2.35467e-11
            7.1     2.64741e-07     2.35449e-11
           7.12     2.64745e-07     2.35437e-11
           7.14     2.64747e-07     2.35429e-11
           7.16     2.64747e-07     2.35427e-11
           7.18     2.64747e-07     2.35428e-11
            7.2     2.64747e-07     2.35428e-11
           7.22     2.64747e-07     2.35428e-11
           7.24     2.64747e-07     2.35429e-11
           7.26     2.64747e-07     2.35429e-11
           7.28     2.64747e-07      2.3543e-11
            7.3     2.64747e-07      2.3543e-11
           7.32     2.64747e-07     2.35431e-11
           7.34     2.64747e-07     2.35431e-11
           7.36     2.64747e-07     2.35431e-11
           7.38     2.64747e-07     2.35432e-11
            7.4     2.64747e-07     2.35432e-11
           7.42     2.64747e-07     2.35432e-11
           7.44     2.64747e-07     2.35433e-11
           7.46     2.64747e-07     2.35433e-11
           7.48     2.64747e-07     2.35433e-11
            7.5     2.64747e-07     2.35434e-11
           7.52     2.64747e-07     2.35434e-11
           7.54     2.64747e-07     2.35434e-11
           7.56     2.64748e-07     2.35434e-11
           7.58      2.6475e-07     2.35433e-11
            7.6     2.64762e-07     2.35428e-11
           7.62     2.64799e-07     2.35422e-11
           7.64      2.6491e-07     2.35413e-11
           7.66     2.65209e-07     2.35422e-11
           7.68     2.65913e-07      2.3553e-11
            7.7     2.67372e-07     2.35888e-11
           7.72     2.70035e-07     2.36723e-11
           7.74     2.74303e-07     2.38025e-11
           7.76     2.80345e-07     2.39383e-11
           7.78     2.87906e-07     2.39955e-11
            7.8     2.96211e-07     2.39067e-11
           7.82     3.04257e-07     2.36614e-11
           7.84     3.11139e-07     2.33286e-11
           7.86     3.16329e-07     2.30188e-11
           7.88     3.19774e-07     2.27997e-11
            7.9     3.21799e-07     2.26777e-11
           7.92      3.2284e-07     2.26246e-11
           7.94     3.23313e-07     2.26058e-11
           7.96     3.23502e-07     2.26014e-11
           7.98     3.23571e-07      2.2601e-11
              8     3.23593e-07     2.26012e-11
           8.02     3.23599e-07     2.26014e-11
           8.04       3.236e-07     2.26015e-11
           8.06       3.236e-07     2.26015e-11
           8.08       3.236e-07     2.26016e-11
            8.1       3.236e-07     2.26015e-11
           8.12       3.236e-07     2.26013e-11
           8.14     3.23601e-07     2.26011e-11
           8.16     3.23601e-07     2.26007e-11
           8.18     3.23602e-07        2.26e-11
            8.2     3.23603e-07     2.25994e-11
           8.22     3.23604e-07     2.25988e-11
           8.24     3.23605e-07     2.25979e-11
           8.26     3.23607e-07     2.25969e-11
           8.28     3.23608e-07     2.25958e-11
            8.3      3.2361e-07     2.25948e-11
           8.32     3.23611e-07     2.25937e-11
           8.34     3.23613e-07     2.25923e-11
           8.36     3.23616e-07     2.25908e-11
           8.38     3.23618e-07     2.25893e-11
            8.4      3.2362e-07     2.25876e-11
           8.42     3.23623e-07      2.2586e-11
           8.44     3.23625e-07     2.25844e-11
           8.46     3.23628e-07     2.25824e-11
           8.48     3.23631e-07     2.25806e-11
            8.5     3.23634e-07     2.25786e-11
           8.52     3.23637e-07     2.25764e-11
           8.54     3.23641e-07     2.25741e-11
           8.56     3.23644e-07     2.25718e-11
           8.58     3.23648e-07     2.25692e-11
            8.6     3.23652e-07     2.25664e-11
           8.62     3.23657e-07     2.25634e-11
           8.64     3.23661e-07     2.25608e-11
           8.66     3.23665e-07     2.25579e-11
           8.68      3.2367e-07     2.25548e-11
            8.7     3.23674e-07     2.25518e-11
           8.72     3.23679e-07     2.25486e-11
           8.74     3.23684e-07     2.25457e-11
           8.76     3.23688e-07     2.25431e-11
           8.78     3.23692e-07     2.25401e-11
            8.8     3.23697e-07     2.25369e-11
           8.82     3.23702e-07     2.25338e-11
           8.84     3.23707e-07     2.25306e-11
           8.86     3.23711e-07     2.25276e-11
           8.88     3.23716e-07     2.25245e-11
            8.9     3.23721e-07     2.25214e-11
           8.92     3.23726e-07      2.2518e-11
           8.94     3.23731e-07     2.25152e-11
           8.96     3.23735e-07     2.25121e-11
           8.98      3.2374e-07     2.25088e-11
              9     3.23746e-07     2.25048e-11
           9.02     3.23752e-07     2.25014e-11
           9.04     3.23757e-07     2.24978e-11
           9.06     3.23763e-07     2.24938e-11
           9.08     3.23769e-07     2.24899e-11
            9.1     3.23775e-07     2.24859e-11
           9.12     3.23782e-07     2.24819e-11
           9.14     3.23787e-07     2.24781e-11
           9.16     3.23794e-07     2.24742e-11
           9.18       3.238e-07     2.24704e-11
            9.2     3.23805e-07     2.24668e-11
           9.22     3.23811e-07     2.24632e-11
           9.24     3.23817e-07      2.2459e-11
           9.26     3.23824e-07     2.24549e-11
           9.28      3.2383e-07     2.24507e-11
            9.3     3.23836e-07     2.24469e-11
           9.32     3.23842e-07     2.24434e-11
           9.34     3.23848e-07     2.24389e-11
           9.36     3.23855e-07     2.24349e-11
           9.38     3.23861e-07      2.2431e-11
            9.4     3.23867e-07     2.24274e-11
           9.42     3.23872e-07      2.2424e-11
           9.44     3.23878e-07     2.24197e-11
           9.46     3.23886e-07     2.24153e-11
           9.48     3.23891e-07     2.24119e-11
            9.5     3.23897e-07     2.24082e-11
           9.52     3.23903e-07     2.24044e-11
           9.54     3.23908e-07     2.24008e-11
           9.56     3.23914e-07     2.23971e-11
           9.58      3.2392e-07     2.23936e-11
            9.6     3.23926e-07       2.239e-11
           9.62     3.23931e-07     2.23866e-11
           9.64     3.23936e-07     2.23834e-11
           9.66     3.23941e-07       2.238e-11
           9.68     3.23946e-07     2.23772e-11
            9.7      3.2395e-07     2.23748e-11
           9.72     3.23955e-07     2.23719e-11
           9.74     3.23959e-07     2.23687e-11
           9.76     3.23964e-07     2.23661e-11
           9.78     3.23968e-07     2.23634e-11
            9.8     3.23972e-07     2.23606e-11
           9.82     3.23977e-07     2.23581e-11
           9.84      3.2398e-07      2.2356e-11
           9.86     3.23983e-07     2.23544e-11
           9.88     3.23986e-07     2.23527e-11
            9.9     3.23988e-07     2.23513e-11
           9.92      3.2399e-07     2.23501e-11
           9.94     3.23992e-07     2.23492e-11
           9.96     3.23993e-07     2.23486e-11
           9.98     3.23994e-07     2.23481e-11
             10     3.23994e-07     2.23478e-11
          10.02               0               0
          10.04               0               0
          10.06               0               0
          10.08               0               0
           10.1               0               0
          10.12               0               0
          10.14               0               0
          10.16               0               0
          10.18               0               0
           10.2               0               0
          10.22               0               0
          10.24               0               0
          10.26               0               0
          10.28               0               0
           10.3               0               0
          10.32               0               0
          10.34               0               0
          10.36               0               0
          10.38               0               0
           10.4               0               0
          10.42               0               0
          10.44               0               0
          10.46               0               0
          10.48               0               0
           10.5               0               0
          10.52               0               0
          10.54               0               0
          10.56               0               0
          10.58               0               0
           10.6               0               0
          10.62               0               0
          10.64               0               0
          10.66               0               0
          10.68               0               0
           10.7               0               0
          10.72               0               0
          10.74               0               0
          10.76               0               0
          10.78               0               0
           10.8               0               0
          10.82               0               0
          10.84               0               0
          10.86               0               0
          10.88               0               0
           10.9               0               0
          10.92               0               0
          10.94               0               0
          10.96               0               0
          10.98               0               0
             11               0               0
          11.02               0               0
          11.04               0               0
          11.06               0               0
          11.08               0               0
           11.1               0               0
          11.12               0               0
          11.14               0               0
          11.16               0               0
          11.18               0               0
           11.2               0               0
          11.22               0               0
          11.24               0               0
          11.26               0               0
          11.28               0               0
           11.3               0               0
          11.32               0               0
          11.34               0               0
          11.36               0               0
          11.38               0               0
           11.4               0               0
          11.42               0               0
          11.44               0               0
          11.46               0               0
          11.48               0               0
           11.5               0               0
          11.52               0               0
          11.54               0               0
          11.56               0               0
          11.58               0               0
           11.6               0               0
          11.62               0               0
          11.64               0               0
          11.66               0               0
          11.68               0               0
           11.7               0               0
          11.72               0               0
          11.74               0               0
          11.76               0               0
          11.78               0               0
           11.8               0               0
          11.82               0               0
          11.84               0               0
          11.86               0               0
          11.88               0               0
           11.9               0               0
          11.92               0               0
          11.94               0               0
          11.96               0               0
          11.98               0               0
             12               0               0
          12.02               0               0
          12.04               0               0
          12.06               0               0
          12.08               0               0
           12.1               0               0
          12.12               0               0
          12.14               0               0
          12.16               0               0
          12.18               0               0
           12.2               0               0
          12.22               0               0
          12.24               0               0
          12.26               0               0
          12.28               0               0
           12.3               0               0
          12.32               0               0
          12.34               0               0
          12.36               0               0
          12.38               0               0
           12.4               0               0
          12.42               0               0
          12.44               0               0
          12.46               0               0
          12.48               0               0
           12.5               0               0
          12.52               0               0
          12.54               0               0
          12.56               0               0
          12.58               0               0
           12.6               0               0
          12.62               0               0
          12.64               0               0
          12.66               0               0
          12.68               0               0
           12.7               0               0
          12.72               0               0
          12.74               0               0
          12.76               0               0
          12.78               0               0
           12.8               0               0
          12.82               0               0
          12.84               0               0
          12.86               0               0
          12.88               0               0
           12.9               0               0
          12.92               0               0
          12.94               0               0
          12.96               0               0
          12.98               0               0
             13               0               0
          13.02               0               0
          13.04               0               0
          13.06               0               0
          13.08               0               0
           13.1               0               0
          13.12               0               0
          13.14               0               0
          13.16               0               0
          13.18               0               0
           13.2               0               0
          13.22               0               0
          13.24               0               0
          13.26               0               0
          13.28               0               0
           13.3               0               0
          13.32               0               0
          13.34               0               0
          13.36               0               0
          13.38               0               0
           13.4               0               0
          13.42               0               0
          13.44               0               0
          13.46               0               0
          13.48               0               0
           13.5               0               0
          13.52               0               0
          13.54               0               0
          13.56               0               0
          13.58               0               0
           13.6               0               0
          13.62               0               0
          13.64               0               0
          13.66               0               0
          13.68               0               0
           13.7               0               0
          13.72               0               0
          13.74               0               0
          13.76               0               0
          13.78               0               0
           13.8               0               0
          13.82               0               0
          13.84               0               0
          13.86               0               0
          13.88               0               0
           13.9               0               0
          13.92               0               0
          13.94               0               0
          13.96               0               0
          13.98               0               0
             14               0               0
          14.02               0               0
          14.04               0               0
          14.06               0               0
          14.08               0               0
           14.1               0               0
          14.12               0               0
          14.14               0               0
          14.16               0               0
          14.18               0               0
           14.2               0               0
          14.22               0               0
          14.24               0               0
          14.26               0               0
          14.28               0               0
           14.3               0               0
          14.32               0               0
          14.34               0               0
          14.36               0               0
          14.38               0               0
           14.4               0               0
          14.42               0               0
          14.44               0               0
          14.46               0               0
          14.48               0               0
           14.5               0               0
          14.52               0               0
          14.54               0               0
          14.56               0               0
          14.58               0               0
           14.6               0               0
          14.62               0               0
          14.64               0               0
          14.66               0               0
          14.68               0               0
           14.7               0               0
          14.72               0               0
          14.74               0               0
          14.76               0               0
          14.78               0               0
           14.8               0               0
          14.82               0               0
          14.84               0               0
          14.86               0               0
          14.88               0               0
           14.9               0               0
          14.92               0               0
          14.94               0               0
          14.96               0               0
          14.98               0               0
             15               0               0
          15.02               0               0
          15.04               0               0
          15.06               0               0
          15.08               0               0
           15.1               0               0
          15.12               0               0
          15.14               0               0
          15.16               0               0
          15.18               0               0
           15.2               0               0
          15.22               0               0
          15.24               0               0
          15.26               0               0
          15.28               0               0
           15.3               0               0
          15.32               0               0
          15.34               0               0
          15.36               0               0
          15.38               0               0
           15.4               0               0
          15.42               0               0
          15.44               0               0
          15.46               0               0
          15.48               0               0
           15.5               0               0
          15.52               0               0
          15.54               0               0
          15.56               0               0
          15.58               0               0
           15.6               0               0
          15.62               0               0
          15.64               0               0
          15.66               0               0
          15.68               0               0
           15.7               0               0
          15.72               0               0
          15.74               0               0
          15.76               0               0
          15.78               0               0
           15.8               0               0
          15.82               0               0
          15.84               0               0
          15.86               0               0
          15.88               0               0
           15.9               0               0
          15.92               0               0
          15.94               0               0
          15.96               0               0
          15.98               0               0
             16               0               0
          16.02               0               0
          16.04               0               0
          16.06               0               0
          16.08               0               0
           16.1               0               0
          16.12               0               0
          16.14               0               0
          16.16               0               0
          16.18               0               0
           16.2               0               0
          16.22               0               0
          16.24               0               0
          16.26               0               0
          16.28               0               0
           16.3               0               0
          16.32               0               0
          16.34               0               0
          16.36               0               0
          16.38               0               0
           16.4               0               0
          16.42               0               0
          16.44               0               0
          16.46               0               0
          16.48               0               0
           16.5               0               0
          16.52               0               0
          16.54               0               0
          16.56               0               0
          16.58               0               0
           16.6               0               0
          16.62               0               0
          16.64               0               0
          16.66               0               0
          16.68               0               0
           16.7               0               0
          16.72               0               0
          16.74               0               0
          16.76               0               0
          16.78               0               0
           16.8               0               0
          16.82               0               0
          16.84               0               0
          16.86               0               0
          16.88               0               0
           16.9               0               0
          16.92               0               0
          16.94               0               0
          16.96               0               0
          16.98               0               0
             17               0               0
          17.02               0               0
          17.04               0               0
          17.06               0               0
          17.08               0               0
           17.1               0               0
          17.12               0               0
          17.14               0               0
          17.16               0               0
          17.18               0               0
           17.2               0               0
          17.22               0               0
          17.24               0               0
          17.26               0               0
          17.28               0               0
           17.3               0               0
          17.32               0               0
          17.34               0               0
          17.36               0               0
          17.38               0               0
           17.4               0               0
          17.42               0               0
          17.44               0               0
          17.46               0               0
          17.48               0               0
           17.5               0               0
          17.52               0               0
          17.54               0               0
          17.56               0               0
          17.58               0               0
           17.6               0               0
          17.62               0               0
          17.64               0               0
          17.66               0               0
          17.68               0               0
           17.7               0               0
          17.72               0               0
          17.74               0               0
          17.76               0               0
          17.78               0               0
           17.8               0               0
          17.82               0               0
          17.84               0               0
          17.86               0               0
          17.88               0               0
           17.9               0               0
          17.92               0               0
          17.94               0               0
          17.96               0               0
          17.98               0               0
             18               0               0
          18.02               0               0
          18.04               0               0
          18.06               0               0
          18.08               0               0
           18.1               0               0
          18.12               0               0
          18.14               0               0
          18.16               0               0
          18.18               0               0
           18.2               0               0
          18.22               0               0
          18.24               0               0
          18.26               0               0
          18.28               0               0
           18.3               0               0
          18.32               0               0
          18.34               0               0
          18.36               0               0
          18.38               0               0
           18.4               0               0
          18.42               0               0
          18.44               0               0
          18.46               0               0
          18.48               0               0
           18.5               0               0
          18.52               0               0
          18.54               0               0
          18.56               0               0
          18.58               0               0
           18.6               0               0
          18.62               0               0
          18.64               0               0
          18.66               0               0
          18.68               0               0
           18.7               0               0
          18.72               0               0
          18.74               0               0
          18.76               0               0
          18.78               0               0
           18.8               0               0
          18.82               0               0
          18.84               0               0
          18.86               0               0
          18.88               0               0
           18.9               0               0
          18.92               0               0
          18.94               0               0
          18.96               0               0
          18.98               0               0
             19               0               0
          19.02               0               0
          19.04               0               0
          19.06               0               0
          19.08               0               0
           19.1               0               0
          19.12               0               0
          19.14               0               0
          19.16               0               0
          19.18               0               0
           19.2               0               0
          19.22               0               0
          19.24               0               0
          19.26               0               0
          19.28               0               0
           19.3               0               0
          19.32               0               0
          19.34               0               0
          19.36               0               0
          19.38               0               0
           19.4               0               0
          19.42               0               0
          19.44               0               0
          19.46               0               0
          19.48               0               0
           19.5               0               0
          19.52               0               0
          19.54               0               0
          19.56               0               0
          19.58               0               0
           19.6               0               0
          19.62               0               0
          19.64               0               0
          19.66               0               0
          19.68               0               0
           19.7               0               0
          19.72               0               0
          19.74               0               0
          19.76               0               0
          19.78               0               0
           19.8               0               0
          19.82               0               0
          19.84               0               0
          19.86               0               0
          19.88               0               0
           19.9               0               0
          19.92               0               0
          19.94               0               0
          19.96               0               0
          19.98               0               0
             20               0               0
          20.02               0               0

Source_00  1000  20
              0               0               0
           0.02               0               0
           0.04               0               0
           0.06               0               0
           0.08               0               0
            0.1               0               0
           0.12               0               0
           0.14               0               0
           0.16               0               0
           0.18               0               0
            0.2               0               0
           0.22               0               0
           0.24               0               0
           0.26               0               0
           0.28               0               0
            0.3               0               0
           0.32               0               0
           0.34               0               0
           0.36               0               0
           0.38               0               0
            0.4               0               0
           0.42               0               0
           0.44               0               0
           0.46               0               0
           0.48               0               0
            0.5               0               0
           0.52               0               0
           0.54               0               0
           0.56               0               0
           0.58               0               0
            0.6               0               0
           0.62               0               0
           0.64               0               0
           0.66               0               0
           0.68               0               0
            0.7               0               0
           0.72               0               0
           0.74               0               0
           0.76               0               0
           0.78               0               0
            0.8               0               0
           0.82               0               0
           0.84               0               0
           0.86               0               0
           0.88               0               0
            0.9               0               0
           0.92               0               0
           0.94               0               0
           0.96               0               0
           0.98               0               0
              1               0               0
           1.02               0               0
           1.04               0               0
           1.06               0               0
           1.08               0               0
            1.1               0               0
           1.12               0               0
           1.14               0               0
           1.16               0               0
           1.18               0               0
            1.2               0               0
           1.22               0               0
           1.24               0               0
           1.26               0               0
           1.28               0               0
            1.3               0               0
           1.32               0               0
           1.34               0               0
           1.36               0               0
           1.38               0               0
            1.4               0               0
           1.42               0               0
           1.44               0               0
           1.46               0               0
           1.48               0               0
            1.5               0               0
           1.52               0               0
           1.54               0               0
           1.56               0               0
           1.58               0               0
            1.6               0               0
           1.62               0               0
           1.64               0               0
           1.66               0               0
           1.68               0               0
            1.7               0               0
           1.72               0               0
           1.74               0               0
           1.76               0               0
           1.78               0               0
            1.8               0               0
           1.82               0               0
           1.84               0               0
           1.86               0               0
           1.88               0               0
            1.9               0               0
           1.92               0               0
           1.94               0               0
           1.96               0               0
           1.98               0               0
              2               0               0
           2.02               0               0
           2.04               0               0
           2.06               0               0
           2.08               0               0
            2.1               0               0
           2.12               0               0
           2.14               0               0
           2.16               0               0
           2.18               0               0
            2.2               0               0
           2.22               0               0
           2.24               0               0
           2.26               0               0
           2.28               0               0
            2.3               0               0
           2.32               0               0
           2.34               0               0
           2.36               0               0
           2.38               0               0
            2.4               0               0
           2.42               0               0
           2.44               0               0
           2.46               0               0
           2.48               0               0
            2.5               0               0
           2.52               0               0
           2.54               0               0
           2.56               0               0
           2.58               0               0
            2.6               0               0
           2.62               0               0
           2.64               0               0
           2.66               0               0
           2.68               0               0
            2.7               0               0
           2.72               0               0
           2.74               0               0
           2.76               0               0
           2.78               0               0
            2.8               0               0
           2.82               0               0
           2.84               0               0
           2.86               0               0
           2.88               0               0
            2.9               0               0
           2.92               0               0
           2.94               0               0
           2.96               0               0
           2.98               0               0
              3               0               0
           3.02               0               0
           3.04               0               0
           3.06               0               0
           3.08               0               0
            3.1               0               0
           3.12               0               0
           3.14               0               0
           3.16               0               0
           3.18               0               0
            3.2               0               0
           3.22               0               0
           3.24               0               0
           3.26               0               0
           3.28               0               0
            3.3               0               0
           3.32               0               0
           3.34               0               0
           3.36               0               0
           3.38               0               0
            3.4               0               0
           3.42               0               0
           3.44               0               0
           3.46               0               0
           3.48               0               0
            3.5               0               0
           3.52               0               0
           3.54               0               0
           3.56               0               0
           3.58               0               0
            3.6               0               0
           3.62               0               0
           3.64               0               0
           3.66               0               0
           3.68               0               0
            3.7               0               0
           3.72               0               0
           3.74               0               0
           3.76               0               0
           3.78               0               0
            3.8               0               0
           3.82               0               0
           3.84               0               0
           3.86               0               0
           3.88               0               0
            3.9               0               0
           3.92               0               0
           3.94               0               0
           3.96               0               0
           3.98               0               0
              4               0               0
           4.02               0               0
           4.04               0               0
           4.06               0               0
           4.08               0               0
            4.1               0               0
           4.12               0               0
           4.14               0               0
           4.16               0               0
           4.18               0               0
            4.2               0               0
           4.22               0               0
           4.24               0               0
           4.26               0               0
           4.28               0               0
            4.3               0               0
           4.32               0               0
           4.34               0               0
           4.36               0               0
           4.38               0               0
            4.4               0               0
           4.42               0               0
           4.44               0               0
           4.46               0               0
           4.48               0               0
            4.5               0               0
           4.52               0               0
           4.54               0               0
           4.56               0               0
           4.58               0               0
            4.6               0               0
           4.62               0               0
           4.64               0               0
           4.66               0               0
           4.68               0               0
            4.7               0               0
           4.72               0               0
           4.74               0               0
           4.76               0               0
           4.78               0               0
            4.8               0               0
           4.82               0               0
           4.84               0               0
           4.86               0               0
           4.88               0               0
            4.9               0               0
           4.92               0               0
           4.94               0               0
           4.96               0               0
           4.98               0               0
              5               0               0
           5.02               0               0
           5.04               0               0
           5.06               0               0
           5.08               0               0
            5.1               0               0
           5.12               0               0
           5.14               0               0
           5.16               0               0
           5.18               0               0
            5.2               0               0
           5.22               0               0
           5.24               0               0
           5.26               0               0
           5.28               0               0
            5.3               0               0
           5.32               0               0
           5.34               0               0
           5.36               0               0
           5.38               0               0
            5.4               0               0
           5.42               0               0
           5.44               0               0
           5.46               0               0
           5.48               0               0
            5.5               0               0
           5.52               0               0
           5.54               0               0
           5.56               0               0
           5.58               0               0
            5.6               0               0
           5.62               0               0
           5.64               0               0
           5.66               0               0
           5.68               0               0
            5.7               0               0
           5.72               0               0
           5.74               0               0
           5.76               0               0
           5.78               0               0
            5.8               0               0
           5.82               0               0
           5.84               0               0
           5.86               0               0
           5.88               0               0
            5.9               0               0
           5.92               0               0
           5.94               0               0
           5.96               0               0
           5.98               0               0
              6               0               0
           6.02               0               0
           6.04               0               0
           6.06               0               0
           6.08               0               0
            6.1               0               0
           6.12               0               0
           6.14               0               0
           6.16               0               0
           6.18               0               0
            6.2               0               0
           6.22               0               0
           6.24               0               0
           6.26               0               0
           6.28               0               0
            6.3               0               0
           6.32               0               0
           6.34               0               0
           6.36               0               0
           6.38               0               0
            6.4               0               0
           6.42               0               0
           6.44               0               0
           6.46               0               0
           6.48               0               0
            6.5               0               0
           6.52               0               0
           6.54               0               0
           6.56               0               0
           6.58               0               0
            6.6               0               0
           6.62               0               0
           6.64               0               0
           6.66               0               0
           6.68               0               0
            6.7               0               0
           6.72               0               0
           6.74               0               0
           6.76               0               0
           6.78               0               0
            6.8               0               0
           6.82               0               0
           6.84               0               0
           6.86               0               0
           6.88               0               0
            6.9               0               0
           6.92               0               0
           6.94               0               0
           6.96               0               0
           6.98               0               0
              7               0               0
           7.02               0               0
           7.04               0               0
           7.06               0               0
           7.08               0               0
            7.1               0               0
           7.12               0               0
           7.14               0               0
           7.16               0               0
           7.18               0               0
            7.2               0               0
           7.22               0               0
           7.24               0               0
           7.26               0               0
           7.28               0               0
            7.3               0               0
           7.32               0               0
           7.34               0               0
           7.36               0               0
           7.38               0               0
            7.4               0               0
           7.42               0               0
           7.44               0               0
           7.46               0               0
           7.48               0               0
            7.5               0               0
           7.52               0               0
           7.54               0               0
           7.56               0               0
           7.58               0               0
            7.6               0               0
           7.62               0               0
           7.64               0               0
           7.66               0               0
           7.68               0               0
            7.7               0               0
           7.72               0               0
           7.74               0               0
           7.76               0               0
           7.78               0               0
            7.8               0               0
           7.82               0               0
           7.84               0               0
           7.86               0               0
           7.88               0               0
            7.9               0               0
           7.92               0               0
           7.94               0               0
           7.96               0               0
           7.98               0               0
              8               0               0
           8.02               0               0
           8.04               0               0
           8.06               0               0
           8.08               0               0
            8.1               0               0
           8.12               0               0
           8.14               0               0
           8.16               0               0
           8.18               0               0
            8.2               0               0
           8.22               0               0
           8.24               0               0
           8.26               0               0
           8.28               0               0
            8.3               0               0
           8.32               0               0
           8.34               0               0
           8.36               0               0
           8.38               0               0
            8.4               0               0
           8.42               0               0
           8.44               0               0
           8.46               0               0
           8.48               0               0
            8.5               0               0
           8.52               0               0
           8.54               0               0
           8.56               0               0
           8.58               0               0
            8.6               0               0
           8.62               0               0
           8.64               0               0
           8.66               0               0
           8.68               0               0
            8.7               0               0
           8.72               0               0
           8.74               0               0
           8.76               0               0
           8.78               0               0
            8.8               0               0
           8.82               0               0
           8.84               0               0
           8.86               0               0
           8.88               0               0
            8.9               0               0
           8.92               0               0
           8.94               0               0
           8.96               0               0
           8.98               0               0
              9               0               0
           9.02               0               0
           9.04               0               0
           9.06               0               0
           9.08               0               0
            9.1               0               0
           9.12               0               0
           9.14               0               0
           9.16               0               0
           9.18               0               0
            9.2               0               0
           9.22               0               0
           9.24               0               0
           9.26               0               0
           9.28               0               0
            9.3               0               0
           9.32               0               0
           9.34               0               0
           9.36               0               0
           9.38               0               0
            9.4               0               0
           9.42               0               0
           9.44               0               0
           9.46               0               0
           9.48               0               0
            9.5               0               0
           9.52               0               0
           9.54               0               0
           9.56               0               0
           9.58               0               0
            9.6               0               0
           9.62               0               0
           9.64               0               0
           9.66               0               0
           9.68               0               0
            9.7               0               0
           9.72               0               0
           9.74               0               0
           9.76               0               0
           9.78               0               0
            9.8               0               0
           9.82               0               0
           9.84               0               0
           9.86               0               0
           9.88               0               0
            9.9               0               0
           9.92               0               0
           9.94               0               0
           9.96               0               0
           9.98               0               0
             10               0               0
          10.02               1     0.000316228
          10.04               0               0
          10.06               0               0
          10.08               0               0
           10.1               0               0
          10.12               0               0
          10.14               0               0
          10.16               0               0
          10.18               0               0
           10.2               0               0
          10.22               0               0
          10.24               0               0
          10.26               0               0
          10.28               0               0
           10.3               0               0
          10.32               0               0
          10.34               0               0
          10.36               0               0
          10.38               0               0
           10.4               0               0
          10.42               0               0
          10.44               0               0
          10.46               0               0
          10.48               0               0
           10.5               0               0
          10.52               0               0
          10.54               0               0
          10.56               0               0
          10.58               0               0
           10.6               0               0
          10.62               0               0
          10.64               0               0
          10.66               0               0
          10.68               0               0
           10.7               0               0
          10.72               0               0
          10.74               0               0
          10.76               0               0
          10.78               0               0
           10.8               0               0
          10.82               0               0
          10.84               0               0
          10.86               0               0
          10.88               0               0
           10.9               0               0
          10.92               0               0
          10.94               0               0
          10.96               0               0
          10.98               0               0
             11               0               0
          11.02               0               0
          11.04               0               0
          11.06               0               0
          11.08               0               0
           11.1               0               0
          11.12               0               0
          11.14               0               0
          11.16               0               0
          11.18               0               0
           11.2               0               0
          11.22               0               0
          11.24               0               0
          11.26               0               0
          11.28               0               0
           11.3               0               0
          11.32               0               0
          11.34               0               0
          11.36               0               0
          11.38               0               0
           11.4               0               0
          11.42               0               0
          11.44               0               0
          11.46               0               0
          11.48               0               0
           11.5               0               0
          11.52               0               0
          11.54               0               0
          11.56               0               0
          11.58               0               0
           11.6               0               0
          11.62               0               0
          11.64               0               0
          11.66               0               0
          11.68               0               0
           11.7               0               0
          11.72               0               0
          11.74               0               0
          11.76               0               0
          11.78               0               0
           11.8               0               0
          11.82               0               0
          11.84               0               0
          11.86               0               0
          11.88               0               0
           11.9               0               0
          11.92               0               0
          11.94               0               0
          11.96               0               0
          11.98               0               0
             12               0               0
          12.02               0               0
          12.04               0               0
          12.06               0               0
          12.08               0               0
           12.1               0               0
          12.12               0               0
          12.14               0               0
          12.16               0               0
          12.18               0               0
           12.2               0               0
          12.22               0               0
          12.24               0               0
          12.26               0               0
          12.28               0               0
           12.3               0               0
          12.32               0               0
          12.34               0               0
          12.36               0               0
          12.38               0               0
           12.4               0               0
          12.42               0               0
          12.44               0               0
          12.46               0               0
          12.48               0               0
           12.5               0               0
          12.52               0               0
          12.54               0               0
          12.56               0               0
          12.58               0               0
           12.6               0               0
          12.62               0               0
          12.64               0               0
          12.66               0               0
          12.68               0               0
           12.7               0               0
          12.72               0               0
          12.74               0               0
          12.76               0               0
          12.78               0               0
           12.8               0               0
          12.82               0               0
          12.84               0               0
          12.86               0               0
          12.88               0               0
           12.9               0               0
          12.92               0               0
          12.94               0               0
          12.96               0               0
          12.98               0               0
             13               0               0
          13.02               0               0
          13.04               0               0
          13.06               0               0
          13.08               0               0
           13.1               0               0
          13.12               0               0
          13.14               0               0
          13.16               0               0
          13.18               0               0
           13.2               0               0
          13.22               0               0
          13.24               0               0
          13.26               0               0
          13.28               0               0
           13.3               0               0
          13.32               0               0
          13.34               0               0
          13.36               0               0
          13.38               0               0
           13.4               0               0
          13.42               0               0
          13.44               0               0
          13.46               0               0
          13.48               0               0
           13.5               0               0
          13.52               0               0
          13.54               0               0
          13.56               0               0
          13.58               0               0
           13.6               0               0
          13.62               0               0
          13.64               0               0
          13.66               0               0
          13.68               0               0
           13.7               0               0
          13.72               0               0
          13.74               0               0
          13.76               0               0
          13.78               0               0
           13.8               0               0
          13.82               0               0
          13.84               0               0
          13.86               0               0
          13.88               0               0
           13.9               0               0
          13.92               0               0
          13.94               0               0
          13.96               0               0
          13.98               0               0
             14               0               0
          14.02               0               0
          14.04               0               0
          14.06               0               0
          14.08               0               0
           14.1               0               0
          14.12               0               0
          14.14               0               0
          14.16               0               0
          14.18               0               0
           14.2               0               0
          14.22               0               0
          14.24               0               0
          14.26               0               0
          14.28               0               0
           14.3               0               0
          14.32               0               0
          14.34               0               0
          14.36               0               0
          14.38               0               0
           14.4               0               0
          14.42               0               0
          14.44               0               0
          14.46               0               0
          14.48               0               0
           14.5               0               0
          14.52               0               0
          14.54               0               0
          14.56               0               0
          14.58               0               0
           14.6               0               0
          14.62               0               0
          14.64               0               0
          14.66               0               0
          14.68               0               0
           14.7               0               0
          14.72               0               0
          14.74               0               0
          14.76               0               0
          14.78               0               0
           14.8               0               0
          14.82               0               0
          14.84               0               0
          14.86               0               0
          14.88               0               0
           14.9               0               0
          14.92               0               0
          14.94               0               0
          14.96               0               0
          14.98               0               0
             15               0               0
          15.02               0               0
          15.04               0               0
          15.06               0               0
          15.08               0               0
           15.1               0               0
          15.12               0               0
          15.14               0               0
          15.16               0               0
          15.18               0               0
           15.2               0               0
          15.22               0               0
          15.24               0               0
          15.26               0               0
          15.28               0               0
           15.3               0               0
          15.32               0               0
          15.34               0               0
          15.36               0               0
          15.38               0               0
           15.4               0               0
          15.42               0               0
          15.44               0               0
          15.46               0               0
          15.48               0               0
           15.5               0               0
          15.52               0               0
          15.54               0               0
          15.56               0               0
          15.58               0               0
           15.6               0               0
          15.62               0               0
          15.64               0               0
          15.66               0               0
          15.68               0               0
           15.7               0               0
          15.72               0               0
          15.74               0               0
          15.76               0               0
          15.78               0               0
           15.8               0               0
          15.82               0               0
          15.84               0               0
          15.86               0               0
          15.88               0               0
           15.9               0               0
          15.92               0               0
          15.94               0               0
          15.96               0               0
          15.98               0               0
             16               0               0
          16.02               0               0
          16.04               0               0
          16.06               0               0
          16.08               0               0
           16.1               0               0
          16.12               0               0
          16.14               0               0
          16.16               0               0
          16.18               0               0
           16.2               0               0
          16.22               0               0
          16.24               0               0
          16.26               0               0
          16.28               0               0
           16.3               0               0
          16.32               0               0
          16.34               0               0
          16.36               0               0
          16.38               0               0
           16.4               0               0
          16.42               0               0
          16.44               0               0
          16.46               0               0
          16.48               0               0
           16.5               0               0
          16.52               0               0
          16.54               0               0
          16.56               0               0
          16.58               0               0
           16.6               0               0
          16.62               0               0
          16.64               0               0
          16.66               0               0
          16.68               0               0
           16.7               0               0
          16.72               0               0
          16.74               0               0
          16.76               0               0
          16.78               0               0
           16.8               0               0
          16.82               0               0
          16.84               0               0
          16.86               0               0
          16.88               0               0
           16.9               0               0
          16.92               0               0
          16.94               0               0
          16.96               0               0
          16.98               0               0
             17               0               0
          17.02               0               0
          17.04               0               0
          17.06               0               0
          17.08               0               0
           17.1               0               0
          17.12               0               0
          17.14               0               0
          17.16               0               0
          17.18               0               0
           17.2               0               0
          17.22               0               0
          17.24               0               0
          17.26               0               0
          17.28               0               0
           17.3               0               0
          17.32               0               0
          17.34               0               0
          17.36               0               0
          17.38               0               0
           17.4               0               0
          17.42               0               0
          17.44               0               0
          17.46               0               0
          17.48               0               0
           17.5               0               0
          17.52               0               0
          17.54               0               0
          17.56               0               0
          17.58               0               0
           17.6               0               0
          17.62               0               0
          17.64               0               0
          17.66               0               0
          17.68               0               0
           17.7               0               0
          17.72               0               0
          17.74               0               0
          17.76               0               0
          17.78               0               0
           17.8               0               0
          17.82               0               0
          17.84               0               0
          17.86               0               0
          17.88               0               0
           17.9               0               0
          17.92               0               0
          17.94               0               0
          17.96               0               0
          17.98               0               0
             18               0               0
          18.02               0               0
          18.04               0               0
          18.06               0               0
          18.08               0               0
           18.1               0               0
          18.12               0               0
          18.14               0               0
          18.16               0               0
          18.18               0               0
           18.2               0               0
          18.22               0               0
          18.24               0               0
          18.26               0               0
          18.28               0               0
           18.3               0               0
          18.32               0               0
          18.34               0               0
          18.36               0               0
          18.38               0               0
           18.4               0               0
          18.42               0               0
          18.44               0               0
          18.46               0               0
          18.48               0               0
           18.5               0               0
          18.52               0               0
          18.54               0               0
          18.56               0               0
          18.58               0               0
           18.6               0               0
          18.62               0               0
          18.64               0               0
          18.66               0               0
          18.68               0               0
           18.7               0               0
          18.72               0               0
          18.74               0               0
          18.76               0               0
          18.78               0               0
           18.8               0               0
          18.82               0               0
          18.84               0               0
          18.86               0               0
          18.88               0               0
           18.9               0               0
          18.92               0               0
          18.94               0               0
          18.96               0               0
          18.98               0               0
             19               0               0
          19.02               0               0
          19.04               0               0
          19.06               0               0
          19.08               0               0
           19.1               0               0
          19.12               0               0
          19.14               0               0
          19.16               0               0
          19.18               0               0
           19.2               0               0
          19.22               0               0
          19.24               0               0
          19.26               0               0
          19.28               0               0
           19.3               0               0
          19.32               0               0
          19.34               0               0
          19.36               0               0
          19.38               0               0
           19.4               0               0
          19.42               0               0
          19.44               0               0
          19.46               0               0
          19.48               0               0
           19.5               0               0
          19.52               0               0
          19.54               0               0
          19.56               0               0
          19.58               0               0
           19.6               0               0
          19.62               0               0
          19.64               0               0
          19.66               0               0
          19.68               0               0
           19.7               0               0
          19.72               0               0
          19.74               0               0
          19.76               0               0
          19.78               0               0
           19.8               0               0
          19.82               0               0
          19.84               0               0
          19.86               0               0
          19.88               0               0
           19.9               0               0
          19.92               0               0
          19.94               0               0
          19.96               0               0
          19.98               0               0
             20               0               0
          20.02               0               0

