NSpec_Sample  1000  20
              0     2.34814e-05     4.87767e-08
           0.02     1.28456e-07     3.61614e-09
           0.04     2.20801e-07     4.74125e-09
           0.06     2.76745e-07     5.30757e-09
           0.08     3.29407e-07     5.78915e-09
            0.1     3.63299e-07     6.07896e-09
           0.12     3.80323e-07     6.21923e-09
           0.14     3.92056e-07     6.31391e-09
           0.16     4.23603e-07     6.56324e-09
           0.18     4.31428e-07     6.62355e-09
            0.2     4.49636e-07     6.76115e-09
           0.22     4.42123e-07     6.70374e-09
           0.24     4.58647e-07     6.82753e-09
           0.26     4.50029e-07     6.76247e-09
           0.28     4.49049e-07     6.75461e-09
            0.3     4.60202e-07     6.83857e-09
           0.32     4.53697e-07     6.78776e-09
           0.34     4.65203e-07     6.87426e-09
           0.36     4.49979e-07     6.76019e-09
           0.38     4.58545e-07     6.82371e-09
            0.4     4.68795e-07     6.89878e-09
           0.42     4.66468e-07     6.88093e-09
           0.44     4.44853e-07     6.71888e-09
           0.46     4.33806e-07     6.63504e-09
           0.48     4.40221e-07     6.68332e-09
            0.5      4.2039e-07     6.53067e-09
           0.52     4.15691e-07      6.4938e-09
           0.54      4.0314e-07     6.39361e-09
           0.56     3.93961e-07     6.32079e-09
           0.58     3.68864e-07     6.11572e-09
            0.6     3.78996e-07     6.19827e-09
           0.62     3.68291e-07     6.10874e-09
           0.64      3.7298e-07     6.14774e-09
           0.66     3.51147e-07     5.96469e-09
           0.68     3.53627e-07     5.98527e-09
            0.7     3.34946e-07     5.82467e-09
           0.72     3.29446e-07     5.77636e-09
           0.74     3.17203e-07      5.6681e-09
           0.76     3.01838e-07     5.52845e-09
           0.78     3.00297e-07     5.51412e-09
            0.8     2.97813e-07     5.48984e-09
           0.82     2.88079e-07      5.3992e-09
           0.84     2.86289e-07     5.38269e-09
           0.86     2.80898e-07      5.3315e-09
           0.88     2.63421e-07     5.16227e-09
            0.9     2.61403e-07      5.1425e-09
           0.92     2.49536e-07     5.02411e-09
           0.94     2.45693e-07     4.98527e-09
           0.96     2.45688e-07     4.98414e-09
           0.98     2.30226e-07     4.82483e-09
              1     2.22818e-07     4.74629e-09
           1.02     2.20933e-07     4.72546e-09
           1.04      2.0323e-07     4.53201e-09
           1.06     2.04525e-07     4.54622e-09
           1.08      1.9491e-07     4.43789e-09
            1.1     1.99549e-07      4.4903e-09
           1.12     1.82153e-07      4.2899e-09
           1.14     1.78473e-07     4.24582e-09
           1.16     1.73703e-07     4.18841e-09
           1.18     1.67253e-07     4.11009e-09
            1.2     1.60489e-07     4.02616e-09
           1.22     1.52898e-07     3.92958e-09
           1.24     1.48307e-07     3.86952e-09
           1.26     1.44567e-07     3.82035e-09
           1.28     1.37377e-07     3.72384e-09
            1.3      1.3068e-07     3.63145e-09
           1.32     1.28144e-07     3.59585e-09
           1.34     1.27983e-07     3.59417e-09
           1.36     1.21169e-07     3.49644e-09
           1.38     1.09474e-07     3.32356e-09
            1.4     1.14383e-07     3.39672e-09
           1.42     1.06389e-07     3.27549e-09
           1.44     9.79284e-08     3.14271e-09
           1.46     9.42739e-08     3.08313e-09
           1.48      9.3261e-08     3.06644e-09
            1.5     8.90309e-08     2.99616e-09
           1.52      8.3157e-08     2.89519e-09
           1.54     7.88429e-08     2.81945e-09
           1.56     7.68863e-08      2.7835e-09
           1.58     6.87265e-08     2.63171e-09
            1.6     7.17627e-08     2.68945e-09
           1.62     6.70136e-08      2.5987e-09
           1.64     6.41672e-08     2.54242e-09
           1.66     6.93911e-08     2.64362e-09
           1.68     5.88054e-08     2.43341e-09
            1.7     5.64832e-08     2.38475e-09
           1.72      5.5361e-08     2.36062e-09
           1.74     5.16483e-08     2.28035e-09
           1.76     5.26433e-08     2.30195e-09
           1.78     4.71287e-08     2.17854e-09
            1.8     4.11568e-08     2.03509e-09
           1.82     4.18658e-08     2.05265e-09
           1.84     3.93468e-08     1.98987e-09
           1.86     3.98461e-08     2.00236e-09
           1.88     3.75361e-08     1.94356e-09
            1.9     3.58243e-08      1.8987e-09
           1.92     3.60162e-08     1.90353e-09
           1.94     2.97737e-08     1.73058e-09
           1.96     3.05813e-08     1.75397e-09
           1.98     2.83611e-08     1.68889e-09
              2     2.96626e-08     1.72703e-09
           2.02      2.5142e-08     1.59013e-09
           2.04      2.5639e-08     1.60559e-09
           2.06     2.70539e-08     1.64952e-09
           2.08     2.27157e-08     1.51103e-09
            2.1     2.35193e-08     1.53751e-09
           2.12     2.09129e-08     1.45006e-09
           2.14     2.18101e-08     1.48057e-09
           2.16     1.81954e-08     1.35246e-09
           2.18      2.0601e-08     1.43884e-09
            2.2     1.72877e-08     1.31818e-09
           2.22     1.61734e-08     1.27465e-09
           2.24     1.53771e-08     1.24317e-09
           2.26     1.65729e-08      1.2902e-09
           2.28     1.45607e-08     1.20921e-09
            2.3     1.42596e-08     1.19664e-09
           2.32     1.49617e-08     1.22571e-09
           2.34     1.09466e-08      1.0485e-09
           2.36     1.25487e-08     1.12239e-09
           2.38     1.06369e-08     1.03315e-09
            2.4     1.00426e-08     1.00427e-09
           2.42     8.22866e-09     9.08706e-10
           2.44     8.92863e-09     9.46436e-10
           2.46     6.42274e-09     8.02845e-10
           2.48     8.02684e-09     8.97431e-10
            2.5     8.93207e-09       9.468e-10
           2.52     5.72056e-09     7.57709e-10
           2.54     6.22184e-09     7.90178e-10
           2.56     5.81537e-09     7.63597e-10
           2.58     6.02174e-09     7.77405e-10
            2.6     5.51625e-09     7.43813e-10
           2.62      5.4165e-09     7.37094e-10
           2.64     3.80913e-09     6.17923e-10
           2.66     3.81109e-09     6.18243e-10
           2.68     4.60979e-09     6.79678e-10
            2.7     4.21005e-09     6.49626e-10
           2.72     4.41105e-09     6.64992e-10
           2.74     2.60835e-09     5.11541e-10
           2.76     3.20917e-09     5.67309e-10
           2.78     2.60471e-09     5.10825e-10
            2.8     3.00645e-09     5.48902e-10
           2.82      2.1045e-09     4.59241e-10
           2.84      2.4045e-09     4.90818e-10
           2.86     2.70632e-09     5.20832e-10
           2.88      1.4036e-09     3.75129e-10
            2.9     1.50261e-09     3.87973e-10
           2.92     1.30255e-09     3.61262e-10
           2.94     1.00236e-09     3.16976e-10
           2.96     1.10184e-09     3.32217e-10
           2.98     1.30224e-09     3.61176e-10
              3     1.10229e-09     3.32354e-10
           3.02     3.00619e-10     1.73563e-10
           3.04     4.00633e-10     2.00317e-10
           3.06     1.10247e-09     3.32407e-10
           3.08     6.01471e-10      2.4555e-10
            3.1     7.01239e-10     2.65044e-10
           3.12     5.00956e-10     2.24035e-10
           3.14     1.00006e-10     1.00006e-10
           3.16     4.00352e-10     2.00176e-10
           3.18     5.01061e-10     2.24081e-10
            3.2     2.00344e-10     1.41665e-10
           3.22     5.01135e-10     2.24115e-10
           3.24     1.00227e-10     1.00227e-10
           3.26               0               0
           3.28     3.00174e-10     1.73306e-10
            3.3     1.00442e-10     1.00442e-10
           3.32               0               0
           3.34               0               0
           3.36               0               0
           3.38               0               0
            3.4               0               0
           3.42               0               0
           3.44               0               0
           3.46               0               0
           3.48               0               0
            3.5               0               0
           3.52               0               0
           3.54               0               0
           3.56               0               0
           3.58               0               0
            3.6               0               0
           3.62               0               0
           3.64               0               0
           3.66               0               0
           3.68               0               0
            3.7               0               0
           3.72               0               0
           3.74               0               0
           3.76               0               0
           3.78               0               0
            3.8               0               0
           3.82               0               0
           3.84               0               0
           3.86               0               0
           3.88               0               0
            3.9               0               0
           3.92               0               0
           3.94               0               0
           3.96               0               0
           3.98               0               0
              4               0               0
           4.02               0               0
           4.04               0               0
           4.06               0               0
           4.08               0               0
            4.1               0               0
           4.12               0               0
           4.14               0               0
           4.16               0               0
           4.18               0               0
            4.2               0               0
           4.22               0               0
           4.24               0               0
           4.26               0               0
           4.28               0               0
            4.3               0               0
           4.32               0               0
           4.34               0               0
           4.36               0               0
           4.38               0               0
            4.4               0               0
           4.42               0               0
           4.44               0               0
           4.46               0               0
           4.48               0               0
            4.5               0               0
           4.52               0               0
           4.54               0               0
           4.56               0               0
           4.58               0               0
            4.6               0               0
           4.62               0               0
           4.64               0               0
           4.66               0               0
           4.68               0               0
            4.7               0               0
           4.72               0               0
           4.74               0               0
           4.76               0               0
           4.78               0               0
            4.8               0               0
           4.82               0               0
           4.84               0               0
           4.86               0               0
           4.88               0               0
            4.9               0               0
           4.92               0               0
           4.94               0               0
           4.96               0               0
           4.98               0               0
              5               0               0
           5.02               0               0
           5.04               0               0
           5.06               0               0
           5.08               0               0
            5.1               0               0
           5.12               0               0
           5.14               0               0
           5.16               0               0
           5.18               0               0
            5.2               0               0
           5.22               0               0
           5.24               0               0
           5.26               0               0
           5.28               0               0
            5.3               0               0
           5.32               0               0
           5.34               0               0
           5.36               0               0
           5.38               0               0
            5.4               0               0
           5.42               0               0
           5.44               0               0
           5.46               0               0
           5.48               0               0
            5.5               0               0
           5.52               0               0
           5.54               0               0
           5.56               0               0
           5.58               0               0
            5.6               0               0
           5.62               0               0
           5.64               0               0
           5.66               0               0
           5.68               0               0
            5.7               0               0
           5.72               0               0
           5.74               0               0
           5.76               0               0
           5.78               0               0
            5.8               0               0
           5.82               0               0
           5.84               0               0
           5.86               0               0
           5.88               0               0
            5.9               0               0
           5.92               0               0
           5.94               0               0
           5.96               0               0
           5.98               0               0
              6               0               0
           6.02               0               0
           6.04               0               0
           6.06               0               0
           6.08               0               0
            6.1               0               0
           6.12               0               0
           6.14               0               0
           6.16               0               0
           6.18               0               0
            6.2               0               0
           6.22               0               0
           6.24               0               0
           6.26               0               0
           6.28               0               0
            6.3               0               0
           6.32               0               0
           6.34               0               0
           6.36               0               0
           6.38               0               0
            6.4               0               0
           6.42               0               0
           6.44               0               0
           6.46               0               0
           6.48               0               0
            6.5               0               0
           6.52               0               0
           6.54               0               0
           6.56               0               0
           6.58               0               0
            6.6               0               0
           6.62               0               0
           6.64               0               0
           6.66               0               0
           6.68               0               0
            6.7               0               0
           6.72               0               0
           6.74               0               0
           6.76               0               0
           6.78               0               0
            6.8               0               0
           6.82               0               0
           6.84               0               0
           6.86               0               0
           6.88               0               0
            6.9               0               0
           6.92               0               0
           6.94               0               0
           6.96               0               0
           6.98               0               0
              7               0               0
           7.02               0               0
           7.04               0               0
           7.06               0               0
           7.08               0               0
            7.1               0               0
           7.12               0               0
           7.14               0               0
           7.16               0               0
           7.18               0               0
            7.2               0               0
           7.22               0               0
           7.24               0               0
           7.26               0               0
           7.28               0               0
            7.3               0               0
           7.32               0               0
           7.34               0               0
           7.36               0               0
           7.38               0               0
            7.4               0               0
           7.42               0               0
           7.44               0               0
           7.46               0               0
           7.48               0               0
            7.5               0               0
           7.52               0               0
           7.54               0               0
           7.56               0               0
           7.58               0               0
            7.6               0               0
           7.62               0               0
           7.64               0               0
           7.66               0               0
           7.68               0               0
            7.7               0               0
           7.72               0               0
           7.74               0               0
           7.76               0               0
           7.78               0               0
            7.8               0               0
           7.82               0               0
           7.84               0               0
           7.86               0               0
           7.88               0               0
            7.9               0               0
           7.92               0               0
           7.94               0               0
           7.96               0               0
           7.98               0               0
              8               0               0
           8.02               0               0
           8.04               0               0
           8.06               0               0
           8.08               0               0
            8.1               0               0
           8.12               0               0
           8.14               0               0
           8.16               0               0
           8.18               0               0
            8.2               0               0
           8.22               0               0
           8.24               0               0
           8.26               0               0
           8.28               0               0
            8.3               0               0
           8.32               0               0
           8.34               0               0
           8.36               0               0
           8.38               0               0
            8.4               0               0
           8.42               0               0
           8.44               0               0
           8.46               0               0
           8.48               0               0
            8.5               0               0
           8.52               0               0
           8.54               0               0
           8.56               0               0
           8.58               0               0
            8.6               0               0
           8.62               0               0
           8.64               0               0
           8.66               0               0
           8.68               0               0
            8.7               0               0
           8.72               0               0
           8.74               0               0
           8.76               0               0
           8.78               0               0
            8.8               0               0
           8.82               0               0
           8.84               0               0
           8.86               0               0
           8.88               0               0
            8.9               0               0
           8.92               0               0
           8.94               0               0
           8.96               0               0
           8.98               0               0
              9               0               0
           9.02               0               0
           9.04               0               0
           9.06               0               0
           9.08               0               0
            9.1               0               0
           9.12               0               0
           9.14               0               0
           9.16               0               0
           9.18               0               0
            9.2               0               0
           9.22               0               0
           9.24               0               0
           9.26               0               0
           9.28               0               0
            9.3               0               0
           9.32               0               0
           9.34               0               0
           9.36               0               0
           9.38               0               0
            9.4               0               0
           9.42               0               0
           9.44               0               0
           9.46               0               0
           9.48               0               0
            9.5               0               0
           9.52               0               0
           9.54               0               0
           9.56               0               0
           9.58               0               0
            9.6               0               0
           9.62               0               0
           9.64               0               0
           9.66               0               0
           9.68               0               0
            9.7               0               0
           9.72               0               0
           9.74               0               0
           9.76               0               0
           9.78               0               0
            9.8               0               0
           9.82               0               0
           9.84               0               0
           9.86               0               0
           9.88               0               0
            9.9               0               0
           9.92               0               0
           9.94               0               0
           9.96               0               0
           9.98               0               0
             10               0               0
          10.02               0               0
          10.04               0               0
          10.06               0               0
          10.08               0               0
           10.1               0               0
          10.12               0               0
          10.14               0               0
          10.16               0               0
          10.18               0               0
           10.2               0               0
          10.22               0               0
          10.24               0               0
          10.26               0               0
          10.28               0               0
           10.3               0               0
          10.32               0               0
          10.34               0               0
          10.36               0               0
          10.38               0               0
           10.4               0               0
          10.42               0               0
          10.44               0               0
          10.46               0               0
          10.48               0               0
           10.5               0               0
          10.52               0               0
          10.54               0               0
          10.56               0               0
          10.58               0               0
           10.6               0               0
          10.62               0               0
          10.64               0               0
          10.66               0               0
          10.68               0               0
           10.7               0               0
          10.72               0               0
          10.74               0               0
          10.76               0               0
          10.78               0               0
           10.8               0               0
          10.82               0               0
          10.84               0               0
          10.86               0               0
          10.88               0               0
           10.9               0               0
          10.92               0               0
          10.94               0               0
          10.96               0               0
          10.98               0               0
             11               0               0
          11.02               0               0
          11.04               0               0
          11.06               0               0
          11.08               0               0
           11.1               0               0
          11.12               0               0
          11.14               0               0
          11.16               0               0
          11.18               0               0
           11.2               0               0
          11.22               0               0
          11.24               0               0
          11.26               0               0
          11.28               0               0
           11.3               0               0
          11.32               0               0
          11.34               0               0
          11.36               0               0
          11.38               0               0
           11.4               0               0
          11.42               0               0
          11.44               0               0
          11.46               0               0
          11.48               0               0
           11.5               0               0
          11.52               0               0
          11.54               0               0
          11.56               0               0
          11.58               0               0
           11.6               0               0
          11.62               0               0
          11.64               0               0
          11.66               0               0
          11.68               0               0
           11.7               0               0
          11.72               0               0
          11.74               0               0
          11.76               0               0
          11.78               0               0
           11.8               0               0
          11.82               0               0
          11.84               0               0
          11.86               0               0
          11.88               0               0
           11.9               0               0
          11.92               0               0
          11.94               0               0
          11.96               0               0
          11.98               0               0
             12               0               0
          12.02               0               0
          12.04               0               0
          12.06               0               0
          12.08               0               0
           12.1               0               0
          12.12               0               0
          12.14               0               0
          12.16               0               0
          12.18               0               0
           12.2               0               0
          12.22               0               0
          12.24               0               0
          12.26               0               0
          12.28               0               0
           12.3               0               0
          12.32               0               0
          12.34               0               0
          12.36               0               0
          12.38               0               0
           12.4               0               0
          12.42               0               0
          12.44               0               0
          12.46               0               0
          12.48               0               0
           12.5               0               0
          12.52               0               0
          12.54               0               0
          12.56               0               0
          12.58               0               0
           12.6               0               0
          12.62               0               0
          12.64               0               0
          12.66               0               0
          12.68               0               0
           12.7               0               0
          12.72               0               0
          12.74               0               0
          12.76               0               0
          12.78               0               0
           12.8               0               0
          12.82               0               0
          12.84               0               0
          12.86               0               0
          12.88               0               0
           12.9               0               0
          12.92               0               0
          12.94               0               0
          12.96               0               0
          12.98               0               0
             13               0               0
          13.02               0               0
          13.04               0               0
          13.06               0               0
          13.08               0               0
           13.1               0               0
          13.12               0               0
          13.14               0               0
          13.16               0               0
          13.18               0               0
           13.2               0               0
          13.22               0               0
          13.24               0               0
          13.26               0               0
          13.28               0               0
           13.3               0               0
          13.32               0               0
          13.34               0               0
          13.36               0               0
          13.38               0               0
           13.4               0               0
          13.42               0               0
          13.44               0               0
          13.46               0               0
          13.48               0               0
           13.5               0               0
          13.52               0               0
          13.54               0               0
          13.56               0               0
          13.58               0               0
           13.6               0               0
          13.62               0               0
          13.64               0               0
          13.66               0               0
          13.68               0               0
           13.7               0               0
          13.72               0               0
          13.74               0               0
          13.76               0               0
          13.78               0               0
           13.8               0               0
          13.82               0               0
          13.84               0               0
          13.86               0               0
          13.88               0               0
           13.9               0               0
          13.92               0               0
          13.94               0               0
          13.96               0               0
          13.98               0               0
             14               0               0
          14.02               0               0
          14.04               0               0
          14.06               0               0
          14.08               0               0
           14.1               0               0
          14.12               0               0
          14.14               0               0
          14.16               0               0
          14.18               0               0
           14.2               0               0
          14.22               0               0
          14.24               0               0
          14.26               0               0
          14.28               0               0
           14.3               0               0
          14.32               0               0
          14.34               0               0
          14.36               0               0
          14.38               0               0
           14.4               0               0
          14.42               0               0
          14.44               0               0
          14.46               0               0
          14.48               0               0
           14.5               0               0
          14.52               0               0
          14.54               0               0
          14.56               0               0
          14.58               0               0
           14.6               0               0
          14.62               0               0
          14.64               0               0
          14.66               0               0
          14.68               0               0
           14.7               0               0
          14.72               0               0
          14.74               0               0
          14.76               0               0
          14.78               0               0
           14.8               0               0
          14.82               0               0
          14.84               0               0
          14.86               0               0
          14.88               0               0
           14.9               0               0
          14.92               0               0
          14.94               0               0
          14.96               0               0
          14.98               0               0
             15               0               0
          15.02               0               0
          15.04               0               0
          15.06               0               0
          15.08               0               0
           15.1               0               0
          15.12               0               0
          15.14               0               0
          15.16               0               0
          15.18               0               0
           15.2               0               0
          15.22               0               0
          15.24               0               0
          15.26               0               0
          15.28               0               0
           15.3               0               0
          15.32               0               0
          15.34               0               0
          15.36               0               0
          15.38               0               0
           15.4               0               0
          15.42               0               0
          15.44               0               0
          15.46               0               0
          15.48               0               0
           15.5               0               0
          15.52               0               0
          15.54               0               0
          15.56               0               0
          15.58               0               0
           15.6               0               0
          15.62               0               0
          15.64               0               0
          15.66               0               0
          15.68               0               0
           15.7               0               0
          15.72               0               0
          15.74               0               0
          15.76               0               0
          15.78               0               0
           15.8               0               0
          15.82               0               0
          15.84               0               0
          15.86               0               0
          15.88               0               0
           15.9               0               0
          15.92               0               0
          15.94               0               0
          15.96               0               0
          15.98               0               0
             16               0               0
          16.02               0               0
          16.04               0               0
          16.06               0               0
          16.08               0               0
           16.1               0               0
          16.12               0               0
          16.14               0               0
          16.16               0               0
          16.18               0               0
           16.2               0               0
          16.22               0               0
          16.24               0               0
          16.26               0               0
          16.28               0               0
           16.3               0               0
          16.32               0               0
          16.34               0               0
          16.36               0               0
          16.38               0               0
           16.4               0               0
          16.42               0               0
          16.44               0               0
          16.46               0               0
          16.48               0               0
           16.5               0               0
          16.52               0               0
          16.54               0               0
          16.56               0               0
          16.58               0               0
           16.6               0               0
          16.62               0               0
          16.64               0               0
          16.66               0               0
          16.68               0               0
           16.7               0               0
          16.72               0               0
          16.74               0               0
          16.76               0               0
          16.78               0               0
           16.8               0               0
          16.82               0               0
          16.84               0               0
          16.86               0               0
          16.88               0               0
           16.9               0               0
          16.92               0               0
          16.94               0               0
          16.96               0               0
          16.98               0               0
             17               0               0
          17.02               0               0
          17.04               0               0
          17.06               0               0
          17.08               0               0
           17.1               0               0
          17.12               0               0
          17.14               0               0
          17.16               0               0
          17.18               0               0
           17.2               0               0
          17.22               0               0
          17.24               0               0
          17.26               0               0
          17.28               0               0
           17.3               0               0
          17.32               0               0
          17.34               0               0
          17.36               0               0
          17.38               0               0
           17.4               0               0
          17.42               0               0
          17.44               0               0
          17.46               0               0
          17.48               0               0
           17.5               0               0
          17.52               0               0
          17.54               0               0
          17.56               0               0
          17.58               0               0
           17.6               0               0
          17.62               0               0
          17.64               0               0
          17.66               0               0
          17.68               0               0
           17.7               0               0
          17.72               0               0
          17.74               0               0
          17.76               0               0
          17.78               0               0
           17.8               0               0
          17.82               0               0
          17.84               0               0
          17.86               0               0
          17.88               0               0
           17.9               0               0
          17.92               0               0
          17.94               0               0
          17.96               0               0
          17.98               0               0
             18               0               0
          18.02               0               0
          18.04               0               0
          18.06               0               0
          18.08               0               0
           18.1               0               0
          18.12               0               0
          18.14               0               0
          18.16               0               0
          18.18               0               0
           18.2               0               0
          18.22               0               0
          18.24               0               0
          18.26               0               0
          18.28               0               0
           18.3               0               0
          18.32               0               0
          18.34               0               0
          18.36               0               0
          18.38               0               0
           18.4               0               0
          18.42               0               0
          18.44               0               0
          18.46               0               0
          18.48               0               0
           18.5               0               0
          18.52               0               0
          18.54               0               0
          18.56               0               0
          18.58               0               0
           18.6               0               0
          18.62               0               0
          18.64               0               0
          18.66               0               0
          18.68               0               0
           18.7               0               0
          18.72               0               0
          18.74               0               0
          18.76               0               0
          18.78               0               0
           18.8               0               0
          18.82               0               0
          18.84               0               0
          18.86               0               0
          18.88               0               0
           18.9               0               0
          18.92               0               0
          18.94               0               0
          18.96               0               0
          18.98               0               0
             19               0               0
          19.02               0               0
          19.04               0               0
          19.06               0               0
          19.08               0               0
           19.1               0               0
          19.12               0               0
          19.14               0               0
          19.16               0               0
          19.18               0               0
           19.2               0               0
          19.22               0               0
          19.24               0               0
          19.26               0               0
          19.28               0               0
           19.3               0               0
          19.32               0               0
          19.34               0               0
          19.36               0               0
          19.38               0               0
           19.4               0               0
          19.42               0               0
          19.44               0               0
          19.46               0               0
          19.48               0               0
           19.5               0               0
          19.52               0               0
          19.54               0               0
          19.56               0               0
          19.58               0               0
           19.6               0               0
          19.62               0               0
          19.64               0               0
          19.66               0               0
          19.68               0               0
           19.7               0               0
          19.72               0               0
          19.74               0               0
          19.76               0               0
          19.78               0               0
           19.8               0               0
          19.82               0               0
          19.84               0               0
          19.86               0               0
          19.88               0               0
           19.9               0               0
          19.92               0               0
          19.94               0               0
          19.96               0               0
          19.98               0               0
             20               0               0
          20.02               0               0

AFlux_Sample  1000  20
              0               0               0
           0.02     1.03775e-07     5.24028e-12
           0.04     1.03771e-07       5.216e-12
           0.06     1.03769e-07     5.20649e-12
           0.08     1.03766e-07     5.19913e-12
            0.1     1.03765e-07     5.19502e-12
           0.12     1.03763e-07     5.19147e-12
           0.14     1.03762e-07     5.18912e-12
           0.16     1.03761e-07     5.18708e-12
           0.18      1.0376e-07     5.18578e-12
            0.2     1.03759e-07     5.18469e-12
           0.22     1.03759e-07     5.18394e-12
           0.24     1.03758e-07     5.18321e-12
           0.26     1.03758e-07     5.18257e-12
           0.28     1.03757e-07     5.18209e-12
            0.3     1.03757e-07     5.18169e-12
           0.32     1.03757e-07     5.18135e-12
           0.34     1.03756e-07     5.18116e-12
           0.36     1.03756e-07       5.181e-12
           0.38     1.03756e-07     5.18084e-12
            0.4     1.03756e-07     5.18073e-12
           0.42     1.03756e-07     5.18059e-12
           0.44     1.03756e-07     5.18053e-12
           0.46     1.03756e-07     5.18047e-12
           0.48     1.03755e-07     5.18041e-12
            0.5     1.03755e-07     5.18038e-12
           0.52     1.03755e-07     5.18034e-12
           0.54     1.03755e-07     5.18031e-12
           0.56     1.03755e-07     5.18029e-12
           0.58     1.03755e-07     5.18028e-12
            0.6     1.03755e-07     5.18027e-12
           0.62     1.03755e-07     5.18026e-12
           0.64     1.03755e-07     5.18026e-12
           0.66     1.03755e-07     5.18025e-12
           0.68     1.03755e-07     5.18025e-12
            0.7     1.03755e-07     5.18026e-12
           0.72     1.03755e-07     5.18026e-12
           0.74     1.03755e-07     5.18027e-12
           0.76     1.03755e-07     5.18028e-12
           0.78     1.03755e-07     5.18029e-12
            0.8     1.03755e-07     5.18031e-12
           0.82     1.03755e-07     5.18032e-12
           0.84     1.03755e-07     5.18035e-12
           0.86     1.03755e-07     5.18038e-12
           0.88     1.03756e-07     5.18042e-12
            0.9     1.03756e-07     5.18048e-12
           0.92     1.03756e-07     5.18055e-12
           0.94     1.03756e-07     5.18066e-12
           0.96     1.03756e-07     5.18082e-12
           0.98     1.03757e-07     5.18107e-12
              1     1.03758e-07     5.18138e-12
           1.02     1.03759e-07      5.1818e-12
           1.04      1.0376e-07     5.18245e-12
           1.06     1.03763e-07     5.18347e-12
           1.08     1.03766e-07     5.18489e-12
            1.1     1.03771e-07     5.18689e-12
           1.12     1.03778e-07     5.18977e-12
           1.14     1.03788e-07     5.19382e-12
           1.16     1.03801e-07     5.19951e-12
           1.18     1.03819e-07     5.20725e-12
            1.2     1.03844e-07     5.21779e-12
           1.22     1.03878e-07     5.23212e-12
           1.24     1.03924e-07     5.25132e-12
           1.26     1.03984e-07     5.27685e-12
           1.28     1.04062e-07     5.31031e-12
            1.3     1.04165e-07     5.35387e-12
           1.32     1.04297e-07     5.40967e-12
           1.34     1.04467e-07     5.48033e-12
           1.36     1.04683e-07     5.56978e-12
           1.38     1.04954e-07     5.67962e-12
            1.4     1.05291e-07     5.81311e-12
           1.42     1.05703e-07     5.97183e-12
           1.44     1.06207e-07     6.15834e-12
           1.46     1.06819e-07     6.37557e-12
           1.48     1.07547e-07     6.62027e-12
            1.5     1.08404e-07     6.89178e-12
           1.52     1.09405e-07     7.18741e-12
           1.54     1.10559e-07     7.50263e-12
           1.56     1.11873e-07     7.83079e-12
           1.58     1.13355e-07     8.16653e-12
            1.6     1.15008e-07      8.5021e-12
           1.62     1.16822e-07     8.82813e-12
           1.64     1.18791e-07     9.13648e-12
           1.66     1.20902e-07     9.41878e-12
           1.68     1.23147e-07     9.66915e-12
            1.7     1.25486e-07      9.8792e-12
           1.72     1.27902e-07     1.00445e-11
           1.74     1.30354e-07     1.01618e-11
           1.76     1.32809e-07     1.02291e-11
           1.78     1.35247e-07     1.02483e-11
            1.8     1.37621e-07      1.0222e-11
           1.82     1.39907e-07     1.01545e-11
           1.84     1.42064e-07     1.00539e-11
           1.86     1.44078e-07     9.92552e-12
           1.88     1.45934e-07     9.77888e-12
            1.9     1.47611e-07     9.62223e-12
           1.92      1.4911e-07     9.46314e-12
           1.94     1.50421e-07     9.30941e-12
           1.96     1.51554e-07     9.16595e-12
           1.98     1.52511e-07     9.03722e-12
              2     1.53316e-07     8.92475e-12
           2.02     1.53976e-07     8.83002e-12
           2.04      1.5451e-07     8.75198e-12
           2.06     1.54936e-07     8.69012e-12
           2.08     1.55266e-07     8.64243e-12
            2.1     1.55521e-07     8.60621e-12
           2.12     1.55712e-07     8.57987e-12
           2.14     1.55854e-07     8.56111e-12
           2.16     1.55956e-07     8.54795e-12
           2.18     1.56029e-07     8.53904e-12
            2.2      1.5608e-07     8.53314e-12
           2.22     1.56116e-07     8.52916e-12
           2.24      1.5614e-07     8.52666e-12
           2.26     1.56156e-07     8.52521e-12
           2.28     1.56166e-07     8.52433e-12
            2.3     1.56172e-07     8.52378e-12
           2.32     1.56177e-07     8.52343e-12
           2.34     1.56179e-07     8.52324e-12
           2.36     1.56181e-07     8.52314e-12
           2.38     1.56182e-07     8.52306e-12
            2.4     1.56182e-07       8.523e-12
           2.42     1.56183e-07     8.52296e-12
           2.44     1.56183e-07     8.52292e-12
           2.46     1.56183e-07     8.52289e-12
           2.48     1.56184e-07     8.52284e-12
            2.5     1.56184e-07     8.52281e-12
           2.52     1.56184e-07     8.52278e-12
           2.54     1.56184e-07     8.52274e-12
           2.56     1.56184e-07     8.52271e-12
           2.58     1.56185e-07     8.52269e-12
            2.6     1.56185e-07     8.52266e-12
           2.62     1.56185e-07     8.52264e-12
           2.64     1.56185e-07     8.52261e-12
           2.66     1.56185e-07     8.52258e-12
           2.68     1.56185e-07     8.52255e-12
            2.7     1.56186e-07     8.52253e-12
           2.72     1.56186e-07      8.5225e-12
           2.74     1.56186e-07     8.52248e-12
           2.76     1.56186e-07     8.52246e-12
           2.78     1.56186e-07     8.52242e-12
            2.8     1.56186e-07      8.5224e-12
           2.82     1.56187e-07     8.52238e-12
           2.84     1.56187e-07     8.52235e-12
           2.86     1.56187e-07     8.52233e-12
           2.88     1.56187e-07     8.52231e-12
            2.9     1.56187e-07     8.52228e-12
           2.92     1.56188e-07     8.52228e-12
           2.94     1.56188e-07     8.52227e-12
           2.96     1.56188e-07     8.52226e-12
           2.98     1.56188e-07     8.52223e-12
              3     1.56188e-07     8.52222e-12
           3.02     1.56188e-07     8.52221e-12
           3.04     1.56189e-07      8.5222e-12
           3.06     1.56189e-07     8.52218e-12
           3.08     1.56189e-07     8.52217e-12
            3.1     1.56189e-07     8.52217e-12
           3.12     1.56189e-07     8.52216e-12
           3.14      1.5619e-07     8.52216e-12
           3.16      1.5619e-07     8.52215e-12
           3.18      1.5619e-07     8.52215e-12
            3.2      1.5619e-07     8.52215e-12
           3.22      1.5619e-07     8.52215e-12
           3.24     1.56191e-07     8.52215e-12
           3.26     1.56191e-07     8.52215e-12
           3.28     1.56191e-07     8.52214e-12
            3.3     1.56191e-07     8.52214e-12
           3.32     1.56191e-07     8.52214e-12
           3.34     1.56192e-07     8.52214e-12
           3.36     1.56192e-07     8.52214e-12
           3.38     1.56192e-07     8.52214e-12
            3.4     1.56192e-07     8.52216e-12
           3.42     1.56192e-07     8.52217e-12
           3.44     1.56193e-07     8.52218e-12
           3.46     1.56193e-07     8.52219e-12
           3.48     1.56193e-07      8.5222e-12
            3.5     1.56193e-07     8.52222e-12
           3.52     1.56194e-07     8.52222e-12
           3.54     1.56194e-07     8.52224e-12
           3.56     1.56194e-07     8.52226e-12
           3.58     1.56194e-07     8.52227e-12
            3.6     1.56194e-07     8.52229e-12
           3.62     1.56195e-07     8.52231e-12
           3.64     1.56195e-07     8.52232e-12
           3.66     1.56195e-07     8.52234e-12
           3.68     1.56195e-07     8.52237e-12
            3.7     1.56196e-07      8.5224e-12
           3.72     1.56196e-07     8.52244e-12
           3.74     1.56196e-07     8.52247e-12
           3.76     1.56196e-07      8.5225e-12
           3.78     1.56196e-07     8.52252e-12
            3.8     1.56197e-07     8.52255e-12
           3.82     1.56197e-07     8.52257e-12
           3.84     1.56197e-07     8.52263e-12
           3.86     1.56198e-07     8.52269e-12
           3.88     1.56198e-07     8.52272e-12
            3.9     1.56198e-07     8.52275e-12
           3.92     1.56198e-07     8.52278e-12
           3.94     1.56198e-07     8.52283e-12
           3.96     1.56199e-07     8.52285e-12
           3.98     1.56199e-07     8.52293e-12
              4     1.56199e-07     8.52297e-12
           4.02     1.56199e-07     8.52304e-12
           4.04       1.562e-07     8.52309e-12
           4.06       1.562e-07     8.52314e-12
           4.08       1.562e-07      8.5232e-12
            4.1       1.562e-07     8.52325e-12
           4.12     1.56201e-07     8.52331e-12
           4.14     1.56201e-07     8.52336e-12
           4.16     1.56201e-07      8.5234e-12
           4.18     1.56201e-07     8.52346e-12
            4.2     1.56201e-07     8.52355e-12
           4.22     1.56202e-07     8.52361e-12
           4.24     1.56202e-07     8.52366e-12
           4.26     1.56202e-07     8.52371e-12
           4.28     1.56202e-07     8.52378e-12
            4.3     1.56203e-07     8.52383e-12
           4.32     1.56203e-07     8.52391e-12
           4.34     1.56203e-07     8.52398e-12
           4.36     1.56203e-07     8.52403e-12
           4.38     1.56203e-07      8.5241e-12
            4.4     1.56204e-07      8.5242e-12
           4.42     1.56204e-07     8.52428e-12
           4.44     1.56204e-07     8.52438e-12
           4.46     1.56204e-07     8.52446e-12
           4.48     1.56204e-07     8.52456e-12
            4.5     1.56205e-07     8.52468e-12
           4.52     1.56205e-07     8.52476e-12
           4.54     1.56205e-07     8.52487e-12
           4.56     1.56205e-07     8.52496e-12
           4.58     1.56206e-07     8.52511e-12
            4.6     1.56206e-07     8.52527e-12
           4.62     1.56207e-07     8.52562e-12
           4.64      1.5621e-07     8.52632e-12
           4.66     1.56215e-07     8.52802e-12
           4.68     1.56227e-07     8.53199e-12
            4.7     1.56253e-07     8.54071e-12
           4.72     1.56304e-07     8.55856e-12
           4.74     1.56404e-07     8.59441e-12
           4.76      1.5659e-07     8.66363e-12
           4.78     1.56916e-07     8.78693e-12
            4.8     1.57467e-07      8.9963e-12
           4.82     1.58351e-07     9.32834e-12
           4.84     1.59706e-07      9.8168e-12
           4.86     1.61687e-07     1.04826e-11
           4.88     1.64451e-07     1.13206e-11
            4.9     1.68126e-07     1.22889e-11
           4.92     1.72777e-07     1.33153e-11
           4.94     1.78384e-07     1.43057e-11
           4.96     1.84849e-07     1.51662e-11
           4.98     1.91937e-07     1.58149e-11
              5     1.99316e-07     1.61966e-11
           5.02     2.06644e-07     1.62953e-11
           5.04     2.13574e-07     1.61408e-11
           5.06     2.19825e-07     1.57907e-11
           5.08     2.25193e-07     1.53275e-11
            5.1     2.29575e-07     1.48329e-11
           5.12     2.32988e-07     1.43732e-11
           5.14      2.3551e-07     1.39916e-11
           5.16     2.37295e-07     1.37013e-11
           5.18     2.38501e-07     1.34968e-11
            5.2     2.39275e-07     1.33619e-11
           5.22     2.39752e-07     1.32756e-11
           5.24     2.40037e-07     1.32206e-11
           5.26     2.40203e-07     1.31842e-11
           5.28     2.40297e-07     1.31597e-11
            5.3     2.40352e-07      1.3139e-11
           5.32     2.40389e-07     1.31207e-11
           5.34     2.40415e-07     1.31048e-11
           5.36     2.40437e-07     1.30883e-11
           5.38     2.40456e-07     1.30732e-11
            5.4     2.40475e-07     1.30564e-11
           5.42     2.40495e-07     1.30391e-11
           5.44     2.40515e-07     1.30222e-11
           5.46     2.40534e-07     1.30059e-11
           5.48     2.40552e-07     1.29901e-11
            5.5     2.40571e-07     1.29737e-11
           5.52     2.40591e-07     1.29569e-11
           5.54     2.40609e-07     1.29408e-11
           5.56     2.40628e-07     1.29244e-11
           5.58     2.40648e-07     1.29076e-11
            5.6     2.40666e-07     1.28912e-11
           5.62     2.40685e-07     1.28751e-11
           5.64     2.40705e-07     1.28579e-11
           5.66     2.40725e-07     1.28409e-11
           5.68     2.40744e-07     1.28243e-11
            5.7     2.40763e-07     1.28073e-11
           5.72     2.40782e-07     1.27914e-11
           5.74     2.40801e-07     1.27746e-11
           5.76      2.4082e-07     1.27581e-11
           5.78     2.40839e-07     1.27418e-11
            5.8     2.40859e-07     1.27247e-11
           5.82     2.40879e-07      1.2707e-11
           5.84     2.40899e-07     1.26896e-11
           5.86     2.40919e-07     1.26721e-11
           5.88     2.40939e-07     1.26552e-11
            5.9     2.40958e-07     1.26385e-11
           5.92     2.40978e-07      1.2621e-11
           5.94     2.40998e-07     1.26038e-11
           5.96     2.41018e-07     1.25856e-11
           5.98     2.41039e-07     1.25675e-11
              6     2.41059e-07     1.25498e-11
           6.02      2.4108e-07     1.25319e-11
           6.04     2.41101e-07     1.25133e-11
           6.06     2.41122e-07      1.2495e-11
           6.08     2.41143e-07     1.24767e-11
            6.1     2.41165e-07     1.24578e-11
           6.12     2.41186e-07     1.24391e-11
           6.14     2.41208e-07     1.24207e-11
           6.16     2.41229e-07     1.24019e-11
           6.18     2.41251e-07     1.23831e-11
            6.2     2.41271e-07     1.23653e-11
           6.22     2.41292e-07     1.23471e-11
           6.24     2.41313e-07     1.23284e-11
           6.26     2.41334e-07     1.23105e-11
           6.28     2.41355e-07     1.22919e-11
            6.3     2.41375e-07     1.22746e-11
           6.32     2.41394e-07     1.22581e-11
           6.34     2.41412e-07     1.22423e-11
           6.36      2.4143e-07     1.22272e-11
           6.38     2.41447e-07     1.22121e-11
            6.4     2.41464e-07     1.21973e-11
           6.42      2.4148e-07      1.2183e-11
           6.44     2.41497e-07     1.21678e-11
           6.46     2.41516e-07     1.21511e-11
           6.48     2.41534e-07     1.21356e-11
            6.5     2.41553e-07     1.21187e-11
           6.52     2.41572e-07     1.21027e-11
           6.54     2.41589e-07     1.20872e-11
           6.56     2.41607e-07     1.20718e-11
           6.58     2.41624e-07     1.20569e-11
            6.6     2.41639e-07     1.20442e-11
           6.62     2.41652e-07     1.20327e-11
           6.64     2.41664e-07     1.20227e-11
           6.66     2.41673e-07     1.20155e-11
           6.68     2.41679e-07     1.20107e-11
            6.7     2.41683e-07     1.20082e-11
           6.72     2.41685e-07     1.20062e-11
           6.74     2.41687e-07     1.20044e-11
           6.76      2.4169e-07     1.20015e-11
           6.78     2.41694e-07     1.19977e-11
            6.8       2.417e-07     1.19923e-11
           6.82     2.41707e-07     1.19863e-11
           6.84     2.41715e-07     1.19796e-11
           6.86     2.41723e-07     1.19728e-11
           6.88      2.4173e-07     1.19667e-11
            6.9     2.41735e-07     1.19627e-11
           6.92     2.41739e-07     1.19596e-11
           6.94     2.41744e-07     1.19546e-11
           6.96     2.41752e-07     1.19474e-11
           6.98     2.41761e-07     1.19392e-11
              7     2.41771e-07     1.19307e-11
           7.02     2.41781e-07     1.19227e-11
           7.04      2.4179e-07     1.19149e-11
           7.06     2.41799e-07     1.19073e-11
           7.08     2.41807e-07     1.18999e-11
            7.1     2.41815e-07     1.18939e-11
           7.12     2.41821e-07     1.18885e-11
           7.14     2.41827e-07     1.18835e-11
           7.16     2.41832e-07     1.18793e-11
           7.18     2.41837e-07     1.18754e-11
            7.2     2.41841e-07     1.18716e-11
           7.22     2.41845e-07     1.18686e-11
           7.24     2.41849e-07     1.18656e-11
           7.26     2.41852e-07     1.18627e-11
           7.28     2.41856e-07     1.18595e-11
            7.3     2.41859e-07     1.18567e-11
           7.32     2.41863e-07     1.18538e-11
           7.34     2.41866e-07     1.18512e-11
           7.36     2.41869e-07     1.18493e-11
           7.38     2.41871e-07     1.18478e-11
            7.4     2.41872e-07     1.18469e-11
           7.42     2.41877e-07     1.18462e-11
           7.44     2.41889e-07      1.1847e-11
           7.46     2.41927e-07     1.18519e-11
           7.48     2.42036e-07     1.18685e-11
            7.5     2.42321e-07     1.19158e-11
           7.52     2.42985e-07     1.20328e-11
           7.54     2.44354e-07     1.22785e-11
           7.56     2.46854e-07     1.27162e-11
           7.58     2.50916e-07     1.33564e-11
            7.6     2.56759e-07     1.41067e-11
           7.62     2.64223e-07     1.47847e-11
           7.64     2.72682e-07     1.51963e-11
           7.66     2.81163e-07     1.52553e-11
           7.68     2.88715e-07     1.50211e-11
            7.7     2.94693e-07     1.46487e-11
           7.72     2.98891e-07     1.42954e-11
           7.74     3.01505e-07     1.40451e-11
           7.76     3.02959e-07     1.38949e-11
           7.78     3.03684e-07     1.38125e-11
            7.8     3.04014e-07      1.3763e-11
           7.82     3.04161e-07      1.3725e-11
           7.84     3.04234e-07     1.36895e-11
           7.86     3.04279e-07     1.36533e-11
           7.88     3.04314e-07     1.36198e-11
            7.9     3.04347e-07     1.35843e-11
           7.92      3.0438e-07     1.35495e-11
           7.94     3.04413e-07     1.35134e-11
           7.96     3.04446e-07     1.34783e-11
           7.98      3.0448e-07     1.34412e-11
              8     3.04514e-07      1.3404e-11
           8.02     3.04549e-07     1.33654e-11
           8.04     3.04584e-07      1.3327e-11
           8.06      3.0462e-07     1.32873e-11
           8.08     3.04657e-07     1.32468e-11
            8.1     3.04691e-07       1.321e-11
           8.12     3.04723e-07     1.31757e-11
           8.14     3.04752e-07     1.31435e-11
           8.16      3.0478e-07     1.31127e-11
           8.18     3.04806e-07     1.30836e-11
            8.2     3.04831e-07     1.30571e-11
           8.22     3.04854e-07      1.3031e-11
           8.24     3.04877e-07     1.30059e-11
           8.26       3.049e-07     1.29798e-11
           8.28     3.04924e-07     1.29526e-11
            8.3     3.04949e-07     1.29245e-11
           8.32     3.04974e-07     1.28968e-11
           8.34        3.05e-07     1.28678e-11
           8.36     3.05027e-07     1.28371e-11
           8.38     3.05053e-07     1.28077e-11
            8.4     3.05079e-07     1.27783e-11
           8.42     3.05104e-07      1.2751e-11
           8.44     3.05127e-07     1.27244e-11
           8.46      3.0515e-07      1.2699e-11
           8.48     3.05172e-07     1.26753e-11
            8.5      3.0519e-07     1.26542e-11
           8.52     3.05208e-07     1.26345e-11
           8.54     3.05224e-07     1.26164e-11
           8.56      3.0524e-07     1.25995e-11
           8.58     3.05252e-07     1.25864e-11
            8.6     3.05262e-07      1.2575e-11
           8.62      3.0527e-07      1.2566e-11
           8.64     3.05277e-07     1.25578e-11
           8.66     3.05284e-07     1.25502e-11
           8.68      3.0529e-07     1.25433e-11
            8.7     3.05296e-07     1.25365e-11
           8.72     3.05302e-07     1.25297e-11
           8.74     3.05309e-07     1.25216e-11
           8.76     3.05317e-07     1.25125e-11
           8.78     3.05325e-07     1.25033e-11
            8.8     3.05334e-07     1.24933e-11
           8.82     3.05343e-07     1.24832e-11
           8.84     3.05353e-07     1.24715e-11
           8.86     3.05364e-07      1.2459e-11
           8.88     3.05374e-07     1.24485e-11
            8.9     3.05383e-07      1.2438e-11
           8.92     3.05392e-07     1.24274e-11
           8.94     3.05401e-07     1.24176e-11
           8.96     3.05409e-07     1.24087e-11
           8.98     3.05415e-07     1.24021e-11
              9     3.05419e-07      1.2399e-11
           9.02      3.0542e-07     1.23979e-11
           9.04      3.0542e-07     1.23979e-11
           9.06      3.0542e-07      1.2398e-11
           9.08      3.0542e-07      1.2398e-11
            9.1      3.0542e-07     1.23981e-11
           9.12      3.0542e-07     1.23982e-11
           9.14     3.05419e-07     1.23983e-11
           9.16     3.05419e-07     1.23984e-11
           9.18     3.05419e-07     1.23985e-11
            9.2     3.05419e-07     1.23986e-11
           9.22     3.05419e-07     1.23988e-11
           9.24     3.05419e-07     1.23989e-11
           9.26     3.05419e-07     1.23989e-11
           9.28     3.05419e-07      1.2399e-11
            9.3     3.05419e-07     1.23991e-11
           9.32     3.05419e-07     1.23992e-11
           9.34     3.05418e-07     1.23992e-11
           9.36     3.05418e-07     1.23994e-11
           9.38     3.05418e-07     1.23994e-11
            9.4     3.05418e-07     1.23995e-11
           9.42     3.05418e-07     1.23995e-11
           9.44     3.05418e-07     1.23996e-11
           9.46     3.05418e-07     1.23996e-11
           9.48     3.05418e-07     1.23997e-11
            9.5     3.05418e-07     1.23997e-11
           9.52     3.05418e-07     1.23998e-11
           9.54     3.05418e-07     1.23998e-11
           9.56     3.05417e-07        1.24e-11
           9.58     3.05417e-07     1.24001e-11
            9.6     3.05417e-07     1.24002e-11
           9.62     3.05417e-07     1.24002e-11
           9.64     3.05417e-07     1.24003e-11
           9.66     3.05417e-07     1.24004e-11
           9.68     3.05417e-07     1.24004e-11
            9.7     3.05417e-07     1.24005e-11
           9.72     3.05417e-07     1.24006e-11
           9.74     3.05417e-07     1.24007e-11
           9.76     3.05416e-07     1.24008e-11
           9.78     3.05416e-07     1.24008e-11
            9.8     3.05416e-07     1.24009e-11
           9.82     3.05416e-07     1.24009e-11
           9.84     3.05416e-07     1.24009e-11
           9.86     3.05416e-07      1.2401e-11
           9.88     3.05416e-07      1.2401e-11
            9.9     3.05416e-07     1.24011e-11
           9.92     3.05416e-07     1.24012e-11
           9.94     3.05416e-07     1.24012e-11
           9.96     3.05416e-07     1.24012e-11
           9.98     3.05416e-07     1.24012e-11
             10     3.05416e-07     1.24012e-11
          10.02               0               0
          10.04               0               0
          10.06               0               0
          10.08               0               0
           10.1               0               0
          10.12               0               0
          10.14               0               0
          10.16               0               0
          10.18               0               0
           10.2               0               0
          10.22               0               0
          10.24               0               0
          10.26               0               0
          10.28               0               0
           10.3               0               0
          10.32               0               0
          10.34               0               0
          10.36               0               0
          10.38               0               0
           10.4               0               0
          10.42               0               0
          10.44               0               0
          10.46               0               0
          10.48               0               0
           10.5               0               0
          10.52               0               0
          10.54               0               0
          10.56               0               0
          10.58               0               0
           10.6               0               0
          10.62               0               0
          10.64               0               0
          10.66               0               0
          10.68               0               0
           10.7               0               0
          10.72               0               0
          10.74               0               0
          10.76               0               0
          10.78               0               0
           10.8               0               0
          10.82               0               0
          10.84               0               0
          10.86               0               0
          10.88               0               0
           10.9               0               0
          10.92               0               0
          10.94               0               0
          10.96               0               0
          10.98               0               0
             11               0               0
          11.02               0               0
          11.04               0               0
          11.06               0               0
          11.08               0               0
           11.1               0               0
          11.12               0               0
          11.14               0               0
          11.16               0               0
          11.18               0               0
           11.2               0               0
          11.22               0               0
          11.24               0               0
          11.26               0               0
          11.28               0               0
           11.3               0               0
          11.32               0               0
          11.34               0               0
          11.36               0               0
          11.38               0               0
           11.4               0               0
          11.42               0               0
          11.44               0               0
          11.46               0               0
          11.48               0               0
           11.5               0               0
          11.52               0               0
          11.54               0               0
          11.56               0               0
          11.58               0               0
           11.6               0               0
          11.62               0               0
          11.64               0               0
          11.66               0               0
          11.68               0               0
           11.7               0               0
          11.72               0               0
          11.74               0               0
          11.76               0               0
          11.78               0               0
           11.8               0               0
          11.82               0               0
          11.84               0               0
          11.86               0               0
          11.88               0               0
           11.9               0               0
          11.92               0               0
          11.94               0               0
          11.96               0               0
          11.98               0               0
             12               0               0
          12.02               0               0
          12.04               0               0
          12.06               0               0
          12.08               0               0
           12.1               0               0
          12.12               0               0
          12.14               0               0
          12.16               0               0
          12.18               0               0
           12.2               0               0
          12.22               0               0
          12.24               0               0
          12.26               0               0
          12.28               0               0
           12.3               0               0
          12.32               0               0
          12.34               0               0
          12.36               0               0
          12.38               0               0
           12.4               0               0
          12.42               0               0
          12.44               0               0
          12.46               0               0
          12.48               0               0
           12.5               0               0
          12.52               0               0
          12.54               0               0
          12.56               0               0
          12.58               0               0
           12.6               0               0
          12.62               0               0
          12.64               0               0
          12.66               0               0
          12.68               0               0
           12.7               0               0
          12.72               0               0
          12.74               0               0
          12.76               0               0
          12.78               0               0
           12.8               0               0
          12.82               0               0
          12.84               0               0
          12.86               0               0
          12.88               0               0
           12.9               0               0
          12.92               0               0
          12.94               0               0
          12.96               0               0
          12.98               0               0
             13               0               0
          13.02               0               0
          13.04               0               0
          13.06               0               0
          13.08               0               0
           13.1               0               0
          13.12               0               0
          13.14               0               0
          13.16               0               0
          13.18               0               0
           13.2               0               0
          13.22               0               0
          13.24               0               0
          13.26               0               0
          13.28               0               0
           13.3               0               0
          13.32               0               0
          13.34               0               0
          13.36               0               0
          13.38               0               0
           13.4               0               0
          13.42               0               0
          13.44               0               0
          13.46               0               0
          13.48               0               0
           13.5               0               0
          13.52               0               0
          13.54               0               0
          13.56               0               0
          13.58               0               0
           13.6               0               0
          13.62               0               0
          13.64               0               0
          13.66               0               0
          13.68               0               0
           13.7               0               0
          13.72               0               0
          13.74               0               0
          13.76               0               0
          13.78               0               0
           13.8               0               0
          13.82               0               0
          13.84               0               0
          13.86               0               0
          13.88               0               0
           13.9               0               0
          13.92               0               0
          13.94               0               0
          13.96               0               0
          13.98               0               0
             14               0               0
          14.02               0               0
          14.04               0               0
          14.06               0               0
          14.08               0               0
           14.1               0               0
          14.12               0               0
          14.14               0               0
          14.16               0               0
          14.18               0               0
           14.2               0               0
          14.22               0               0
          14.24               0               0
          14.26               0               0
          14.28               0               0
           14.3               0               0
          14.32               0               0
          14.34               0               0
          14.36               0               0
          14.38               0               0
           14.4               0               0
          14.42               0               0
          14.44               0               0
          14.46               0               0
          14.48               0               0
           14.5               0               0
          14.52               0               0
          14.54               0               0
          14.56               0               0
          14.58               0               0
           14.6               0               0
          14.62               0               0
          14.64               0               0
          14.66               0               0
          14.68               0               0
           14.7               0               0
          14.72               0               0
          14.74               0               0
          14.76               0               0
          14.78               0               0
           14.8               0               0
          14.82               0               0
          14.84               0               0
          14.86               0               0
          14.88               0               0
           14.9               0               0
          14.92               0               0
          14.94               0               0
          14.96               0               0
          14.98               0               0
             15               0               0
          15.02               0               0
          15.04               0               0
          15.06               0               0
          15.08               0               0
           15.1               0               0
          15.12               0               0
          15.14               0               0
          15.16               0               0
          15.18               0               0
           15.2               0               0
          15.22               0               0
          15.24               0               0
          15.26               0               0
          15.28               0               0
           15.3               0               0
          15.32               0               0
          15.34               0               0
          15.36               0               0
          15.38               0               0
           15.4               0               0
          15.42               0               0
          15.44               0               0
          15.46               0               0
          15.48               0               0
           15.5               0               0
          15.52               0               0
          15.54               0               0
          15.56               0               0
          15.58               0               0
           15.6               0               0
          15.62               0               0
          15.64               0               0
          15.66               0               0
          15.68               0               0
           15.7               0               0
          15.72               0               0
          15.74               0               0
          15.76               0               0
          15.78               0               0
           15.8               0               0
          15.82               0               0
          15.84               0               0
          15.86               0               0
          15.88               0               0
           15.9               0               0
          15.92               0               0
          15.94               0               0
          15.96               0               0
          15.98               0               0
             16               0               0
          16.02               0               0
          16.04               0               0
          16.06               0               0
          16.08               0               0
           16.1               0               0
          16.12               0               0
          16.14               0               0
          16.16               0               0
          16.18               0               0
           16.2               0               0
          16.22               0               0
          16.24               0               0
          16.26               0               0
          16.28               0               0
           16.3               0               0
          16.32               0               0
          16.34               0               0
          16.36               0               0
          16.38               0               0
           16.4               0               0
          16.42               0               0
          16.44               0               0
          16.46               0               0
          16.48               0               0
           16.5               0               0
          16.52               0               0
          16.54               0               0
          16.56               0               0
          16.58               0               0
           16.6               0               0
          16.62               0               0
          16.64               0               0
          16.66               0               0
          16.68               0               0
           16.7               0               0
          16.72               0               0
          16.74               0               0
          16.76               0               0
          16.78               0               0
           16.8               0               0
          16.82               0               0
          16.84               0               0
          16.86               0               0
          16.88               0               0
           16.9               0               0
          16.92               0               0
          16.94               0               0
          16.96               0               0
          16.98               0               0
             17               0               0
          17.02               0               0
          17.04               0               0
          17.06               0               0
          17.08               0               0
           17.1               0               0
          17.12               0               0
          17.14               0               0
          17.16               0               0
          17.18               0               0
           17.2               0               0
          17.22               0               0
          17.24               0               0
          17.26               0               0
          17.28               0               0
           17.3               0               0
          17.32               0               0
          17.34               0               0
          17.36               0               0
          17.38               0               0
           17.4               0               0
          17.42               0               0
          17.44               0               0
          17.46               0               0
          17.48               0               0
           17.5               0               0
          17.52               0               0
          17.54               0               0
          17.56               0               0
          17.58               0               0
           17.6               0               0
          17.62               0               0
          17.64               0               0
          17.66               0               0
          17.68               0               0
           17.7               0               0
          17.72               0               0
          17.74               0               0
          17.76               0               0
          17.78               0               0
           17.8               0               0
          17.82               0               0
          17.84               0               0
          17.86               0               0
          17.88               0               0
           17.9               0               0
          17.92               0               0
          17.94               0               0
          17.96               0               0
          17.98               0               0
             18               0               0
          18.02               0               0
          18.04               0               0
          18.06               0               0
          18.08               0               0
           18.1               0               0
          18.12               0               0
          18.14               0               0
          18.16               0               0
          18.18               0               0
           18.2               0               0
          18.22               0               0
          18.24               0               0
          18.26               0               0
          18.28               0               0
           18.3               0               0
          18.32               0               0
          18.34               0               0
          18.36               0               0
          18.38               0               0
           18.4               0               0
          18.42               0               0
          18.44               0               0
          18.46               0               0
          18.48               0               0
           18.5               0               0
          18.52               0               0
          18.54               0               0
          18.56               0               0
          18.58               0               0
           18.6               0               0
          18.62               0               0
          18.64               0               0
          18.66               0               0
          18.68               0               0
           18.7               0               0
          18.72               0               0
          18.74               0               0
          18.76               0               0
          18.78               0               0
           18.8               0               0
          18.82               0               0
          18.84               0               0
          18.86               0               0
          18.88               0               0
           18.9               0               0
          18.92               0               0
          18.94               0               0
          18.96               0               0
          18.98               0               0
             19               0               0
          19.02               0               0
          19.04               0               0
          19.06               0               0
          19.08               0               0
           19.1               0               0
          19.12               0               0
          19.14               0               0
          19.16               0               0
          19.18               0               0
           19.2               0               0
          19.22               0               0
          19.24               0               0
          19.26               0               0
          19.28               0               0
           19.3               0               0
          19.32               0               0
          19.34               0               0
          19.36               0               0
          19.38               0               0
           19.4               0               0
          19.42               0               0
          19.44               0               0
          19.46               0               0
          19.48               0               0
           19.5               0               0
          19.52               0               0
          19.54               0               0
          19.56               0               0
          19.58               0               0
           19.6               0               0
          19.62               0               0
          19.64               0               0
          19.66               0               0
          19.68               0               0
           19.7               0               0
          19.72               0               0
          19.74               0               0
          19.76               0               0
          19.78               0               0
           19.8               0               0
          19.82               0               0
          19.84               0               0
          19.86               0               0
          19.88               0               0
           19.9               0               0
          19.92               0               0
          19.94               0               0
          19.96               0               0
          19.98               0               0
             20               0               0
          20.02               0               0

Source_00  1000  20
              0               0               0
           0.02               0               0
           0.04               0               0
           0.06               0               0
           0.08               0               0
            0.1               0               0
           0.12               0               0
           0.14               0               0
           0.16               0               0
           0.18               0               0
            0.2               0               0
           0.22               0               0
           0.24               0               0
           0.26               0               0
           0.28               0               0
            0.3               0               0
           0.32               0               0
           0.34               0               0
           0.36               0               0
           0.38               0               0
            0.4               0               0
           0.42               0               0
           0.44               0               0
           0.46               0               0
           0.48               0               0
            0.5               0               0
           0.52               0               0
           0.54               0               0
           0.56               0               0
           0.58               0               0
            0.6               0               0
           0.62               0               0
           0.64               0               0
           0.66               0               0
           0.68               0               0
            0.7               0               0
           0.72               0               0
           0.74               0               0
           0.76               0               0
           0.78               0               0
            0.8               0               0
           0.82               0               0
           0.84               0               0
           0.86               0               0
           0.88               0               0
            0.9               0               0
           0.92               0               0
           0.94               0               0
           0.96               0               0
           0.98               0               0
              1               0               0
           1.02               0               0
           1.04               0               0
           1.06               0               0
           1.08               0               0
            1.1               0               0
           1.12               0               0
           1.14               0               0
           1.16               0               0
           1.18               0               0
            1.2               0               0
           1.22               0               0
           1.24               0               0
           1.26               0               0
           1.28               0               0
            1.3               0               0
           1.32               0               0
           1.34               0               0
           1.36               0               0
           1.38               0               0
            1.4               0               0
           1.42               0               0
           1.44               0               0
           1.46               0               0
           1.48               0               0
            1.5               0               0
           1.52               0               0
           1.54               0               0
           1.56               0               0
           1.58               0               0
            1.6               0               0
           1.62               0               0
           1.64               0               0
           1.66               0               0
           1.68               0               0
            1.7               0               0
           1.72               0               0
           1.74               0               0
           1.76               0               0
           1.78               0               0
            1.8               0               0
           1.82               0               0
           1.84               0               0
           1.86               0               0
           1.88               0               0
            1.9               0               0
           1.92               0               0
           1.94               0               0
           1.96               0               0
           1.98               0               0
              2               0               0
           2.02               0               0
           2.04               0               0
           2.06               0               0
           2.08               0               0
            2.1               0               0
           2.12               0               0
           2.14               0               0
           2.16               0               0
           2.18               0               0
            2.2               0               0
           2.22               0               0
           2.24               0               0
           2.26               0               0
           2.28               0               0
            2.3               0               0
           2.32               0               0
           2.34               0               0
           2.36               0               0
           2.38               0               0
            2.4               0               0
           2.42               0               0
           2.44               0               0
           2.46               0               0
           2.48               0               0
            2.5               0               0
           2.52               0               0
           2.54               0               0
           2.56               0               0
           2.58               0               0
            2.6               0               0
           2.62               0               0
           2.64               0               0
           2.66               0               0
           2.68               0               0
            2.7               0               0
           2.72               0               0
           2.74               0               0
           2.76               0               0
           2.78               0               0
            2.8               0               0
           2.82               0               0
           2.84               0               0
           2.86               0               0
           2.88               0               0
            2.9               0               0
           2.92               0               0
           2.94               0               0
           2.96               0               0
           2.98               0               0
              3               0               0
           3.02               0               0
           3.04               0               0
           3.06               0               0
           3.08               0               0
            3.1               0               0
           3.12               0               0
           3.14               0               0
           3.16               0               0
           3.18               0               0
            3.2               0               0
           3.22               0               0
           3.24               0               0
           3.26               0               0
           3.28               0               0
            3.3               0               0
           3.32               0               0
           3.34               0               0
           3.36               0               0
           3.38               0               0
            3.4               0               0
           3.42               0               0
           3.44               0               0
           3.46               0               0
           3.48               0               0
            3.5               0               0
           3.52               0               0
           3.54               0               0
           3.56               0               0
           3.58               0               0
            3.6               0               0
           3.62               0               0
           3.64               0               0
           3.66               0               0
           3.68               0               0
            3.7               0               0
           3.72               0               0
           3.74               0               0
           3.76               0               0
           3.78               0               0
            3.8               0               0
           3.82               0               0
           3.84               0               0
           3.86               0               0
           3.88               0               0
            3.9               0               0
           3.92               0               0
           3.94               0               0
           3.96               0               0
           3.98               0               0
              4               0               0
           4.02               0               0
           4.04               0               0
           4.06               0               0
           4.08               0               0
            4.1               0               0
           4.12               0               0
           4.14               0               0
           4.16               0               0
           4.18               0               0
            4.2               0               0
           4.22               0               0
           4.24               0               0
           4.26               0               0
           4.28               0               0
            4.3               0               0
           4.32               0               0
           4.34               0               0
           4.36               0               0
           4.38               0               0
            4.4               0               0
           4.42               0               0
           4.44               0               0
           4.46               0               0
           4.48               0               0
            4.5               0               0
           4.52               0               0
           4.54               0               0
           4.56               0               0
           4.58               0               0
            4.6               0               0
           4.62               0               0
           4.64               0               0
           4.66               0               0
           4.68               0               0
            4.7               0               0
           4.72               0               0
           4.74               0               0
           4.76               0               0
           4.78               0               0
            4.8               0               0
           4.82               0               0
           4.84               0               0
           4.86               0               0
           4.88               0               0
            4.9               0               0
           4.92               0               0
           4.94               0               0
           4.96               0               0
           4.98               0               0
              5               0               0
           5.02               0               0
           5.04               0               0
           5.06               0               0
           5.08               0               0
            5.1               0               0
           5.12               0               0
           5.14               0               0
           5.16               0               0
           5.18               0               0
            5.2               0               0
           5.22               0               0
           5.24               0               0
           5.26               0               0
           5.28               0               0
            5.3               0               0
           5.32               0               0
           5.34               0               0
           5.36               0               0
           5.38               0               0
            5.4               0               0
           5.42               0               0
           5.44               0               0
           5.46               0               0
           5.48               0               0
            5.5               0               0
           5.52               0               0
           5.54               0               0
           5.56               0               0
           5.58               0               0
            5.6               0               0
           5.62               0               0
           5.64               0               0
           5.66               0               0
           5.68               0               0
            5.7               0               0
           5.72               0               0
           5.74               0               0
           5.76               0               0
           5.78               0               0
            5.8               0               0
           5.82               0               0
           5.84               0               0
           5.86               0               0
           5.88               0               0
            5.9               0               0
           5.92               0               0
           5.94               0               0
           5.96               0               0
           5.98               0               0
              6               0               0
           6.02               0               0
           6.04               0               0
           6.06               0               0
           6.08               0               0
            6.1               0               0
           6.12               0               0
           6.14               0               0
           6.16               0               0
           6.18               0               0
            6.2               0               0
           6.22               0               0
           6.24               0               0
           6.26               0               0
           6.28               0               0
            6.3               0               0
           6.32               0               0
           6.34               0               0
           6.36               0               0
           6.38               0               0
            6.4               0               0
           6.42               0               0
           6.44               0               0
           6.46               0               0
           6.48               0               0
            6.5               0               0
           6.52               0               0
           6.54               0               0
           6.56               0               0
           6.58               0               0
            6.6               0               0
           6.62               0               0
           6.64               0               0
           6.66               0               0
           6.68               0               0
            6.7               0               0
           6.72               0               0
           6.74               0               0
           6.76               0               0
           6.78               0               0
            6.8               0               0
           6.82               0               0
           6.84               0               0
           6.86               0               0
           6.88               0               0
            6.9               0               0
           6.92               0               0
           6.94               0               0
           6.96               0               0
           6.98               0               0
              7               0               0
           7.02               0               0
           7.04               0               0
           7.06               0               0
           7.08               0               0
            7.1               0               0
           7.12               0               0
           7.14               0               0
           7.16               0               0
           7.18               0               0
            7.2               0               0
           7.22               0               0
           7.24               0               0
           7.26               0               0
           7.28               0               0
            7.3               0               0
           7.32               0               0
           7.34               0               0
           7.36               0               0
           7.38               0               0
            7.4               0               0
           7.42               0               0
           7.44               0               0
           7.46               0               0
           7.48               0               0
            7.5               0               0
           7.52               0               0
           7.54               0               0
           7.56               0               0
           7.58               0               0
            7.6               0               0
           7.62               0               0
           7.64               0               0
           7.66               0               0
           7.68               0               0
            7.7               0               0
           7.72               0               0
           7.74               0               0
           7.76               0               0
           7.78               0               0
            7.8               0               0
           7.82               0               0
           7.84               0               0
           7.86               0               0
           7.88               0               0
            7.9               0               0
           7.92               0               0
           7.94               0               0
           7.96               0               0
           7.98               0               0
              8               0               0
           8.02               0               0
           8.04               0               0
           8.06               0               0
           8.08               0               0
            8.1               0               0
           8.12               0               0
           8.14               0               0
           8.16               0               0
           8.18               0               0
            8.2               0               0
           8.22               0               0
           8.24               0               0
           8.26               0               0
           8.28               0               0
            8.3               0               0
           8.32               0               0
           8.34               0               0
           8.36               0               0
           8.38               0               0
            8.4               0               0
           8.42               0               0
           8.44               0               0
           8.46               0               0
           8.48               0               0
            8.5               0               0
           8.52               0               0
           8.54               0               0
           8.56               0               0
           8.58               0               0
            8.6               0               0
           8.62               0               0
           8.64               0               0
           8.66               0               0
           8.68               0               0
            8.7               0               0
           8.72               0               0
           8.74               0               0
           8.76               0               0
           8.78               0               0
            8.8               0               0
           8.82               0               0
           8.84               0               0
           8.86               0               0
           8.88               0               0
            8.9               0               0
           8.92               0               0
           8.94               0               0
           8.96               0               0
           8.98               0               0
              9               0               0
           9.02               0               0
           9.04               0               0
           9.06               0               0
           9.08               0               0
            9.1               0               0
           9.12               0               0
           9.14               0               0
           9.16               0               0
           9.18               0               0
            9.2               0               0
           9.22               0               0
           9.24               0               0
           9.26               0               0
           9.28               0               0
            9.3               0               0
           9.32               0               0
           9.34               0               0
           9.36               0               0
           9.38               0               0
            9.4               0               0
           9.42               0               0
           9.44               0               0
           9.46               0               0
           9.48               0               0
            9.5               0               0
           9.52               0               0
           9.54               0               0
           9.56               0               0
           9.58               0               0
            9.6               0               0
           9.62               0               0
           9.64               0               0
           9.66               0               0
           9.68               0               0
            9.7               0               0
           9.72               0               0
           9.74               0               0
           9.76               0               0
           9.78               0               0
            9.8               0               0
           9.82               0               0
           9.84               0               0
           9.86               0               0
           9.88               0               0
            9.9               0               0
           9.92               0               0
           9.94               0               0
           9.96               0               0
           9.98               0               0
             10               0               0
          10.02               1     0.000316228
          10.04               0               0
          10.06               0               0
          10.08               0               0
           10.1               0               0
          10.12               0               0
          10.14               0               0
          10.16               0               0
          10.18               0               0
           10.2               0               0
          10.22               0               0
          10.24               0               0
          10.26               0               0
          10.28               0               0
           10.3               0               0
          10.32               0               0
          10.34               0               0
          10.36               0               0
          10.38               0               0
           10.4               0               0
          10.42               0               0
          10.44               0               0
          10.46               0               0
          10.48               0               0
           10.5               0               0
          10.52               0               0
          10.54               0               0
          10.56               0               0
          10.58               0               0
           10.6               0               0
          10.62               0               0
          10.64               0               0
          10.66               0               0
          10.68               0               0
           10.7               0               0
          10.72               0               0
          10.74               0               0
          10.76               0               0
          10.78               0               0
           10.8               0               0
          10.82               0               0
          10.84               0               0
          10.86               0               0
          10.88               0               0
           10.9               0               0
          10.92               0               0
          10.94               0               0
          10.96               0               0
          10.98               0               0
             11               0               0
          11.02               0               0
          11.04               0               0
          11.06               0               0
          11.08               0               0
           11.1               0               0
          11.12               0               0
          11.14               0               0
          11.16               0               0
          11.18               0               0
           11.2               0               0
          11.22               0               0
          11.24               0               0
          11.26               0               0
          11.28               0               0
           11.3               0               0
          11.32               0               0
          11.34               0               0
          11.36               0               0
          11.38               0               0
           11.4               0               0
          11.42               0               0
          11.44               0               0
          11.46               0               0
          11.48               0               0
           11.5               0               0
          11.52               0               0
          11.54               0               0
          11.56               0               0
          11.58               0               0
           11.6               0               0
          11.62               0               0
          11.64               0               0
          11.66               0               0
          11.68               0               0
           11.7               0               0
          11.72               0               0
          11.74               0               0
          11.76               0               0
          11.78               0               0
           11.8               0               0
          11.82               0               0
          11.84               0               0
          11.86               0               0
          11.88               0               0
           11.9               0               0
          11.92               0               0
          11.94               0               0
          11.96               0               0
          11.98               0               0
             12               0               0
          12.02               0               0
          12.04               0               0
          12.06               0               0
          12.08               0               0
           12.1               0               0
          12.12               0               0
          12.14               0               0
          12.16               0               0
          12.18               0               0
           12.2               0               0
          12.22               0               0
          12.24               0               0
          12.26               0               0
          12.28               0               0
           12.3               0               0
          12.32               0               0
          12.34               0               0
          12.36               0               0
          12.38               0               0
           12.4               0               0
          12.42               0               0
          12.44               0               0
          12.46               0               0
          12.48               0               0
           12.5               0               0
          12.52               0               0
          12.54               0               0
          12.56               0               0
          12.58               0               0
           12.6               0               0
          12.62               0               0
          12.64               0               0
          12.66               0               0
          12.68               0               0
           12.7               0               0
          12.72               0               0
          12.74               0               0
          12.76               0               0
          12.78               0               0
           12.8               0               0
          12.82               0               0
          12.84               0               0
          12.86               0               0
          12.88               0               0
           12.9               0               0
          12.92               0               0
          12.94               0               0
          12.96               0               0
          12.98               0               0
             13               0               0
          13.02               0               0
          13.04               0               0
          13.06               0               0
          13.08               0               0
           13.1               0               0
          13.12               0               0
          13.14               0               0
          13.16               0               0
          13.18               0               0
           13.2               0               0
          13.22               0               0
          13.24               0               0
          13.26               0               0
          13.28               0               0
           13.3               0               0
          13.32               0               0
          13.34               0               0
          13.36               0               0
          13.38               0               0
           13.4               0               0
          13.42               0               0
          13.44               0               0
          13.46               0               0
          13.48               0               0
           13.5               0               0
          13.52               0               0
          13.54               0               0
          13.56               0               0
          13.58               0               0
           13.6               0               0
          13.62               0               0
          13.64               0               0
          13.66               0               0
          13.68               0               0
           13.7               0               0
          13.72               0               0
          13.74               0               0
          13.76               0               0
          13.78               0               0
           13.8               0               0
          13.82               0               0
          13.84               0               0
          13.86               0               0
          13.88               0               0
           13.9               0               0
          13.92               0               0
          13.94               0               0
          13.96               0               0
          13.98               0               0
             14               0               0
          14.02               0               0
          14.04               0               0
          14.06               0               0
          14.08               0               0
           14.1               0               0
          14.12               0               0
          14.14               0               0
          14.16               0               0
          14.18               0               0
           14.2               0               0
          14.22               0               0
          14.24               0               0
          14.26               0               0
          14.28               0               0
           14.3               0               0
          14.32               0               0
          14.34               0               0
          14.36               0               0
          14.38               0               0
           14.4               0               0
          14.42               0               0
          14.44               0               0
          14.46               0               0
          14.48               0               0
           14.5               0               0
          14.52               0               0
          14.54               0               0
          14.56               0               0
          14.58               0               0
           14.6               0               0
          14.62               0               0
          14.64               0               0
          14.66               0               0
          14.68               0               0
           14.7               0               0
          14.72               0               0
          14.74               0               0
          14.76               0               0
          14.78               0               0
           14.8               0               0
          14.82               0               0
          14.84               0               0
          14.86               0               0
          14.88               0               0
           14.9               0               0
          14.92               0               0
          14.94               0               0
          14.96               0               0
          14.98               0               0
             15               0               0
          15.02               0               0
          15.04               0               0
          15.06               0               0
          15.08               0               0
           15.1               0               0
          15.12               0               0
          15.14               0               0
          15.16               0               0
          15.18               0               0
           15.2               0               0
          15.22               0               0
          15.24               0               0
          15.26               0               0
          15.28               0               0
           15.3               0               0
          15.32               0               0
          15.34               0               0
          15.36               0               0
          15.38               0               0
           15.4               0               0
          15.42               0               0
          15.44               0               0
          15.46               0               0
          15.48               0               0
           15.5               0               0
          15.52               0               0
          15.54               0               0
          15.56               0               0
          15.58               0               0
           15.6               0               0
          15.62               0               0
          15.64               0               0
          15.66               0               0
          15.68               0               0
           15.7               0               0
          15.72               0               0
          15.74               0               0
          15.76               0               0
          15.78               0               0
           15.8               0               0
          15.82               0               0
          15.84               0               0
          15.86               0               0
          15.88               0               0
           15.9               0               0
          15.92               0               0
          15.94               0               0
          15.96               0               0
          15.98               0               0
             16               0               0
          16.02               0               0
          16.04               0               0
          16.06               0               0
          16.08               0               0
           16.1               0               0
          16.12               0               0
          16.14               0               0
          16.16               0               0
          16.18               0               0
           16.2               0               0
          16.22               0               0
          16.24               0               0
          16.26               0               0
          16.28               0               0
           16.3               0               0
          16.32               0               0
          16.34               0               0
          16.36               0               0
          16.38               0               0
           16.4               0               0
          16.42               0               0
          16.44               0               0
          16.46               0               0
          16.48               0               0
           16.5               0               0
          16.52               0               0
          16.54               0               0
          16.56               0               0
          16.58               0               0
           16.6               0               0
          16.62               0               0
          16.64               0               0
          16.66               0               0
          16.68               0               0
           16.7               0               0
          16.72               0               0
          16.74               0               0
          16.76               0               0
          16.78               0               0
           16.8               0               0
          16.82               0               0
          16.84               0               0
          16.86               0               0
          16.88               0               0
           16.9               0               0
          16.92               0               0
          16.94               0               0
          16.96               0               0
          16.98               0               0
             17               0               0
          17.02               0               0
          17.04               0               0
          17.06               0               0
          17.08               0               0
           17.1               0               0
          17.12               0               0
          17.14               0               0
          17.16               0               0
          17.18               0               0
           17.2               0               0
          17.22               0               0
          17.24               0               0
          17.26               0               0
          17.28               0               0
           17.3               0               0
          17.32               0               0
          17.34               0               0
          17.36               0               0
          17.38               0               0
           17.4               0               0
          17.42               0               0
          17.44               0               0
          17.46               0               0
          17.48               0               0
           17.5               0               0
          17.52               0               0
          17.54               0               0
          17.56               0               0
          17.58               0               0
           17.6               0               0
          17.62               0               0
          17.64               0               0
          17.66               0               0
          17.68               0               0
           17.7               0               0
          17.72               0               0
          17.74               0               0
          17.76               0               0
          17.78               0               0
           17.8               0               0
          17.82               0               0
          17.84               0               0
          17.86               0               0
          17.88               0               0
           17.9               0               0
          17.92               0               0
          17.94               0               0
          17.96               0               0
          17.98               0               0
             18               0               0
          18.02               0               0
          18.04               0               0
          18.06               0               0
          18.08               0               0
           18.1               0               0
          18.12               0               0
          18.14               0               0
          18.16               0               0
          18.18               0               0
           18.2               0               0
          18.22               0               0
          18.24               0               0
          18.26               0               0
          18.28               0               0
           18.3               0               0
          18.32               0               0
          18.34               0               0
          18.36               0               0
          18.38               0               0
           18.4               0               0
          18.42               0               0
          18.44               0               0
          18.46               0               0
          18.48               0               0
           18.5               0               0
          18.52               0               0
          18.54               0               0
          18.56               0               0
          18.58               0               0
           18.6               0               0
          18.62               0               0
          18.64               0               0
          18.66               0               0
          18.68               0               0
           18.7               0               0
          18.72               0               0
          18.74               0               0
          18.76               0               0
          18.78               0               0
           18.8               0               0
          18.82               0               0
          18.84               0               0
          18.86               0               0
          18.88               0               0
           18.9               0               0
          18.92               0               0
          18.94               0               0
          18.96               0               0
          18.98               0               0
             19               0               0
          19.02               0               0
          19.04               0               0
          19.06               0               0
          19.08               0               0
           19.1               0               0
          19.12               0               0
          19.14               0               0
          19.16               0               0
          19.18               0               0
           19.2               0               0
          19.22               0               0
          19.24               0               0
          19.26               0               0
          19.28               0               0
           19.3               0               0
          19.32               0               0
          19.34               0               0
          19.36               0               0
          19.38               0               0
           19.4               0               0
          19.42               0               0
          19.44               0               0
          19.46               0               0
          19.48               0               0
           19.5               0               0
          19.52               0               0
          19.54               0               0
          19.56               0               0
          19.58               0               0
           19.6               0               0
          19.62               0               0
          19.64               0               0
          19.66               0               0
          19.68               0               0
           19.7               0               0
          19.72               0               0
          19.74               0               0
          19.76               0               0
          19.78               0               0
           19.8               0               0
          19.82               0               0
          19.84               0               0
          19.86               0               0
          19.88               0               0
           19.9               0               0
          19.92               0               0
          19.94               0               0
          19.96               0               0
          19.98               0               0
             20               0               0
          20.02               0               0

