NSpec_Sample  1000  20
              0     0.000212075      1.5398e-07
           0.02     5.98807e-08     2.61094e-09
           0.04     1.37388e-07     3.95905e-09
           0.06     1.89417e-07     4.65348e-09
           0.08     2.31589e-07     5.14445e-09
            0.1     2.57133e-07      5.4191e-09
           0.12     3.04136e-07      5.8808e-09
           0.14     3.53046e-07     6.34435e-09
           0.16     4.03499e-07     6.79408e-09
           0.18      4.3544e-07     7.05716e-09
            0.2     5.14115e-07     7.67385e-09
           0.22     5.47022e-07     7.91308e-09
           0.24     5.78349e-07     8.13919e-09
           0.26     6.39126e-07     8.54887e-09
           0.28     6.95441e-07     8.92183e-09
            0.3     7.41527e-07     9.21491e-09
           0.32     7.92991e-07     9.53505e-09
           0.34     8.07942e-07     9.61885e-09
           0.36     8.43484e-07     9.82083e-09
           0.38     9.25688e-07     1.02963e-08
            0.4     9.34534e-07     1.03431e-08
           0.42     9.63096e-07     1.05039e-08
           0.44      1.0277e-06     1.08536e-08
           0.46     1.04834e-06      1.0954e-08
           0.48     1.07882e-06     1.11269e-08
            0.5      1.0988e-06      1.1222e-08
           0.52     1.16074e-06     1.15319e-08
           0.54     1.19469e-06     1.16971e-08
           0.56     1.24012e-06      1.1921e-08
           0.58     1.27882e-06     1.20999e-08
            0.6      1.3043e-06     1.22139e-08
           0.62     1.31075e-06     1.22443e-08
           0.64      1.3596e-06     1.24747e-08
           0.66     1.33773e-06     1.23695e-08
           0.68     1.37742e-06     1.25479e-08
            0.7      1.4022e-06     1.26636e-08
           0.72      1.4312e-06     1.27923e-08
           0.74     1.41855e-06     1.27288e-08
           0.76      1.4191e-06     1.27362e-08
           0.78     1.47415e-06     1.29805e-08
            0.8     1.44559e-06     1.28502e-08
           0.82     1.47814e-06     1.29963e-08
           0.84     1.48668e-06     1.30347e-08
           0.86     1.49289e-06     1.30491e-08
           0.88     1.50874e-06     1.31248e-08
            0.9     1.52158e-06     1.31787e-08
           0.92     1.50853e-06     1.31104e-08
           0.94     1.52585e-06     1.31883e-08
           0.96     1.52465e-06       1.318e-08
           0.98     1.53527e-06     1.32209e-08
              1     1.56169e-06     1.33373e-08
           1.02     1.54366e-06     1.32591e-08
           1.04     1.54206e-06     1.32518e-08
           1.06     1.53985e-06     1.32308e-08
           1.08     1.52804e-06     1.31841e-08
            1.1     1.54222e-06     1.32377e-08
           1.12     1.52519e-06      1.3167e-08
           1.14     1.53017e-06     1.31804e-08
           1.16     1.55235e-06     1.32829e-08
           1.18     1.56639e-06     1.33362e-08
            1.2      1.5603e-06     1.33108e-08
           1.22     1.52511e-06     1.31562e-08
           1.24     1.55434e-06     1.32763e-08
           1.26      1.5184e-06     1.31206e-08
           1.28     1.53534e-06     1.31894e-08
            1.3     1.51032e-06     1.30791e-08
           1.32     1.51884e-06     1.31129e-08
           1.34     1.51099e-06     1.30838e-08
           1.36     1.47343e-06     1.29166e-08
           1.38     1.50601e-06     1.30626e-08
            1.4     1.49526e-06     1.30084e-08
           1.42     1.49544e-06     1.30055e-08
           1.44     1.48186e-06     1.29393e-08
           1.46     1.46023e-06     1.28397e-08
           1.48      1.4519e-06     1.28047e-08
            1.5     1.45624e-06     1.28234e-08
           1.52     1.43265e-06     1.27127e-08
           1.54     1.44921e-06     1.27881e-08
           1.56     1.44428e-06     1.27555e-08
           1.58     1.42785e-06     1.26932e-08
            1.6     1.41354e-06       1.262e-08
           1.62     1.42185e-06     1.26587e-08
           1.64     1.39612e-06     1.25346e-08
           1.66     1.35765e-06       1.236e-08
           1.68     1.36402e-06     1.23857e-08
            1.7     1.34718e-06     1.23102e-08
           1.72     1.33348e-06     1.22428e-08
           1.74     1.34772e-06     1.23057e-08
           1.76     1.36074e-06     1.23642e-08
           1.78     1.31492e-06     1.21463e-08
            1.8     1.30463e-06     1.21014e-08
           1.82     1.31408e-06     1.21508e-08
           1.84     1.29411e-06      1.2053e-08
           1.86     1.27698e-06     1.19618e-08
           1.88     1.28966e-06     1.20252e-08
            1.9     1.25557e-06     1.18634e-08
           1.92     1.25774e-06     1.18699e-08
           1.94       1.246e-06     1.18185e-08
           1.96     1.22308e-06     1.16963e-08
           1.98     1.22098e-06      1.1687e-08
              2     1.21307e-06     1.16536e-08
           2.02     1.19073e-06     1.15336e-08
           2.04     1.18644e-06     1.15145e-08
           2.06      1.2049e-06     1.16055e-08
           2.08      1.1746e-06     1.14514e-08
            2.1     1.15712e-06     1.13621e-08
           2.12     1.14744e-06     1.13189e-08
           2.14       1.156e-06     1.13505e-08
           2.16     1.10251e-06     1.10888e-08
           2.18     1.11345e-06     1.11424e-08
            2.2     1.11465e-06      1.1149e-08
           2.22      1.1194e-06      1.1166e-08
           2.24     1.08456e-06     1.09887e-08
           2.26     1.07226e-06     1.09199e-08
           2.28     1.05696e-06     1.08391e-08
            2.3     1.07078e-06     1.09186e-08
           2.32     1.05336e-06     1.08231e-08
           2.34     1.05235e-06     1.08133e-08
           2.36     1.02693e-06     1.06792e-08
           2.38     1.02174e-06     1.06573e-08
            2.4     1.01211e-06     1.06019e-08
           2.42     1.01228e-06     1.05985e-08
           2.44     9.84187e-07     1.04505e-08
           2.46      9.7668e-07     1.04061e-08
           2.48     9.75726e-07     1.04021e-08
            2.5     9.37872e-07     1.01916e-08
           2.52     9.44268e-07     1.02272e-08
           2.54     9.36544e-07     1.01894e-08
           2.56     9.12717e-07       1.005e-08
           2.58     9.07569e-07     1.00161e-08
            2.6     9.14103e-07     1.00504e-08
           2.62     8.83629e-07      9.8804e-09
           2.64     8.87638e-07     9.90586e-09
           2.66     8.76321e-07     9.83816e-09
           2.68     8.56454e-07     9.72426e-09
            2.7     8.42555e-07     9.64406e-09
           2.72     8.43263e-07     9.64314e-09
           2.74     8.16215e-07     9.49285e-09
           2.76     8.17119e-07     9.49056e-09
           2.78     8.17376e-07     9.49516e-09
            2.8     8.02412e-07     9.40248e-09
           2.82     7.95144e-07     9.35576e-09
           2.84     7.86409e-07     9.30594e-09
           2.86     7.58534e-07     9.13938e-09
           2.88     7.62236e-07     9.15404e-09
            2.9     7.67159e-07     9.18028e-09
           2.92     7.35077e-07     8.98617e-09
           2.94     7.47964e-07     9.06952e-09
           2.96     7.18632e-07     8.88711e-09
           2.98     7.32263e-07      8.9652e-09
              3     7.05013e-07     8.80001e-09
           3.02     7.07774e-07     8.80563e-09
           3.04     6.83962e-07     8.66087e-09
           3.06     6.76528e-07     8.61184e-09
           3.08     6.77867e-07     8.62046e-09
            3.1     6.76467e-07     8.60944e-09
           3.12     6.48664e-07     8.42967e-09
           3.14     6.52182e-07     8.44825e-09
           3.16     6.40984e-07     8.37566e-09
           3.18     6.42113e-07     8.37895e-09
            3.2     6.20197e-07     8.23526e-09
           3.22     6.03115e-07     8.11713e-09
           3.24     6.14335e-07     8.19168e-09
           3.26     5.95206e-07     8.06378e-09
           3.28     6.00429e-07     8.09435e-09
            3.3      5.7566e-07     7.92299e-09
           3.32     5.70797e-07     7.88454e-09
           3.34     5.85814e-07     7.98874e-09
           3.36     5.52726e-07     7.75809e-09
           3.38     5.53153e-07     7.76458e-09
            3.4     5.38043e-07     7.65084e-09
           3.42     5.34156e-07     7.62707e-09
           3.44     5.18007e-07     7.50875e-09
           3.46     5.26977e-07     7.57471e-09
           3.48     5.15392e-07     7.48419e-09
            3.5     4.95539e-07     7.33868e-09
           3.52     4.98121e-07     7.35749e-09
           3.54      5.0406e-07     7.39669e-09
           3.56      4.8069e-07     7.22107e-09
           3.58     4.72596e-07     7.16414e-09
            3.6     4.82026e-07     7.23178e-09
           3.62     4.57288e-07     7.04336e-09
           3.64     4.54415e-07     7.01839e-09
           3.66     4.43493e-07     6.93184e-09
           3.68     4.37233e-07     6.88093e-09
            3.7     4.30267e-07     6.82627e-09
           3.72     4.27243e-07     6.80221e-09
           3.74     4.17107e-07     6.71952e-09
           3.76     4.19491e-07     6.73071e-09
           3.78     4.11082e-07     6.66542e-09
            3.8     4.09606e-07     6.65363e-09
           3.82     4.10931e-07     6.66013e-09
           3.84     3.94676e-07     6.52636e-09
           3.86      3.8481e-07     6.44371e-09
           3.88     3.77069e-07     6.37485e-09
            3.9     3.77852e-07       6.382e-09
           3.92     3.56627e-07     6.20144e-09
           3.94     3.73752e-07     6.34772e-09
           3.96     3.65898e-07     6.27784e-09
           3.98     3.49449e-07      6.1275e-09
              4      3.4797e-07     6.12038e-09
           4.02     3.42671e-07      6.0723e-09
           4.04     3.38017e-07     6.02953e-09
           4.06     3.26366e-07     5.92614e-09
           4.08      3.2501e-07     5.90926e-09
            4.1      3.1191e-07     5.78651e-09
           4.12     3.06913e-07     5.73732e-09
           4.14     3.04218e-07     5.70799e-09
           4.16     2.92552e-07     5.60139e-09
           4.18     2.99068e-07     5.66336e-09
            4.2     2.92808e-07     5.59986e-09
           4.22     2.91769e-07     5.59019e-09
           4.24      2.7871e-07     5.46158e-09
           4.26     2.81553e-07     5.48989e-09
           4.28     2.76551e-07     5.43576e-09
            4.3     2.62748e-07     5.30095e-09
           4.32      2.6793e-07      5.3537e-09
           4.34     2.61667e-07     5.28683e-09
           4.36     2.55946e-07     5.22684e-09
           4.38     2.54906e-07     5.21974e-09
            4.4     2.43456e-07      5.1007e-09
           4.42     2.40739e-07     5.06701e-09
           4.44     2.33181e-07     4.98453e-09
           4.46     2.26882e-07     4.91531e-09
           4.48      2.2719e-07      4.9222e-09
            4.5     2.23064e-07     4.87624e-09
           4.52     2.17262e-07     4.81176e-09
           4.54     2.21728e-07     4.85733e-09
           4.56     2.20729e-07     4.84721e-09
           4.58     2.06266e-07     4.68677e-09
            4.6     2.01702e-07     4.63336e-09
           4.62     1.98864e-07     4.59746e-09
           4.64       1.933e-07     4.53185e-09
           4.66     1.97699e-07     4.58372e-09
           4.68     1.89893e-07     4.49303e-09
            4.7     1.87096e-07     4.45417e-09
           4.72     1.89564e-07     4.48654e-09
           4.74     1.75818e-07     4.31573e-09
           4.76     1.80503e-07     4.37057e-09
           4.78     1.72512e-07     4.27581e-09
            4.8     1.70448e-07     4.24969e-09
           4.82     1.63966e-07     4.16622e-09
           4.84      1.7339e-07     4.28191e-09
           4.86     1.68031e-07     4.21542e-09
           4.88     1.54806e-07     4.04878e-09
            4.9     1.49397e-07     3.97722e-09
           4.92     1.53753e-07     4.03205e-09
           4.94     1.48471e-07     3.96227e-09
           4.96     1.47717e-07     3.94757e-09
           4.98     1.40469e-07     3.84981e-09
              5     1.39869e-07     3.84502e-09
           5.02     1.34774e-07     3.77085e-09
           5.04     1.38737e-07     3.82678e-09
           5.06     1.36438e-07     3.79665e-09
           5.08     1.22262e-07     3.58877e-09
            5.1     1.28286e-07     3.67802e-09
           5.12     1.17405e-07     3.51804e-09
           5.14     1.14851e-07     3.47595e-09
           5.16     1.21818e-07     3.58032e-09
           5.18     1.12737e-07     3.44034e-09
            5.2     1.14471e-07     3.46918e-09
           5.22     1.11044e-07     3.41747e-09
           5.24     1.16262e-07     3.49625e-09
           5.26      1.0589e-07     3.33702e-09
           5.28     1.04557e-07     3.31658e-09
            5.3     9.39649e-08     3.14076e-09
           5.32       9.744e-08     3.19513e-09
           5.34     9.49327e-08      3.1555e-09
           5.36     9.53726e-08     3.16317e-09
           5.38     9.36449e-08     3.13538e-09
            5.4     8.79493e-08     3.03596e-09
           5.42     8.97457e-08     3.06893e-09
           5.44     8.43695e-08     2.97133e-09
           5.46     8.63474e-08     3.00768e-09
           5.48     8.24863e-08     2.93794e-09
            5.5     7.60172e-08     2.82058e-09
           5.52      7.7577e-08     2.84923e-09
           5.54     7.51759e-08     2.80488e-09
           5.56       8.046e-08     2.89898e-09
           5.58     7.79756e-08     2.85421e-09
            5.6     7.08609e-08      2.7206e-09
           5.62     6.57425e-08     2.61834e-09
           5.64     7.18023e-08      2.7367e-09
           5.66     6.45856e-08     2.59485e-09
           5.68     6.56842e-08     2.62015e-09
            5.7     6.12717e-08      2.5301e-09
           5.72     6.05614e-08     2.51351e-09
           5.74     5.97834e-08     2.49853e-09
           5.76     5.60531e-08     2.41985e-09
           5.78     5.77785e-08     2.45343e-09
            5.8     5.92217e-08     2.48368e-09
           5.82     5.42926e-08     2.37721e-09
           5.84     5.21593e-08     2.33121e-09
           5.86     5.35261e-08     2.35952e-09
           5.88     4.81445e-08     2.23828e-09
            5.9     5.35302e-08     2.35729e-09
           5.92     4.63682e-08     2.19637e-09
           5.94      4.5653e-08     2.17715e-09
           5.96     4.43164e-08     2.14784e-09
           5.98     4.21972e-08     2.09229e-09
              6     4.06685e-08     2.05476e-09
           6.02     4.30685e-08     2.11225e-09
           6.04     4.25702e-08     2.10045e-09
           6.06     3.73825e-08     1.97086e-09
           6.08     3.98503e-08     2.03429e-09
            6.1      4.1396e-08     2.07036e-09
           6.12       3.928e-08     2.01833e-09
           6.14     3.71007e-08     1.96142e-09
           6.16     3.32206e-08     1.85472e-09
           6.18     3.49532e-08     1.90172e-09
            6.2     3.37074e-08     1.86742e-09
           6.22     3.08107e-08     1.78537e-09
           6.24     3.08519e-08      1.7877e-09
           6.26     3.33371e-08      1.8554e-09
           6.28     2.96071e-08     1.74809e-09
            6.3     3.20984e-08     1.82063e-09
           6.32      3.0081e-08     1.76376e-09
           6.34     2.28214e-08     1.53201e-09
           6.36      2.5116e-08     1.61158e-09
           6.38     2.40239e-08     1.57427e-09
            6.4      2.3604e-08     1.56016e-09
           6.42     2.41791e-08     1.58097e-09
           6.44     2.52637e-08     1.61448e-09
           6.46      2.1655e-08     1.49472e-09
           6.48     2.06418e-08     1.45989e-09
            6.5     2.03949e-08     1.44977e-09
           6.52        2.12e-08     1.47738e-09
           6.54     2.37322e-08     1.56181e-09
           6.56     2.06592e-08     1.45747e-09
           6.58     1.86834e-08     1.38519e-09
            6.6     1.93278e-08     1.40992e-09
           6.62     1.49557e-08     1.23799e-09
           6.64      1.5481e-08     1.26005e-09
           6.66     1.82683e-08     1.36951e-09
           6.68      1.6308e-08     1.29354e-09
            6.7     1.41749e-08     1.20683e-09
           6.72     1.36567e-08     1.18441e-09
           6.74     1.42668e-08      1.2103e-09
           6.76     1.41337e-08     1.20335e-09
           6.78     1.11723e-08     1.07026e-09
            6.8     1.23964e-08      1.1271e-09
           6.82      1.2905e-08     1.14983e-09
           6.84     1.15694e-08     1.08848e-09
           6.86     1.11765e-08     1.07067e-09
           6.88     1.16412e-08     1.09045e-09
            6.9     1.20541e-08     1.10982e-09
           6.92     1.08579e-08     1.05475e-09
           6.94     1.09359e-08     1.05733e-09
           6.96     1.02937e-08     1.02435e-09
           6.98     8.67804e-09     9.41368e-10
              7     7.99412e-09     9.05252e-10
           7.02      7.7789e-09      8.9242e-10
           7.04      8.9703e-09     9.56331e-10
           7.06     7.77073e-09     8.91451e-10
           7.08     7.96148e-09     9.01554e-10
            7.1     7.32823e-09     8.63716e-10
           7.12     6.64172e-09     8.23889e-10
           7.14     7.64959e-09     8.83383e-10
           7.16      5.6954e-09     7.61172e-10
           7.18     5.40363e-09     7.42315e-10
            7.2     6.11548e-09     7.89552e-10
           7.22     5.71456e-09     7.63717e-10
           7.24     6.00545e-09     7.81908e-10
           7.26     4.47868e-09      6.7525e-10
           7.28     4.07039e-09     6.43628e-10
            7.3     3.97582e-09     6.36704e-10
           7.32     3.96667e-09     6.35246e-10
           7.34     4.38563e-09      6.6887e-10
           7.36     3.75027e-09     6.16586e-10
           7.38     4.46262e-09     6.72811e-10
            7.4     3.96068e-09     6.34249e-10
           7.42     3.14211e-09     5.64378e-10
           7.44     3.04693e-09     5.56328e-10
           7.46     2.13414e-09     4.65728e-10
           7.48     3.04348e-09     5.55703e-10
            7.5      2.4341e-09     4.96878e-10
           7.52     2.64148e-09     5.18058e-10
           7.54     1.91638e-09     4.39651e-10
           7.56       2.435e-09      4.9707e-10
           7.58       2.735e-09     5.26379e-10
            7.6     2.43034e-09     4.96118e-10
           7.62     1.41728e-09       3.788e-10
           7.64     2.12531e-09     4.63796e-10
           7.66     1.72199e-09     4.17664e-10
           7.68     2.12252e-09     4.63189e-10
            7.7     1.41691e-09     3.78702e-10
           7.72     1.41932e-09     3.79342e-10
           7.74     8.09605e-10     2.86251e-10
           7.76     1.01161e-09     3.19911e-10
           7.78     1.01029e-09     3.19486e-10
            7.8     1.72007e-09     4.17194e-10
           7.82     8.07138e-10      2.8537e-10
           7.84     9.11488e-10     3.03851e-10
           7.86     1.01437e-09     3.20784e-10
           7.88      6.0709e-10     2.47854e-10
            7.9       7.029e-10     2.65674e-10
           7.92     6.05693e-10     2.47278e-10
           7.94     5.01985e-10     2.24495e-10
           7.96     7.08075e-10     2.67633e-10
           7.98      7.0535e-10     2.66599e-10
              8     3.03812e-10     1.75408e-10
           8.02     3.02206e-10     1.74482e-10
           8.04     2.02419e-10     1.43132e-10
           8.06     2.01286e-10     1.42331e-10
           8.08     2.00443e-10     1.41735e-10
            8.1      2.0168e-10      1.4261e-10
           8.12     1.00524e-10     1.00524e-10
           8.14     2.01129e-10     1.42221e-10
           8.16      1.0107e-10      1.0107e-10
           8.18     2.01095e-10     1.42197e-10
            8.2               0               0
           8.22               0               0
           8.24     2.00599e-10     1.41846e-10
           8.26               0               0
           8.28               0               0
            8.3               0               0
           8.32               0               0
           8.34               0               0
           8.36               0               0
           8.38               0               0
            8.4               0               0
           8.42               0               0
           8.44               0               0
           8.46               0               0
           8.48               0               0
            8.5               0               0
           8.52               0               0
           8.54               0               0
           8.56               0               0
           8.58               0               0
            8.6               0               0
           8.62               0               0
           8.64               0               0
           8.66               0               0
           8.68               0               0
            8.7               0               0
           8.72               0               0
           8.74               0               0
           8.76               0               0
           8.78               0               0
            8.8               0               0
           8.82               0               0
           8.84               0               0
           8.86               0               0
           8.88               0               0
            8.9               0               0
           8.92               0               0
           8.94               0               0
           8.96               0               0
           8.98               0               0
              9               0               0
           9.02               0               0
           9.04               0               0
           9.06               0               0
           9.08               0               0
            9.1               0               0
           9.12               0               0
           9.14               0               0
           9.16               0               0
           9.18               0               0
            9.2               0               0
           9.22               0               0
           9.24               0               0
           9.26               0               0
           9.28               0               0
            9.3               0               0
           9.32               0               0
           9.34               0               0
           9.36               0               0
           9.38               0               0
            9.4               0               0
           9.42               0               0
           9.44               0               0
           9.46               0               0
           9.48               0               0
            9.5               0               0
           9.52               0               0
           9.54               0               0
           9.56               0               0
           9.58               0               0
            9.6               0               0
           9.62               0               0
           9.64               0               0
           9.66               0               0
           9.68               0               0
            9.7               0               0
           9.72               0               0
           9.74               0               0
           9.76               0               0
           9.78               0               0
            9.8               0               0
           9.82               0               0
           9.84               0               0
           9.86               0               0
           9.88               0               0
            9.9               0               0
           9.92               0               0
           9.94               0               0
           9.96               0               0
           9.98               0               0
             10               0               0
          10.02               0               0
          10.04               0               0
          10.06               0               0
          10.08               0               0
           10.1               0               0
          10.12               0               0
          10.14               0               0
          10.16               0               0
          10.18               0               0
           10.2               0               0
          10.22               0               0
          10.24               0               0
          10.26               0               0
          10.28               0               0
           10.3               0               0
          10.32               0               0
          10.34               0               0
          10.36               0               0
          10.38               0               0
           10.4               0               0
          10.42               0               0
          10.44               0               0
          10.46               0               0
          10.48               0               0
           10.5               0               0
          10.52               0               0
          10.54               0               0
          10.56               0               0
          10.58               0               0
           10.6               0               0
          10.62               0               0
          10.64               0               0
          10.66               0               0
          10.68               0               0
           10.7               0               0
          10.72               0               0
          10.74               0               0
          10.76               0               0
          10.78               0               0
           10.8               0               0
          10.82               0               0
          10.84               0               0
          10.86               0               0
          10.88               0               0
           10.9               0               0
          10.92               0               0
          10.94               0               0
          10.96               0               0
          10.98               0               0
             11               0               0
          11.02               0               0
          11.04               0               0
          11.06               0               0
          11.08               0               0
           11.1               0               0
          11.12               0               0
          11.14               0               0
          11.16               0               0
          11.18               0               0
           11.2               0               0
          11.22               0               0
          11.24               0               0
          11.26               0               0
          11.28               0               0
           11.3               0               0
          11.32               0               0
          11.34               0               0
          11.36               0               0
          11.38               0               0
           11.4               0               0
          11.42               0               0
          11.44               0               0
          11.46               0               0
          11.48               0               0
           11.5               0               0
          11.52               0               0
          11.54               0               0
          11.56               0               0
          11.58               0               0
           11.6               0               0
          11.62               0               0
          11.64               0               0
          11.66               0               0
          11.68               0               0
           11.7               0               0
          11.72               0               0
          11.74               0               0
          11.76               0               0
          11.78               0               0
           11.8               0               0
          11.82               0               0
          11.84               0               0
          11.86               0               0
          11.88               0               0
           11.9               0               0
          11.92               0               0
          11.94               0               0
          11.96               0               0
          11.98               0               0
             12               0               0
          12.02               0               0
          12.04               0               0
          12.06               0               0
          12.08               0               0
           12.1               0               0
          12.12               0               0
          12.14               0               0
          12.16               0               0
          12.18               0               0
           12.2               0               0
          12.22               0               0
          12.24               0               0
          12.26               0               0
          12.28               0               0
           12.3               0               0
          12.32               0               0
          12.34               0               0
          12.36               0               0
          12.38               0               0
           12.4               0               0
          12.42               0               0
          12.44               0               0
          12.46               0               0
          12.48               0               0
           12.5               0               0
          12.52               0               0
          12.54               0               0
          12.56               0               0
          12.58               0               0
           12.6               0               0
          12.62               0               0
          12.64               0               0
          12.66               0               0
          12.68               0               0
           12.7               0               0
          12.72               0               0
          12.74               0               0
          12.76               0               0
          12.78               0               0
           12.8               0               0
          12.82               0               0
          12.84               0               0
          12.86               0               0
          12.88               0               0
           12.9               0               0
          12.92               0               0
          12.94               0               0
          12.96               0               0
          12.98               0               0
             13               0               0
          13.02               0               0
          13.04               0               0
          13.06               0               0
          13.08               0               0
           13.1               0               0
          13.12               0               0
          13.14               0               0
          13.16               0               0
          13.18               0               0
           13.2               0               0
          13.22               0               0
          13.24               0               0
          13.26               0               0
          13.28               0               0
           13.3               0               0
          13.32               0               0
          13.34               0               0
          13.36               0               0
          13.38               0               0
           13.4               0               0
          13.42               0               0
          13.44               0               0
          13.46               0               0
          13.48               0               0
           13.5               0               0
          13.52               0               0
          13.54               0               0
          13.56               0               0
          13.58               0               0
           13.6               0               0
          13.62               0               0
          13.64               0               0
          13.66               0               0
          13.68               0               0
           13.7               0               0
          13.72               0               0
          13.74               0               0
          13.76               0               0
          13.78               0               0
           13.8               0               0
          13.82               0               0
          13.84               0               0
          13.86               0               0
          13.88               0               0
           13.9               0               0
          13.92               0               0
          13.94               0               0
          13.96               0               0
          13.98               0               0
             14               0               0
          14.02               0               0
          14.04               0               0
          14.06               0               0
          14.08               0               0
           14.1               0               0
          14.12               0               0
          14.14               0               0
          14.16               0               0
          14.18               0               0
           14.2               0               0
          14.22               0               0
          14.24               0               0
          14.26               0               0
          14.28               0               0
           14.3               0               0
          14.32               0               0
          14.34               0               0
          14.36               0               0
          14.38               0               0
           14.4               0               0
          14.42               0               0
          14.44               0               0
          14.46               0               0
          14.48               0               0
           14.5               0               0
          14.52               0               0
          14.54               0               0
          14.56               0               0
          14.58               0               0
           14.6               0               0
          14.62               0               0
          14.64               0               0
          14.66               0               0
          14.68               0               0
           14.7               0               0
          14.72               0               0
          14.74               0               0
          14.76               0               0
          14.78               0               0
           14.8               0               0
          14.82               0               0
          14.84               0               0
          14.86               0               0
          14.88               0               0
           14.9               0               0
          14.92               0               0
          14.94               0               0
          14.96               0               0
          14.98               0               0
             15               0               0
          15.02               0               0
          15.04               0               0
          15.06               0               0
          15.08               0               0
           15.1               0               0
          15.12               0               0
          15.14               0               0
          15.16               0               0
          15.18               0               0
           15.2               0               0
          15.22               0               0
          15.24               0               0
          15.26               0               0
          15.28               0               0
           15.3               0               0
          15.32               0               0
          15.34               0               0
          15.36               0               0
          15.38               0               0
           15.4               0               0
          15.42               0               0
          15.44               0               0
          15.46               0               0
          15.48               0               0
           15.5               0               0
          15.52               0               0
          15.54               0               0
          15.56               0               0
          15.58               0               0
           15.6               0               0
          15.62               0               0
          15.64               0               0
          15.66               0               0
          15.68               0               0
           15.7               0               0
          15.72               0               0
          15.74               0               0
          15.76               0               0
          15.78               0               0
           15.8               0               0
          15.82               0               0
          15.84               0               0
          15.86               0               0
          15.88               0               0
           15.9               0               0
          15.92               0               0
          15.94               0               0
          15.96               0               0
          15.98               0               0
             16               0               0
          16.02               0               0
          16.04               0               0
          16.06               0               0
          16.08               0               0
           16.1               0               0
          16.12               0               0
          16.14               0               0
          16.16               0               0
          16.18               0               0
           16.2               0               0
          16.22               0               0
          16.24               0               0
          16.26               0               0
          16.28               0               0
           16.3               0               0
          16.32               0               0
          16.34               0               0
          16.36               0               0
          16.38               0               0
           16.4               0               0
          16.42               0               0
          16.44               0               0
          16.46               0               0
          16.48               0               0
           16.5               0               0
          16.52               0               0
          16.54               0               0
          16.56               0               0
          16.58               0               0
           16.6               0               0
          16.62               0               0
          16.64               0               0
          16.66               0               0
          16.68               0               0
           16.7               0               0
          16.72               0               0
          16.74               0               0
          16.76               0               0
          16.78               0               0
           16.8               0               0
          16.82               0               0
          16.84               0               0
          16.86               0               0
          16.88               0               0
           16.9               0               0
          16.92               0               0
          16.94               0               0
          16.96               0               0
          16.98               0               0
             17               0               0
          17.02               0               0
          17.04               0               0
          17.06               0               0
          17.08               0               0
           17.1               0               0
          17.12               0               0
          17.14               0               0
          17.16               0               0
          17.18               0               0
           17.2               0               0
          17.22               0               0
          17.24               0               0
          17.26               0               0
          17.28               0               0
           17.3               0               0
          17.32               0               0
          17.34               0               0
          17.36               0               0
          17.38               0               0
           17.4               0               0
          17.42               0               0
          17.44               0               0
          17.46               0               0
          17.48               0               0
           17.5               0               0
          17.52               0               0
          17.54               0               0
          17.56               0               0
          17.58               0               0
           17.6               0               0
          17.62               0               0
          17.64               0               0
          17.66               0               0
          17.68               0               0
           17.7               0               0
          17.72               0               0
          17.74               0               0
          17.76               0               0
          17.78               0               0
           17.8               0               0
          17.82               0               0
          17.84               0               0
          17.86               0               0
          17.88               0               0
           17.9               0               0
          17.92               0               0
          17.94               0               0
          17.96               0               0
          17.98               0               0
             18               0               0
          18.02               0               0
          18.04               0               0
          18.06               0               0
          18.08               0               0
           18.1               0               0
          18.12               0               0
          18.14               0               0
          18.16               0               0
          18.18               0               0
           18.2               0               0
          18.22               0               0
          18.24               0               0
          18.26               0               0
          18.28               0               0
           18.3               0               0
          18.32               0               0
          18.34               0               0
          18.36               0               0
          18.38               0               0
           18.4               0               0
          18.42               0               0
          18.44               0               0
          18.46               0               0
          18.48               0               0
           18.5               0               0
          18.52               0               0
          18.54               0               0
          18.56               0               0
          18.58               0               0
           18.6               0               0
          18.62               0               0
          18.64               0               0
          18.66               0               0
          18.68               0               0
           18.7               0               0
          18.72               0               0
          18.74               0               0
          18.76               0               0
          18.78               0               0
           18.8               0               0
          18.82               0               0
          18.84               0               0
          18.86               0               0
          18.88               0               0
           18.9               0               0
          18.92               0               0
          18.94               0               0
          18.96               0               0
          18.98               0               0
             19               0               0
          19.02               0               0
          19.04               0               0
          19.06               0               0
          19.08               0               0
           19.1               0               0
          19.12               0               0
          19.14               0               0
          19.16               0               0
          19.18               0               0
           19.2               0               0
          19.22               0               0
          19.24               0               0
          19.26               0               0
          19.28               0               0
           19.3               0               0
          19.32               0               0
          19.34               0               0
          19.36               0               0
          19.38               0               0
           19.4               0               0
          19.42               0               0
          19.44               0               0
          19.46               0               0
          19.48               0               0
           19.5               0               0
          19.52               0               0
          19.54               0               0
          19.56               0               0
          19.58               0               0
           19.6               0               0
          19.62               0               0
          19.64               0               0
          19.66               0               0
          19.68               0               0
           19.7               0               0
          19.72               0               0
          19.74               0               0
          19.76               0               0
          19.78               0               0
           19.8               0               0
          19.82               0               0
          19.84               0               0
          19.86               0               0
          19.88               0               0
           19.9               0               0
          19.92               0               0
          19.94               0               0
          19.96               0               0
          19.98               0               0
             20               0               0
          20.02               0               0

AFlux_Sample  1000  20
              0               0               0
           0.02     2.65989e-07     6.62029e-11
           0.04     2.37974e-07     5.23666e-11
           0.06     2.20805e-07     4.55493e-11
           0.08     2.07662e-07     4.08457e-11
            0.1     1.96957e-07      3.7203e-11
           0.12     1.88023e-07     3.42241e-11
           0.14     1.80465e-07      3.1702e-11
           0.16      1.7404e-07     2.95328e-11
           0.18     1.68565e-07     2.76466e-11
            0.2     1.63913e-07     2.60056e-11
           0.22     1.59978e-07     2.45839e-11
           0.24     1.56668e-07     2.33583e-11
           0.26     1.53906e-07     2.23158e-11
           0.28     1.51622e-07     2.14375e-11
            0.3     1.49741e-07     2.07049e-11
           0.32      1.4821e-07     2.01032e-11
           0.34     1.46974e-07     1.96147e-11
           0.36     1.45987e-07     1.92244e-11
           0.38     1.45215e-07      1.8919e-11
            0.4     1.44612e-07     1.86821e-11
           0.42     1.44153e-07     1.85023e-11
           0.44     1.43806e-07     1.83674e-11
           0.46      1.4355e-07     1.82677e-11
           0.48     1.43363e-07     1.81953e-11
            0.5     1.43232e-07     1.81443e-11
           0.52      1.4314e-07     1.81082e-11
           0.54     1.43079e-07     1.80838e-11
           0.56     1.43041e-07     1.80677e-11
           0.58     1.43019e-07     1.80573e-11
            0.6     1.43009e-07     1.80508e-11
           0.62     1.43006e-07     1.80471e-11
           0.64     1.43007e-07     1.80451e-11
           0.66     1.43012e-07     1.80441e-11
           0.68     1.43018e-07     1.80436e-11
            0.7     1.43026e-07     1.80434e-11
           0.72     1.43033e-07     1.80433e-11
           0.74      1.4304e-07     1.80431e-11
           0.76     1.43047e-07     1.80427e-11
           0.78     1.43054e-07     1.80422e-11
            0.8     1.43061e-07     1.80415e-11
           0.82     1.43067e-07     1.80407e-11
           0.84     1.43072e-07     1.80399e-11
           0.86     1.43078e-07     1.80388e-11
           0.88     1.43084e-07     1.80377e-11
            0.9     1.43089e-07     1.80364e-11
           0.92     1.43095e-07     1.80351e-11
           0.94       1.431e-07     1.80339e-11
           0.96     1.43105e-07     1.80325e-11
           0.98      1.4311e-07     1.80311e-11
              1     1.43115e-07     1.80297e-11
           1.02      1.4312e-07     1.80283e-11
           1.04     1.43125e-07      1.8027e-11
           1.06     1.43129e-07     1.80257e-11
           1.08     1.43134e-07     1.80242e-11
            1.1     1.43139e-07     1.80228e-11
           1.12     1.43144e-07     1.80215e-11
           1.14     1.43149e-07       1.802e-11
           1.16     1.43154e-07     1.80186e-11
           1.18     1.43159e-07     1.80173e-11
            1.2     1.43164e-07     1.80159e-11
           1.22     1.43169e-07     1.80146e-11
           1.24     1.43174e-07      1.8013e-11
           1.26      1.4318e-07     1.80117e-11
           1.28     1.43185e-07     1.80103e-11
            1.3      1.4319e-07     1.80086e-11
           1.32     1.43196e-07     1.80072e-11
           1.34     1.43201e-07     1.80057e-11
           1.36     1.43207e-07     1.80043e-11
           1.38     1.43212e-07      1.8003e-11
            1.4     1.43217e-07     1.80015e-11
           1.42     1.43223e-07     1.80001e-11
           1.44     1.43229e-07     1.79985e-11
           1.46     1.43235e-07      1.7997e-11
           1.48     1.43241e-07     1.79954e-11
            1.5     1.43246e-07      1.7994e-11
           1.52     1.43251e-07     1.79927e-11
           1.54     1.43257e-07     1.79913e-11
           1.56     1.43262e-07     1.79899e-11
           1.58     1.43268e-07     1.79884e-11
            1.6     1.43274e-07      1.7987e-11
           1.62      1.4328e-07     1.79854e-11
           1.64     1.43286e-07     1.79839e-11
           1.66     1.43292e-07     1.79825e-11
           1.68     1.43298e-07      1.7981e-11
            1.7     1.43304e-07     1.79795e-11
           1.72     1.43311e-07     1.79779e-11
           1.74     1.43318e-07     1.79763e-11
           1.76     1.43324e-07     1.79748e-11
           1.78      1.4333e-07     1.79733e-11
            1.8     1.43337e-07     1.79718e-11
           1.82     1.43343e-07     1.79704e-11
           1.84     1.43349e-07     1.79688e-11
           1.86     1.43356e-07     1.79673e-11
           1.88     1.43363e-07     1.79658e-11
            1.9     1.43369e-07     1.79642e-11
           1.92     1.43376e-07     1.79627e-11
           1.94     1.43383e-07      1.7961e-11
           1.96      1.4339e-07     1.79597e-11
           1.98     1.43397e-07     1.79581e-11
              2     1.43404e-07     1.79567e-11
           2.02     1.43411e-07      1.7955e-11
           2.04     1.43418e-07     1.79534e-11
           2.06     1.43426e-07     1.79518e-11
           2.08     1.43433e-07     1.79503e-11
            2.1      1.4344e-07     1.79487e-11
           2.12     1.43447e-07     1.79472e-11
           2.14     1.43455e-07     1.79457e-11
           2.16     1.43463e-07     1.79439e-11
           2.18      1.4347e-07     1.79424e-11
            2.2     1.43478e-07     1.79409e-11
           2.22     1.43486e-07     1.79392e-11
           2.24     1.43494e-07     1.79375e-11
           2.26     1.43502e-07     1.79359e-11
           2.28      1.4351e-07     1.79344e-11
            2.3     1.43518e-07     1.79327e-11
           2.32     1.43526e-07     1.79312e-11
           2.34     1.43534e-07     1.79297e-11
           2.36     1.43541e-07     1.79282e-11
           2.38     1.43549e-07     1.79267e-11
            2.4     1.43557e-07     1.79252e-11
           2.42     1.43565e-07     1.79238e-11
           2.44     1.43572e-07     1.79226e-11
           2.46     1.43579e-07     1.79215e-11
           2.48     1.43581e-07     1.79216e-11
            2.5     1.43585e-07     1.79204e-11
           2.52     1.43592e-07     1.79192e-11
           2.54     1.43598e-07     1.79184e-11
           2.56       1.436e-07     1.79185e-11
           2.58     1.43601e-07     1.79182e-11
            2.6     1.43606e-07     1.79169e-11
           2.62     1.43614e-07     1.79155e-11
           2.64     1.43623e-07     1.79142e-11
           2.66     1.43632e-07     1.79131e-11
           2.68     1.43641e-07     1.79123e-11
            2.7     1.43651e-07     1.79124e-11
           2.72     1.43659e-07     1.79146e-11
           2.74     1.43669e-07     1.79179e-11
           2.76     1.43691e-07     1.79229e-11
           2.78     1.43728e-07      1.7932e-11
            2.8     1.43785e-07     1.79488e-11
           2.82     1.43874e-07     1.79777e-11
           2.84     1.44011e-07     1.80252e-11
           2.86     1.44221e-07     1.81009e-11
           2.88      1.4453e-07      1.8216e-11
            2.9     1.44985e-07     1.83874e-11
           2.92     1.45635e-07     1.86303e-11
           2.94     1.46547e-07     1.89656e-11
           2.96     1.47795e-07      1.9411e-11
           2.98     1.49453e-07     1.99812e-11
              3     1.51586e-07     2.06819e-11
           3.02     1.54253e-07     2.15069e-11
           3.04      1.5751e-07     2.24419e-11
           3.06     1.61364e-07     2.34574e-11
           3.08     1.65791e-07     2.45117e-11
            3.1     1.70756e-07     2.55678e-11
           3.12     1.76159e-07      2.6582e-11
           3.14     1.81854e-07     2.75143e-11
           3.16     1.87686e-07     2.83385e-11
           3.18     1.93478e-07     2.90364e-11
            3.2     1.99063e-07     2.96043e-11
           3.22     2.04305e-07     3.00462e-11
           3.24     2.09085e-07     3.03772e-11
           3.26     2.13302e-07     3.06152e-11
           3.28     2.16908e-07       3.078e-11
            3.3     2.19911e-07     3.08913e-11
           3.32     2.22325e-07     3.09643e-11
           3.34     2.24212e-07     3.10126e-11
           3.36     2.25653e-07     3.10422e-11
           3.38     2.26726e-07     3.10573e-11
            3.4     2.27517e-07     3.10604e-11
           3.42     2.28089e-07     3.10565e-11
           3.44     2.28492e-07     3.10466e-11
           3.46     2.28779e-07     3.10334e-11
           3.48     2.28982e-07     3.10189e-11
            3.5      2.2913e-07     3.10035e-11
           3.52      2.2924e-07     3.09889e-11
           3.54     2.29321e-07     3.09755e-11
           3.56     2.29382e-07     3.09639e-11
           3.58     2.29434e-07      3.0952e-11
            3.6      2.2948e-07     3.09414e-11
           3.62     2.29514e-07     3.09331e-11
           3.64     2.29557e-07     3.09206e-11
           3.66      2.2961e-07     3.09062e-11
           3.68     2.29664e-07     3.08913e-11
            3.7     2.29721e-07     3.08758e-11
           3.72     2.29778e-07     3.08604e-11
           3.74     2.29837e-07     3.08441e-11
           3.76     2.29899e-07     3.08273e-11
           3.78     2.29959e-07     3.08116e-11
            3.8     2.30009e-07      3.0799e-11
           3.82     2.30046e-07     3.07908e-11
           3.84     2.30062e-07     3.07875e-11
           3.86     2.30076e-07     3.07832e-11
           3.88     2.30102e-07     3.07754e-11
            3.9     2.30135e-07     3.07665e-11
           3.92     2.30166e-07     3.07587e-11
           3.94     2.30199e-07     3.07489e-11
           3.96     2.30248e-07     3.07349e-11
           3.98     2.30313e-07     3.07164e-11
              4     2.30392e-07     3.06947e-11
           4.02     2.30474e-07     3.06727e-11
           4.04     2.30559e-07     3.06505e-11
           4.06     2.30644e-07     3.06281e-11
           4.08     2.30719e-07     3.06099e-11
            4.1      2.3077e-07     3.05989e-11
           4.12     2.30804e-07     3.05902e-11
           4.14     2.30847e-07     3.05772e-11
           4.16     2.30909e-07     3.05601e-11
           4.18     2.30974e-07     3.05433e-11
            4.2     2.31036e-07     3.05277e-11
           4.22     2.31088e-07     3.05156e-11
           4.24     2.31118e-07     3.05099e-11
           4.26     2.31131e-07     3.05072e-11
           4.28     2.31142e-07      3.0504e-11
            4.3     2.31171e-07     3.04943e-11
           4.32     2.31216e-07     3.04822e-11
           4.34     2.31257e-07      3.0473e-11
           4.36     2.31278e-07     3.04698e-11
           4.38     2.31281e-07     3.04697e-11
            4.4     2.31281e-07     3.04697e-11
           4.42     2.31287e-07     3.04675e-11
           4.44     2.31307e-07     3.04607e-11
           4.46     2.31346e-07     3.04496e-11
           4.48       2.314e-07      3.0435e-11
            4.5     2.31467e-07     3.04168e-11
           4.52     2.31546e-07     3.03968e-11
           4.54     2.31609e-07     3.03836e-11
           4.56      2.3163e-07     3.03817e-11
           4.58     2.31641e-07     3.03784e-11
            4.6     2.31653e-07     3.03759e-11
           4.62     2.31662e-07     3.03738e-11
           4.64     2.31671e-07     3.03718e-11
           4.66     2.31681e-07     3.03691e-11
           4.68     2.31698e-07     3.03637e-11
            4.7      2.3173e-07     3.03545e-11
           4.72     2.31776e-07     3.03421e-11
           4.74     2.31828e-07     3.03293e-11
           4.76      2.3189e-07     3.03128e-11
           4.78      2.3196e-07     3.02952e-11
            4.8     2.32033e-07     3.02774e-11
           4.82     2.32104e-07     3.02601e-11
           4.84     2.32172e-07     3.02439e-11
           4.86     2.32234e-07     3.02298e-11
           4.88     2.32264e-07      3.0226e-11
            4.9      2.3229e-07     3.02174e-11
           4.92     2.32341e-07     3.02039e-11
           4.94     2.32381e-07     3.01964e-11
           4.96      2.3241e-07      3.0189e-11
           4.98     2.32452e-07     3.01773e-11
              5     2.32515e-07     3.01603e-11
           5.02     2.32596e-07     3.01398e-11
           5.04     2.32688e-07     3.01165e-11
           5.06     2.32783e-07     3.00947e-11
           5.08     2.32833e-07     3.00893e-11
            5.1     2.32838e-07     3.00888e-11
           5.12     2.32854e-07     3.00833e-11
           5.14     2.32873e-07     3.00801e-11
           5.16      2.3289e-07     3.00748e-11
           5.18     2.32918e-07     3.00679e-11
            5.2     2.32948e-07     3.00607e-11
           5.22     2.32979e-07     3.00537e-11
           5.24     2.33007e-07     3.00472e-11
           5.26     2.33035e-07     3.00408e-11
           5.28      2.3306e-07     3.00351e-11
            5.3     2.33084e-07     3.00297e-11
           5.32     2.33107e-07     3.00247e-11
           5.34     2.33128e-07       3.002e-11
           5.36     2.33149e-07     3.00157e-11
           5.38      2.3317e-07     3.00123e-11
            5.4     2.33194e-07     3.00097e-11
           5.42     2.33229e-07     3.00093e-11
           5.44     2.33288e-07     3.00124e-11
           5.46     2.33396e-07     3.00231e-11
           5.48     2.33598e-07     3.00482e-11
            5.5     2.33967e-07     3.01009e-11
           5.52     2.34613e-07     3.01958e-11
           5.54     2.35677e-07     3.03559e-11
           5.56     2.37321e-07     3.06057e-11
           5.58     2.39719e-07     3.09648e-11
            5.6     2.42998e-07     3.14374e-11
           5.62     2.47197e-07     3.20057e-11
           5.64     2.52254e-07     3.26336e-11
           5.66     2.57982e-07     3.32651e-11
           5.68     2.64058e-07      3.3847e-11
            5.7     2.70116e-07     3.43388e-11
           5.72     2.75784e-07      3.4726e-11
           5.74     2.80739e-07     3.50111e-11
           5.76     2.84812e-07     3.52105e-11
           5.78     2.87942e-07      3.5344e-11
            5.8     2.90214e-07     3.54338e-11
           5.82     2.91761e-07     3.54914e-11
           5.84     2.92754e-07      3.5526e-11
           5.86     2.93354e-07     3.55448e-11
           5.88     2.93697e-07     3.55532e-11
            5.9     2.93887e-07     3.55556e-11
           5.92      2.9399e-07     3.55533e-11
           5.94     2.94051e-07     3.55483e-11
           5.96     2.94088e-07     3.55423e-11
           5.98     2.94115e-07     3.55358e-11
              6     2.94139e-07     3.55289e-11
           6.02      2.9416e-07     3.55225e-11
           6.04      2.9418e-07     3.55158e-11
           6.06     2.94199e-07     3.55096e-11
           6.08     2.94218e-07     3.55033e-11
            6.1     2.94236e-07     3.54972e-11
           6.12     2.94255e-07     3.54913e-11
           6.14     2.94272e-07     3.54856e-11
           6.16     2.94289e-07       3.548e-11
           6.18     2.94306e-07     3.54743e-11
            6.2     2.94322e-07      3.5469e-11
           6.22     2.94337e-07     3.54642e-11
           6.24     2.94352e-07      3.5459e-11
           6.26     2.94368e-07      3.5454e-11
           6.28     2.94382e-07     3.54493e-11
            6.3     2.94398e-07     3.54442e-11
           6.32     2.94412e-07     3.54397e-11
           6.34     2.94426e-07      3.5435e-11
           6.36      2.9444e-07     3.54303e-11
           6.38     2.94455e-07     3.54256e-11
            6.4     2.94468e-07     3.54214e-11
           6.42     2.94481e-07     3.54173e-11
           6.44     2.94493e-07     3.54131e-11
           6.46     2.94506e-07      3.5409e-11
           6.48     2.94518e-07     3.54051e-11
            6.5      2.9453e-07     3.54011e-11
           6.52     2.94542e-07     3.53975e-11
           6.54     2.94554e-07     3.53935e-11
           6.56     2.94565e-07     3.53898e-11
           6.58     2.94577e-07     3.53859e-11
            6.6     2.94589e-07     3.53822e-11
           6.62     2.94599e-07     3.53791e-11
           6.64     2.94609e-07      3.5376e-11
           6.66     2.94618e-07     3.53728e-11
           6.68     2.94629e-07     3.53695e-11
            6.7     2.94638e-07     3.53665e-11
           6.72     2.94647e-07     3.53635e-11
           6.74     2.94657e-07     3.53604e-11
           6.76     2.94666e-07     3.53575e-11
           6.78     2.94675e-07     3.53546e-11
            6.8     2.94684e-07      3.5352e-11
           6.82     2.94693e-07     3.53491e-11
           6.84     2.94702e-07     3.53464e-11
           6.86     2.94709e-07     3.53439e-11
           6.88     2.94717e-07     3.53416e-11
            6.9     2.94724e-07     3.53392e-11
           6.92     2.94731e-07     3.53373e-11
           6.94     2.94738e-07      3.5335e-11
           6.96     2.94745e-07     3.53327e-11
           6.98     2.94752e-07     3.53304e-11
              7     2.94759e-07     3.53285e-11
           7.02     2.94764e-07     3.53267e-11
           7.04     2.94771e-07     3.53244e-11
           7.06     2.94778e-07     3.53227e-11
           7.08     2.94783e-07     3.53208e-11
            7.1     2.94789e-07     3.53191e-11
           7.12     2.94795e-07     3.53173e-11
           7.14       2.948e-07     3.53156e-11
           7.16     2.94806e-07     3.53138e-11
           7.18     2.94811e-07     3.53121e-11
            7.2     2.94817e-07     3.53104e-11
           7.22     2.94822e-07     3.53088e-11
           7.24     2.94827e-07     3.53072e-11
           7.26     2.94832e-07     3.53057e-11
           7.28     2.94838e-07      3.5304e-11
            7.3     2.94842e-07     3.53026e-11
           7.32     2.94847e-07     3.53011e-11
           7.34     2.94852e-07     3.52997e-11
           7.36     2.94856e-07     3.52984e-11
           7.38      2.9486e-07     3.52973e-11
            7.4     2.94864e-07     3.52961e-11
           7.42     2.94868e-07     3.52948e-11
           7.44     2.94872e-07     3.52936e-11
           7.46     2.94876e-07     3.52925e-11
           7.48      2.9488e-07     3.52912e-11
            7.5     2.94883e-07     3.52904e-11
           7.52     2.94886e-07     3.52895e-11
           7.54     2.94889e-07     3.52886e-11
           7.56     2.94892e-07     3.52876e-11
           7.58     2.94895e-07     3.52867e-11
            7.6     2.94898e-07     3.52858e-11
           7.62     2.94901e-07     3.52849e-11
           7.64     2.94903e-07     3.52843e-11
           7.66     2.94905e-07     3.52837e-11
           7.68     2.94907e-07      3.5283e-11
            7.7      2.9491e-07     3.52822e-11
           7.72     2.94917e-07     3.52802e-11
           7.74      2.9494e-07     3.52751e-11
           7.76     2.95013e-07      3.5261e-11
           7.78     2.95227e-07     3.52249e-11
            7.8     2.95776e-07     3.51472e-11
           7.82     2.96984e-07     3.50038e-11
           7.84     2.99297e-07     3.47686e-11
           7.86     3.03125e-07     3.44296e-11
           7.88      3.0862e-07     3.39824e-11
            7.9     3.15481e-07     3.34338e-11
           7.92     3.22915e-07      3.2821e-11
           7.94     3.29892e-07     3.22224e-11
           7.96     3.35603e-07     3.17191e-11
           7.98     3.39647e-07     3.13704e-11
              8      3.4213e-07     3.11775e-11
           8.02     3.43457e-07     3.10894e-11
           8.04     3.44077e-07     3.10546e-11
           8.06     3.44331e-07     3.10435e-11
           8.08     3.44424e-07     3.10384e-11
            8.1     3.44458e-07     3.10348e-11
           8.12     3.44473e-07     3.10308e-11
           8.14     3.44483e-07     3.10269e-11
           8.16     3.44492e-07     3.10227e-11
           8.18       3.445e-07     3.10187e-11
            8.2     3.44508e-07     3.10148e-11
           8.22     3.44515e-07     3.10112e-11
           8.24     3.44523e-07     3.10073e-11
           8.26      3.4453e-07     3.10036e-11
           8.28     3.44538e-07     3.09999e-11
            8.3     3.44544e-07     3.09971e-11
           8.32      3.4455e-07     3.09938e-11
           8.34     3.44557e-07     3.09905e-11
           8.36     3.44564e-07     3.09865e-11
           8.38     3.44572e-07     3.09829e-11
            8.4     3.44579e-07     3.09794e-11
           8.42     3.44586e-07      3.0976e-11
           8.44     3.44593e-07     3.09725e-11
           8.46     3.44599e-07     3.09694e-11
           8.48     3.44606e-07     3.09662e-11
            8.5     3.44612e-07     3.09632e-11
           8.52     3.44619e-07     3.09597e-11
           8.54     3.44625e-07     3.09565e-11
           8.56     3.44632e-07     3.09534e-11
           8.58     3.44638e-07       3.095e-11
            8.6     3.44644e-07     3.09472e-11
           8.62      3.4465e-07     3.09442e-11
           8.64     3.44656e-07     3.09413e-11
           8.66     3.44662e-07     3.09384e-11
           8.68     3.44668e-07     3.09356e-11
            8.7     3.44673e-07     3.09331e-11
           8.72     3.44679e-07     3.09303e-11
           8.74     3.44684e-07     3.09278e-11
           8.76      3.4469e-07      3.0925e-11
           8.78     3.44695e-07     3.09222e-11
            8.8     3.44701e-07     3.09198e-11
           8.82     3.44706e-07     3.09174e-11
           8.84     3.44711e-07     3.09147e-11
           8.86     3.44716e-07     3.09123e-11
           8.88     3.44721e-07     3.09097e-11
            8.9     3.44726e-07     3.09073e-11
           8.92     3.44731e-07      3.0905e-11
           8.94     3.44736e-07     3.09027e-11
           8.96      3.4474e-07     3.09003e-11
           8.98     3.44745e-07     3.08981e-11
              9     3.44749e-07     3.08961e-11
           9.02     3.44753e-07     3.08942e-11
           9.04     3.44757e-07     3.08922e-11
           9.06     3.44761e-07     3.08904e-11
           9.08     3.44765e-07     3.08884e-11
            9.1     3.44769e-07     3.08866e-11
           9.12     3.44773e-07     3.08848e-11
           9.14     3.44776e-07     3.08832e-11
           9.16     3.44779e-07     3.08817e-11
           9.18     3.44782e-07     3.08803e-11
            9.2     3.44785e-07     3.08788e-11
           9.22     3.44788e-07     3.08777e-11
           9.24     3.44789e-07     3.08768e-11
           9.26     3.44792e-07     3.08757e-11
           9.28     3.44794e-07     3.08745e-11
            9.3     3.44796e-07     3.08735e-11
           9.32     3.44798e-07     3.08726e-11
           9.34       3.448e-07     3.08716e-11
           9.36     3.44802e-07     3.08708e-11
           9.38     3.44804e-07       3.087e-11
            9.4     3.44805e-07     3.08695e-11
           9.42     3.44806e-07     3.08691e-11
           9.44     3.44807e-07     3.08687e-11
           9.46     3.44807e-07     3.08684e-11
           9.48     3.44808e-07     3.08681e-11
            9.5     3.44808e-07      3.0868e-11
           9.52     3.44808e-07      3.0868e-11
           9.54     3.44808e-07      3.0868e-11
           9.56     3.44808e-07      3.0868e-11
           9.58     3.44807e-07     3.08681e-11
            9.6     3.44807e-07     3.08682e-11
           9.62     3.44807e-07     3.08682e-11
           9.64     3.44807e-07     3.08682e-11
           9.66     3.44807e-07     3.08683e-11
           9.68     3.44807e-07     3.08683e-11
            9.7     3.44807e-07     3.08683e-11
           9.72     3.44807e-07     3.08684e-11
           9.74     3.44806e-07     3.08684e-11
           9.76     3.44806e-07     3.08684e-11
           9.78     3.44806e-07     3.08685e-11
            9.8     3.44806e-07     3.08685e-11
           9.82     3.44806e-07     3.08685e-11
           9.84     3.44806e-07     3.08685e-11
           9.86     3.44806e-07     3.08685e-11
           9.88     3.44806e-07     3.08685e-11
            9.9     3.44806e-07     3.08685e-11
           9.92     3.44806e-07     3.08685e-11
           9.94     3.44806e-07     3.08686e-11
           9.96     3.44806e-07     3.08686e-11
           9.98     3.44806e-07     3.08686e-11
             10     3.44806e-07     3.08686e-11
          10.02               0               0
          10.04               0               0
          10.06               0               0
          10.08               0               0
           10.1               0               0
          10.12               0               0
          10.14               0               0
          10.16               0               0
          10.18               0               0
           10.2               0               0
          10.22               0               0
          10.24               0               0
          10.26               0               0
          10.28               0               0
           10.3               0               0
          10.32               0               0
          10.34               0               0
          10.36               0               0
          10.38               0               0
           10.4               0               0
          10.42               0               0
          10.44               0               0
          10.46               0               0
          10.48               0               0
           10.5               0               0
          10.52               0               0
          10.54               0               0
          10.56               0               0
          10.58               0               0
           10.6               0               0
          10.62               0               0
          10.64               0               0
          10.66               0               0
          10.68               0               0
           10.7               0               0
          10.72               0               0
          10.74               0               0
          10.76               0               0
          10.78               0               0
           10.8               0               0
          10.82               0               0
          10.84               0               0
          10.86               0               0
          10.88               0               0
           10.9               0               0
          10.92               0               0
          10.94               0               0
          10.96               0               0
          10.98               0               0
             11               0               0
          11.02               0               0
          11.04               0               0
          11.06               0               0
          11.08               0               0
           11.1               0               0
          11.12               0               0
          11.14               0               0
          11.16               0               0
          11.18               0               0
           11.2               0               0
          11.22               0               0
          11.24               0               0
          11.26               0               0
          11.28               0               0
           11.3               0               0
          11.32               0               0
          11.34               0               0
          11.36               0               0
          11.38               0               0
           11.4               0               0
          11.42               0               0
          11.44               0               0
          11.46               0               0
          11.48               0               0
           11.5               0               0
          11.52               0               0
          11.54               0               0
          11.56               0               0
          11.58               0               0
           11.6               0               0
          11.62               0               0
          11.64               0               0
          11.66               0               0
          11.68               0               0
           11.7               0               0
          11.72               0               0
          11.74               0               0
          11.76               0               0
          11.78               0               0
           11.8               0               0
          11.82               0               0
          11.84               0               0
          11.86               0               0
          11.88               0               0
           11.9               0               0
          11.92               0               0
          11.94               0               0
          11.96               0               0
          11.98               0               0
             12               0               0
          12.02               0               0
          12.04               0               0
          12.06               0               0
          12.08               0               0
           12.1               0               0
          12.12               0               0
          12.14               0               0
          12.16               0               0
          12.18               0               0
           12.2               0               0
          12.22               0               0
          12.24               0               0
          12.26               0               0
          12.28               0               0
           12.3               0               0
          12.32               0               0
          12.34               0               0
          12.36               0               0
          12.38               0               0
           12.4               0               0
          12.42               0               0
          12.44               0               0
          12.46               0               0
          12.48               0               0
           12.5               0               0
          12.52               0               0
          12.54               0               0
          12.56               0               0
          12.58               0               0
           12.6               0               0
          12.62               0               0
          12.64               0               0
          12.66               0               0
          12.68               0               0
           12.7               0               0
          12.72               0               0
          12.74               0               0
          12.76               0               0
          12.78               0               0
           12.8               0               0
          12.82               0               0
          12.84               0               0
          12.86               0               0
          12.88               0               0
           12.9               0               0
          12.92               0               0
          12.94               0               0
          12.96               0               0
          12.98               0               0
             13               0               0
          13.02               0               0
          13.04               0               0
          13.06               0               0
          13.08               0               0
           13.1               0               0
          13.12               0               0
          13.14               0               0
          13.16               0               0
          13.18               0               0
           13.2               0               0
          13.22               0               0
          13.24               0               0
          13.26               0               0
          13.28               0               0
           13.3               0               0
          13.32               0               0
          13.34               0               0
          13.36               0               0
          13.38               0               0
           13.4               0               0
          13.42               0               0
          13.44               0               0
          13.46               0               0
          13.48               0               0
           13.5               0               0
          13.52               0               0
          13.54               0               0
          13.56               0               0
          13.58               0               0
           13.6               0               0
          13.62               0               0
          13.64               0               0
          13.66               0               0
          13.68               0               0
           13.7               0               0
          13.72               0               0
          13.74               0               0
          13.76               0               0
          13.78               0               0
           13.8               0               0
          13.82               0               0
          13.84               0               0
          13.86               0               0
          13.88               0               0
           13.9               0               0
          13.92               0               0
          13.94               0               0
          13.96               0               0
          13.98               0               0
             14               0               0
          14.02               0               0
          14.04               0               0
          14.06               0               0
          14.08               0               0
           14.1               0               0
          14.12               0               0
          14.14               0               0
          14.16               0               0
          14.18               0               0
           14.2               0               0
          14.22               0               0
          14.24               0               0
          14.26               0               0
          14.28               0               0
           14.3               0               0
          14.32               0               0
          14.34               0               0
          14.36               0               0
          14.38               0               0
           14.4               0               0
          14.42               0               0
          14.44               0               0
          14.46               0               0
          14.48               0               0
           14.5               0               0
          14.52               0               0
          14.54               0               0
          14.56               0               0
          14.58               0               0
           14.6               0               0
          14.62               0               0
          14.64               0               0
          14.66               0               0
          14.68               0               0
           14.7               0               0
          14.72               0               0
          14.74               0               0
          14.76               0               0
          14.78               0               0
           14.8               0               0
          14.82               0               0
          14.84               0               0
          14.86               0               0
          14.88               0               0
           14.9               0               0
          14.92               0               0
          14.94               0               0
          14.96               0               0
          14.98               0               0
             15               0               0
          15.02               0               0
          15.04               0               0
          15.06               0               0
          15.08               0               0
           15.1               0               0
          15.12               0               0
          15.14               0               0
          15.16               0               0
          15.18               0               0
           15.2               0               0
          15.22               0               0
          15.24               0               0
          15.26               0               0
          15.28               0               0
           15.3               0               0
          15.32               0               0
          15.34               0               0
          15.36               0               0
          15.38               0               0
           15.4               0               0
          15.42               0               0
          15.44               0               0
          15.46               0               0
          15.48               0               0
           15.5               0               0
          15.52               0               0
          15.54               0               0
          15.56               0               0
          15.58               0               0
           15.6               0               0
          15.62               0               0
          15.64               0               0
          15.66               0               0
          15.68               0               0
           15.7               0               0
          15.72               0               0
          15.74               0               0
          15.76               0               0
          15.78               0               0
           15.8               0               0
          15.82               0               0
          15.84               0               0
          15.86               0               0
          15.88               0               0
           15.9               0               0
          15.92               0               0
          15.94               0               0
          15.96               0               0
          15.98               0               0
             16               0               0
          16.02               0               0
          16.04               0               0
          16.06               0               0
          16.08               0               0
           16.1               0               0
          16.12               0               0
          16.14               0               0
          16.16               0               0
          16.18               0               0
           16.2               0               0
          16.22               0               0
          16.24               0               0
          16.26               0               0
          16.28               0               0
           16.3               0               0
          16.32               0               0
          16.34               0               0
          16.36               0               0
          16.38               0               0
           16.4               0               0
          16.42               0               0
          16.44               0               0
          16.46               0               0
          16.48               0               0
           16.5               0               0
          16.52               0               0
          16.54               0               0
          16.56               0               0
          16.58               0               0
           16.6               0               0
          16.62               0               0
          16.64               0               0
          16.66               0               0
          16.68               0               0
           16.7               0               0
          16.72               0               0
          16.74               0               0
          16.76               0               0
          16.78               0               0
           16.8               0               0
          16.82               0               0
          16.84               0               0
          16.86               0               0
          16.88               0               0
           16.9               0               0
          16.92               0               0
          16.94               0               0
          16.96               0               0
          16.98               0               0
             17               0               0
          17.02               0               0
          17.04               0               0
          17.06               0               0
          17.08               0               0
           17.1               0               0
          17.12               0               0
          17.14               0               0
          17.16               0               0
          17.18               0               0
           17.2               0               0
          17.22               0               0
          17.24               0               0
          17.26               0               0
          17.28               0               0
           17.3               0               0
          17.32               0               0
          17.34               0               0
          17.36               0               0
          17.38               0               0
           17.4               0               0
          17.42               0               0
          17.44               0               0
          17.46               0               0
          17.48               0               0
           17.5               0               0
          17.52               0               0
          17.54               0               0
          17.56               0               0
          17.58               0               0
           17.6               0               0
          17.62               0               0
          17.64               0               0
          17.66               0               0
          17.68               0               0
           17.7               0               0
          17.72               0               0
          17.74               0               0
          17.76               0               0
          17.78               0               0
           17.8               0               0
          17.82               0               0
          17.84               0               0
          17.86               0               0
          17.88               0               0
           17.9               0               0
          17.92               0               0
          17.94               0               0
          17.96               0               0
          17.98               0               0
             18               0               0
          18.02               0               0
          18.04               0               0
          18.06               0               0
          18.08               0               0
           18.1               0               0
          18.12               0               0
          18.14               0               0
          18.16               0               0
          18.18               0               0
           18.2               0               0
          18.22               0               0
          18.24               0               0
          18.26               0               0
          18.28               0               0
           18.3               0               0
          18.32               0               0
          18.34               0               0
          18.36               0               0
          18.38               0               0
           18.4               0               0
          18.42               0               0
          18.44               0               0
          18.46               0               0
          18.48               0               0
           18.5               0               0
          18.52               0               0
          18.54               0               0
          18.56               0               0
          18.58               0               0
           18.6               0               0
          18.62               0               0
          18.64               0               0
          18.66               0               0
          18.68               0               0
           18.7               0               0
          18.72               0               0
          18.74               0               0
          18.76               0               0
          18.78               0               0
           18.8               0               0
          18.82               0               0
          18.84               0               0
          18.86               0               0
          18.88               0               0
           18.9               0               0
          18.92               0               0
          18.94               0               0
          18.96               0               0
          18.98               0               0
             19               0               0
          19.02               0               0
          19.04               0               0
          19.06               0               0
          19.08               0               0
           19.1               0               0
          19.12               0               0
          19.14               0               0
          19.16               0               0
          19.18               0               0
           19.2               0               0
          19.22               0               0
          19.24               0               0
          19.26               0               0
          19.28               0               0
           19.3               0               0
          19.32               0               0
          19.34               0               0
          19.36               0               0
          19.38               0               0
           19.4               0               0
          19.42               0               0
          19.44               0               0
          19.46               0               0
          19.48               0               0
           19.5               0               0
          19.52               0               0
          19.54               0               0
          19.56               0               0
          19.58               0               0
           19.6               0               0
          19.62               0               0
          19.64               0               0
          19.66               0               0
          19.68               0               0
           19.7               0               0
          19.72               0               0
          19.74               0               0
          19.76               0               0
          19.78               0               0
           19.8               0               0
          19.82               0               0
          19.84               0               0
          19.86               0               0
          19.88               0               0
           19.9               0               0
          19.92               0               0
          19.94               0               0
          19.96               0               0
          19.98               0               0
             20               0               0
          20.02               0               0

Source_00  1000  20
              0               0               0
           0.02               0               0
           0.04               0               0
           0.06               0               0
           0.08               0               0
            0.1               0               0
           0.12               0               0
           0.14               0               0
           0.16               0               0
           0.18               0               0
            0.2               0               0
           0.22               0               0
           0.24               0               0
           0.26               0               0
           0.28               0               0
            0.3               0               0
           0.32               0               0
           0.34               0               0
           0.36               0               0
           0.38               0               0
            0.4               0               0
           0.42               0               0
           0.44               0               0
           0.46               0               0
           0.48               0               0
            0.5               0               0
           0.52               0               0
           0.54               0               0
           0.56               0               0
           0.58               0               0
            0.6               0               0
           0.62               0               0
           0.64               0               0
           0.66               0               0
           0.68               0               0
            0.7               0               0
           0.72               0               0
           0.74               0               0
           0.76               0               0
           0.78               0               0
            0.8               0               0
           0.82               0               0
           0.84               0               0
           0.86               0               0
           0.88               0               0
            0.9               0               0
           0.92               0               0
           0.94               0               0
           0.96               0               0
           0.98               0               0
              1               0               0
           1.02               0               0
           1.04               0               0
           1.06               0               0
           1.08               0               0
            1.1               0               0
           1.12               0               0
           1.14               0               0
           1.16               0               0
           1.18               0               0
            1.2               0               0
           1.22               0               0
           1.24               0               0
           1.26               0               0
           1.28               0               0
            1.3               0               0
           1.32               0               0
           1.34               0               0
           1.36               0               0
           1.38               0               0
            1.4               0               0
           1.42               0               0
           1.44               0               0
           1.46               0               0
           1.48               0               0
            1.5               0               0
           1.52               0               0
           1.54               0               0
           1.56               0               0
           1.58               0               0
            1.6               0               0
           1.62               0               0
           1.64               0               0
           1.66               0               0
           1.68               0               0
            1.7               0               0
           1.72               0               0
           1.74               0               0
           1.76               0               0
           1.78               0               0
            1.8               0               0
           1.82               0               0
           1.84               0               0
           1.86               0               0
           1.88               0               0
            1.9               0               0
           1.92               0               0
           1.94               0               0
           1.96               0               0
           1.98               0               0
              2               0               0
           2.02               0               0
           2.04               0               0
           2.06               0               0
           2.08               0               0
            2.1               0               0
           2.12               0               0
           2.14               0               0
           2.16               0               0
           2.18               0               0
            2.2               0               0
           2.22               0               0
           2.24               0               0
           2.26               0               0
           2.28               0               0
            2.3               0               0
           2.32               0               0
           2.34               0               0
           2.36               0               0
           2.38               0               0
            2.4               0               0
           2.42               0               0
           2.44               0               0
           2.46               0               0
           2.48               0               0
            2.5               0               0
           2.52               0               0
           2.54               0               0
           2.56               0               0
           2.58               0               0
            2.6               0               0
           2.62               0               0
           2.64               0               0
           2.66               0               0
           2.68               0               0
            2.7               0               0
           2.72               0               0
           2.74               0               0
           2.76               0               0
           2.78               0               0
            2.8               0               0
           2.82               0               0
           2.84               0               0
           2.86               0               0
           2.88               0               0
            2.9               0               0
           2.92               0               0
           2.94               0               0
           2.96               0               0
           2.98               0               0
              3               0               0
           3.02               0               0
           3.04               0               0
           3.06               0               0
           3.08               0               0
            3.1               0               0
           3.12               0               0
           3.14               0               0
           3.16               0               0
           3.18               0               0
            3.2               0               0
           3.22               0               0
           3.24               0               0
           3.26               0               0
           3.28               0               0
            3.3               0               0
           3.32               0               0
           3.34               0               0
           3.36               0               0
           3.38               0               0
            3.4               0               0
           3.42               0               0
           3.44               0               0
           3.46               0               0
           3.48               0               0
            3.5               0               0
           3.52               0               0
           3.54               0               0
           3.56               0               0
           3.58               0               0
            3.6               0               0
           3.62               0               0
           3.64               0               0
           3.66               0               0
           3.68               0               0
            3.7               0               0
           3.72               0               0
           3.74               0               0
           3.76               0               0
           3.78               0               0
            3.8               0               0
           3.82               0               0
           3.84               0               0
           3.86               0               0
           3.88               0               0
            3.9               0               0
           3.92               0               0
           3.94               0               0
           3.96               0               0
           3.98               0               0
              4               0               0
           4.02               0               0
           4.04               0               0
           4.06               0               0
           4.08               0               0
            4.1               0               0
           4.12               0               0
           4.14               0               0
           4.16               0               0
           4.18               0               0
            4.2               0               0
           4.22               0               0
           4.24               0               0
           4.26               0               0
           4.28               0               0
            4.3               0               0
           4.32               0               0
           4.34               0               0
           4.36               0               0
           4.38               0               0
            4.4               0               0
           4.42               0               0
           4.44               0               0
           4.46               0               0
           4.48               0               0
            4.5               0               0
           4.52               0               0
           4.54               0               0
           4.56               0               0
           4.58               0               0
            4.6               0               0
           4.62               0               0
           4.64               0               0
           4.66               0               0
           4.68               0               0
            4.7               0               0
           4.72               0               0
           4.74               0               0
           4.76               0               0
           4.78               0               0
            4.8               0               0
           4.82               0               0
           4.84               0               0
           4.86               0               0
           4.88               0               0
            4.9               0               0
           4.92               0               0
           4.94               0               0
           4.96               0               0
           4.98               0               0
              5               0               0
           5.02               0               0
           5.04               0               0
           5.06               0               0
           5.08               0               0
            5.1               0               0
           5.12               0               0
           5.14               0               0
           5.16               0               0
           5.18               0               0
            5.2               0               0
           5.22               0               0
           5.24               0               0
           5.26               0               0
           5.28               0               0
            5.3               0               0
           5.32               0               0
           5.34               0               0
           5.36               0               0
           5.38               0               0
            5.4               0               0
           5.42               0               0
           5.44               0               0
           5.46               0               0
           5.48               0               0
            5.5               0               0
           5.52               0               0
           5.54               0               0
           5.56               0               0
           5.58               0               0
            5.6               0               0
           5.62               0               0
           5.64               0               0
           5.66               0               0
           5.68               0               0
            5.7               0               0
           5.72               0               0
           5.74               0               0
           5.76               0               0
           5.78               0               0
            5.8               0               0
           5.82               0               0
           5.84               0               0
           5.86               0               0
           5.88               0               0
            5.9               0               0
           5.92               0               0
           5.94               0               0
           5.96               0               0
           5.98               0               0
              6               0               0
           6.02               0               0
           6.04               0               0
           6.06               0               0
           6.08               0               0
            6.1               0               0
           6.12               0               0
           6.14               0               0
           6.16               0               0
           6.18               0               0
            6.2               0               0
           6.22               0               0
           6.24               0               0
           6.26               0               0
           6.28               0               0
            6.3               0               0
           6.32               0               0
           6.34               0               0
           6.36               0               0
           6.38               0               0
            6.4               0               0
           6.42               0               0
           6.44               0               0
           6.46               0               0
           6.48               0               0
            6.5               0               0
           6.52               0               0
           6.54               0               0
           6.56               0               0
           6.58               0               0
            6.6               0               0
           6.62               0               0
           6.64               0               0
           6.66               0               0
           6.68               0               0
            6.7               0               0
           6.72               0               0
           6.74               0               0
           6.76               0               0
           6.78               0               0
            6.8               0               0
           6.82               0               0
           6.84               0               0
           6.86               0               0
           6.88               0               0
            6.9               0               0
           6.92               0               0
           6.94               0               0
           6.96               0               0
           6.98               0               0
              7               0               0
           7.02               0               0
           7.04               0               0
           7.06               0               0
           7.08               0               0
            7.1               0               0
           7.12               0               0
           7.14               0               0
           7.16               0               0
           7.18               0               0
            7.2               0               0
           7.22               0               0
           7.24               0               0
           7.26               0               0
           7.28               0               0
            7.3               0               0
           7.32               0               0
           7.34               0               0
           7.36               0               0
           7.38               0               0
            7.4               0               0
           7.42               0               0
           7.44               0               0
           7.46               0               0
           7.48               0               0
            7.5               0               0
           7.52               0               0
           7.54               0               0
           7.56               0               0
           7.58               0               0
            7.6               0               0
           7.62               0               0
           7.64               0               0
           7.66               0               0
           7.68               0               0
            7.7               0               0
           7.72               0               0
           7.74               0               0
           7.76               0               0
           7.78               0               0
            7.8               0               0
           7.82               0               0
           7.84               0               0
           7.86               0               0
           7.88               0               0
            7.9               0               0
           7.92               0               0
           7.94               0               0
           7.96               0               0
           7.98               0               0
              8               0               0
           8.02               0               0
           8.04               0               0
           8.06               0               0
           8.08               0               0
            8.1               0               0
           8.12               0               0
           8.14               0               0
           8.16               0               0
           8.18               0               0
            8.2               0               0
           8.22               0               0
           8.24               0               0
           8.26               0               0
           8.28               0               0
            8.3               0               0
           8.32               0               0
           8.34               0               0
           8.36               0               0
           8.38               0               0
            8.4               0               0
           8.42               0               0
           8.44               0               0
           8.46               0               0
           8.48               0               0
            8.5               0               0
           8.52               0               0
           8.54               0               0
           8.56               0               0
           8.58               0               0
            8.6               0               0
           8.62               0               0
           8.64               0               0
           8.66               0               0
           8.68               0               0
            8.7               0               0
           8.72               0               0
           8.74               0               0
           8.76               0               0
           8.78               0               0
            8.8               0               0
           8.82               0               0
           8.84               0               0
           8.86               0               0
           8.88               0               0
            8.9               0               0
           8.92               0               0
           8.94               0               0
           8.96               0               0
           8.98               0               0
              9               0               0
           9.02               0               0
           9.04               0               0
           9.06               0               0
           9.08               0               0
            9.1               0               0
           9.12               0               0
           9.14               0               0
           9.16               0               0
           9.18               0               0
            9.2               0               0
           9.22               0               0
           9.24               0               0
           9.26               0               0
           9.28               0               0
            9.3               0               0
           9.32               0               0
           9.34               0               0
           9.36               0               0
           9.38               0               0
            9.4               0               0
           9.42               0               0
           9.44               0               0
           9.46               0               0
           9.48               0               0
            9.5               0               0
           9.52               0               0
           9.54               0               0
           9.56               0               0
           9.58               0               0
            9.6               0               0
           9.62               0               0
           9.64               0               0
           9.66               0               0
           9.68               0               0
            9.7               0               0
           9.72               0               0
           9.74               0               0
           9.76               0               0
           9.78               0               0
            9.8               0               0
           9.82               0               0
           9.84               0               0
           9.86               0               0
           9.88               0               0
            9.9               0               0
           9.92               0               0
           9.94               0               0
           9.96               0               0
           9.98               0               0
             10               0               0
          10.02               1     0.000316228
          10.04               0               0
          10.06               0               0
          10.08               0               0
           10.1               0               0
          10.12               0               0
          10.14               0               0
          10.16               0               0
          10.18               0               0
           10.2               0               0
          10.22               0               0
          10.24               0               0
          10.26               0               0
          10.28               0               0
           10.3               0               0
          10.32               0               0
          10.34               0               0
          10.36               0               0
          10.38               0               0
           10.4               0               0
          10.42               0               0
          10.44               0               0
          10.46               0               0
          10.48               0               0
           10.5               0               0
          10.52               0               0
          10.54               0               0
          10.56               0               0
          10.58               0               0
           10.6               0               0
          10.62               0               0
          10.64               0               0
          10.66               0               0
          10.68               0               0
           10.7               0               0
          10.72               0               0
          10.74               0               0
          10.76               0               0
          10.78               0               0
           10.8               0               0
          10.82               0               0
          10.84               0               0
          10.86               0               0
          10.88               0               0
           10.9               0               0
          10.92               0               0
          10.94               0               0
          10.96               0               0
          10.98               0               0
             11               0               0
          11.02               0               0
          11.04               0               0
          11.06               0               0
          11.08               0               0
           11.1               0               0
          11.12               0               0
          11.14               0               0
          11.16               0               0
          11.18               0               0
           11.2               0               0
          11.22               0               0
          11.24               0               0
          11.26               0               0
          11.28               0               0
           11.3               0               0
          11.32               0               0
          11.34               0               0
          11.36               0               0
          11.38               0               0
           11.4               0               0
          11.42               0               0
          11.44               0               0
          11.46               0               0
          11.48               0               0
           11.5               0               0
          11.52               0               0
          11.54               0               0
          11.56               0               0
          11.58               0               0
           11.6               0               0
          11.62               0               0
          11.64               0               0
          11.66               0               0
          11.68               0               0
           11.7               0               0
          11.72               0               0
          11.74               0               0
          11.76               0               0
          11.78               0               0
           11.8               0               0
          11.82               0               0
          11.84               0               0
          11.86               0               0
          11.88               0               0
           11.9               0               0
          11.92               0               0
          11.94               0               0
          11.96               0               0
          11.98               0               0
             12               0               0
          12.02               0               0
          12.04               0               0
          12.06               0               0
          12.08               0               0
           12.1               0               0
          12.12               0               0
          12.14               0               0
          12.16               0               0
          12.18               0               0
           12.2               0               0
          12.22               0               0
          12.24               0               0
          12.26               0               0
          12.28               0               0
           12.3               0               0
          12.32               0               0
          12.34               0               0
          12.36               0               0
          12.38               0               0
           12.4               0               0
          12.42               0               0
          12.44               0               0
          12.46               0               0
          12.48               0               0
           12.5               0               0
          12.52               0               0
          12.54               0               0
          12.56               0               0
          12.58               0               0
           12.6               0               0
          12.62               0               0
          12.64               0               0
          12.66               0               0
          12.68               0               0
           12.7               0               0
          12.72               0               0
          12.74               0               0
          12.76               0               0
          12.78               0               0
           12.8               0               0
          12.82               0               0
          12.84               0               0
          12.86               0               0
          12.88               0               0
           12.9               0               0
          12.92               0               0
          12.94               0               0
          12.96               0               0
          12.98               0               0
             13               0               0
          13.02               0               0
          13.04               0               0
          13.06               0               0
          13.08               0               0
           13.1               0               0
          13.12               0               0
          13.14               0               0
          13.16               0               0
          13.18               0               0
           13.2               0               0
          13.22               0               0
          13.24               0               0
          13.26               0               0
          13.28               0               0
           13.3               0               0
          13.32               0               0
          13.34               0               0
          13.36               0               0
          13.38               0               0
           13.4               0               0
          13.42               0               0
          13.44               0               0
          13.46               0               0
          13.48               0               0
           13.5               0               0
          13.52               0               0
          13.54               0               0
          13.56               0               0
          13.58               0               0
           13.6               0               0
          13.62               0               0
          13.64               0               0
          13.66               0               0
          13.68               0               0
           13.7               0               0
          13.72               0               0
          13.74               0               0
          13.76               0               0
          13.78               0               0
           13.8               0               0
          13.82               0               0
          13.84               0               0
          13.86               0               0
          13.88               0               0
           13.9               0               0
          13.92               0               0
          13.94               0               0
          13.96               0               0
          13.98               0               0
             14               0               0
          14.02               0               0
          14.04               0               0
          14.06               0               0
          14.08               0               0
           14.1               0               0
          14.12               0               0
          14.14               0               0
          14.16               0               0
          14.18               0               0
           14.2               0               0
          14.22               0               0
          14.24               0               0
          14.26               0               0
          14.28               0               0
           14.3               0               0
          14.32               0               0
          14.34               0               0
          14.36               0               0
          14.38               0               0
           14.4               0               0
          14.42               0               0
          14.44               0               0
          14.46               0               0
          14.48               0               0
           14.5               0               0
          14.52               0               0
          14.54               0               0
          14.56               0               0
          14.58               0               0
           14.6               0               0
          14.62               0               0
          14.64               0               0
          14.66               0               0
          14.68               0               0
           14.7               0               0
          14.72               0               0
          14.74               0               0
          14.76               0               0
          14.78               0               0
           14.8               0               0
          14.82               0               0
          14.84               0               0
          14.86               0               0
          14.88               0               0
           14.9               0               0
          14.92               0               0
          14.94               0               0
          14.96               0               0
          14.98               0               0
             15               0               0
          15.02               0               0
          15.04               0               0
          15.06               0               0
          15.08               0               0
           15.1               0               0
          15.12               0               0
          15.14               0               0
          15.16               0               0
          15.18               0               0
           15.2               0               0
          15.22               0               0
          15.24               0               0
          15.26               0               0
          15.28               0               0
           15.3               0               0
          15.32               0               0
          15.34               0               0
          15.36               0               0
          15.38               0               0
           15.4               0               0
          15.42               0               0
          15.44               0               0
          15.46               0               0
          15.48               0               0
           15.5               0               0
          15.52               0               0
          15.54               0               0
          15.56               0               0
          15.58               0               0
           15.6               0               0
          15.62               0               0
          15.64               0               0
          15.66               0               0
          15.68               0               0
           15.7               0               0
          15.72               0               0
          15.74               0               0
          15.76               0               0
          15.78               0               0
           15.8               0               0
          15.82               0               0
          15.84               0               0
          15.86               0               0
          15.88               0               0
           15.9               0               0
          15.92               0               0
          15.94               0               0
          15.96               0               0
          15.98               0               0
             16               0               0
          16.02               0               0
          16.04               0               0
          16.06               0               0
          16.08               0               0
           16.1               0               0
          16.12               0               0
          16.14               0               0
          16.16               0               0
          16.18               0               0
           16.2               0               0
          16.22               0               0
          16.24               0               0
          16.26               0               0
          16.28               0               0
           16.3               0               0
          16.32               0               0
          16.34               0               0
          16.36               0               0
          16.38               0               0
           16.4               0               0
          16.42               0               0
          16.44               0               0
          16.46               0               0
          16.48               0               0
           16.5               0               0
          16.52               0               0
          16.54               0               0
          16.56               0               0
          16.58               0               0
           16.6               0               0
          16.62               0               0
          16.64               0               0
          16.66               0               0
          16.68               0               0
           16.7               0               0
          16.72               0               0
          16.74               0               0
          16.76               0               0
          16.78               0               0
           16.8               0               0
          16.82               0               0
          16.84               0               0
          16.86               0               0
          16.88               0               0
           16.9               0               0
          16.92               0               0
          16.94               0               0
          16.96               0               0
          16.98               0               0
             17               0               0
          17.02               0               0
          17.04               0               0
          17.06               0               0
          17.08               0               0
           17.1               0               0
          17.12               0               0
          17.14               0               0
          17.16               0               0
          17.18               0               0
           17.2               0               0
          17.22               0               0
          17.24               0               0
          17.26               0               0
          17.28               0               0
           17.3               0               0
          17.32               0               0
          17.34               0               0
          17.36               0               0
          17.38               0               0
           17.4               0               0
          17.42               0               0
          17.44               0               0
          17.46               0               0
          17.48               0               0
           17.5               0               0
          17.52               0               0
          17.54               0               0
          17.56               0               0
          17.58               0               0
           17.6               0               0
          17.62               0               0
          17.64               0               0
          17.66               0               0
          17.68               0               0
           17.7               0               0
          17.72               0               0
          17.74               0               0
          17.76               0               0
          17.78               0               0
           17.8               0               0
          17.82               0               0
          17.84               0               0
          17.86               0               0
          17.88               0               0
           17.9               0               0
          17.92               0               0
          17.94               0               0
          17.96               0               0
          17.98               0               0
             18               0               0
          18.02               0               0
          18.04               0               0
          18.06               0               0
          18.08               0               0
           18.1               0               0
          18.12               0               0
          18.14               0               0
          18.16               0               0
          18.18               0               0
           18.2               0               0
          18.22               0               0
          18.24               0               0
          18.26               0               0
          18.28               0               0
           18.3               0               0
          18.32               0               0
          18.34               0               0
          18.36               0               0
          18.38               0               0
           18.4               0               0
          18.42               0               0
          18.44               0               0
          18.46               0               0
          18.48               0               0
           18.5               0               0
          18.52               0               0
          18.54               0               0
          18.56               0               0
          18.58               0               0
           18.6               0               0
          18.62               0               0
          18.64               0               0
          18.66               0               0
          18.68               0               0
           18.7               0               0
          18.72               0               0
          18.74               0               0
          18.76               0               0
          18.78               0               0
           18.8               0               0
          18.82               0               0
          18.84               0               0
          18.86               0               0
          18.88               0               0
           18.9               0               0
          18.92               0               0
          18.94               0               0
          18.96               0               0
          18.98               0               0
             19               0               0
          19.02               0               0
          19.04               0               0
          19.06               0               0
          19.08               0               0
           19.1               0               0
          19.12               0               0
          19.14               0               0
          19.16               0               0
          19.18               0               0
           19.2               0               0
          19.22               0               0
          19.24               0               0
          19.26               0               0
          19.28               0               0
           19.3               0               0
          19.32               0               0
          19.34               0               0
          19.36               0               0
          19.38               0               0
           19.4               0               0
          19.42               0               0
          19.44               0               0
          19.46               0               0
          19.48               0               0
           19.5               0               0
          19.52               0               0
          19.54               0               0
          19.56               0               0
          19.58               0               0
           19.6               0               0
          19.62               0               0
          19.64               0               0
          19.66               0               0
          19.68               0               0
           19.7               0               0
          19.72               0               0
          19.74               0               0
          19.76               0               0
          19.78               0               0
           19.8               0               0
          19.82               0               0
          19.84               0               0
          19.86               0               0
          19.88               0               0
           19.9               0               0
          19.92               0               0
          19.94               0               0
          19.96               0               0
          19.98               0               0
             20               0               0
          20.02               0               0

