NSpec_Sample  1000  20
              0     0.000116631     1.11587e-07
           0.02     6.35694e-08     2.59312e-09
           0.04     1.32123e-07     3.74933e-09
           0.06     1.75531e-07     4.32522e-09
           0.08     2.05712e-07     4.67677e-09
            0.1     2.38202e-07     5.03652e-09
           0.12     2.62394e-07     5.29104e-09
           0.14      2.8628e-07     5.52896e-09
           0.16     3.17009e-07     5.81943e-09
           0.18     3.25297e-07     5.89581e-09
            0.2     3.69345e-07     6.29037e-09
           0.22     3.82499e-07       6.407e-09
           0.24     4.14729e-07      6.6686e-09
           0.26     4.18959e-07     6.70662e-09
           0.28     4.43636e-07     6.89896e-09
            0.3     4.61384e-07     7.04026e-09
           0.32     4.80415e-07     7.18535e-09
           0.34     4.80994e-07      7.1899e-09
           0.36     4.98578e-07     7.32015e-09
           0.38     5.13774e-07     7.43199e-09
            0.4     5.29115e-07     7.54068e-09
           0.42     5.34313e-07     7.57707e-09
           0.44     5.34585e-07     7.58552e-09
           0.46     5.45614e-07      7.6601e-09
           0.48     5.44477e-07      7.6518e-09
            0.5     5.57978e-07     7.74352e-09
           0.52     5.50438e-07     7.69399e-09
           0.54     5.68752e-07     7.81834e-09
           0.56     5.70003e-07     7.82154e-09
           0.58     5.77165e-07     7.87129e-09
            0.6     5.71172e-07     7.83247e-09
           0.62     5.77108e-07     7.86978e-09
           0.64     5.95758e-07     7.99972e-09
           0.66     6.03898e-07     8.05481e-09
           0.68     5.97841e-07     8.01902e-09
            0.7     6.15516e-07     8.13703e-09
           0.72     6.18362e-07     8.15688e-09
           0.74     6.12348e-07     8.11431e-09
           0.76     6.07312e-07     8.08155e-09
           0.78     6.14467e-07     8.13026e-09
            0.8     6.19851e-07     8.16795e-09
           0.82     6.23899e-07     8.19301e-09
           0.84     6.29533e-07      8.2365e-09
           0.86     6.41056e-07      8.3061e-09
           0.88     6.42984e-07     8.31708e-09
            0.9     6.33675e-07     8.26035e-09
           0.92     6.44531e-07     8.33432e-09
           0.94     6.50279e-07     8.36943e-09
           0.96     6.37668e-07     8.28632e-09
           0.98     6.40775e-07     8.30787e-09
              1     6.45031e-07     8.33308e-09
           1.02     6.49824e-07     8.36976e-09
           1.04     6.37461e-07     8.28543e-09
           1.06     6.37055e-07     8.28731e-09
           1.08     6.60716e-07     8.43851e-09
            1.1     6.43076e-07     8.32018e-09
           1.12     6.57175e-07     8.41773e-09
           1.14     6.32382e-07     8.25859e-09
           1.16     6.47229e-07     8.35151e-09
           1.18     6.50406e-07      8.3739e-09
            1.2     6.46298e-07     8.34716e-09
           1.22     6.37986e-07      8.2952e-09
           1.24     6.36181e-07     8.27868e-09
           1.26     6.41818e-07     8.31974e-09
           1.28      6.5577e-07     8.40924e-09
            1.3     6.45883e-07     8.34425e-09
           1.32     6.45423e-07     8.34401e-09
           1.34     6.77315e-07     8.54286e-09
           1.36      6.6174e-07     8.44637e-09
           1.38     6.60153e-07     8.43902e-09
            1.4     6.57667e-07     8.41818e-09
           1.42     6.57572e-07     8.41902e-09
           1.44      6.6131e-07     8.44121e-09
           1.46     6.47672e-07     8.35873e-09
           1.48     6.45885e-07     8.34121e-09
            1.5     6.42854e-07     8.32336e-09
           1.52      6.3723e-07     8.29091e-09
           1.54      6.4921e-07     8.36938e-09
           1.56      6.3502e-07     8.27121e-09
           1.58     6.31254e-07     8.24726e-09
            1.6     6.17271e-07     8.15608e-09
           1.62     6.25296e-07     8.21078e-09
           1.64     6.30824e-07     8.24575e-09
           1.66     6.26812e-07     8.22205e-09
           1.68     6.14217e-07     8.13842e-09
            1.7     6.09714e-07        8.11e-09
           1.72     6.03447e-07     8.06513e-09
           1.74     6.11533e-07     8.12181e-09
           1.76     6.15074e-07     8.14446e-09
           1.78     6.03098e-07      8.0669e-09
            1.8     5.89386e-07     7.97304e-09
           1.82      5.9861e-07     8.03815e-09
           1.84     5.82471e-07     7.92954e-09
           1.86     5.83806e-07     7.93441e-09
           1.88     5.77631e-07     7.89418e-09
            1.9     5.79825e-07     7.90665e-09
           1.92     5.71632e-07     7.85328e-09
           1.94     5.50025e-07     7.70001e-09
           1.96     5.66344e-07     7.81159e-09
           1.98     5.73834e-07     7.86354e-09
              2     5.69258e-07     7.82491e-09
           2.02     5.77948e-07     7.88888e-09
           2.04     5.66178e-07     7.80626e-09
           2.06     5.57206e-07     7.74354e-09
           2.08     5.55051e-07     7.72939e-09
            2.1     5.45901e-07     7.66751e-09
           2.12     5.40954e-07     7.63032e-09
           2.14     5.47186e-07     7.67335e-09
           2.16     5.34098e-07     7.58263e-09
           2.18     5.42895e-07     7.64388e-09
            2.2     5.34794e-07     7.58778e-09
           2.22     5.40348e-07     7.62547e-09
           2.24      5.4664e-07     7.66938e-09
           2.26     5.21971e-07     7.49535e-09
           2.28     5.34047e-07     7.57649e-09
            2.3     5.39568e-07     7.61874e-09
           2.32     5.15621e-07     7.44784e-09
           2.34     5.22722e-07     7.49355e-09
           2.36     5.00851e-07     7.34073e-09
           2.38      5.1072e-07     7.40881e-09
            2.4     5.17302e-07     7.45808e-09
           2.42     5.13926e-07     7.42954e-09
           2.44     5.04593e-07     7.36476e-09
           2.46     4.84005e-07     7.21151e-09
           2.48     4.94553e-07     7.28911e-09
            2.5      4.9799e-07     7.31437e-09
           2.52     4.93147e-07     7.27768e-09
           2.54     4.98158e-07     7.31585e-09
           2.56     5.02675e-07     7.34523e-09
           2.58     4.81935e-07     7.19155e-09
            2.6     4.88046e-07       7.237e-09
           2.62     4.74571e-07     7.13822e-09
           2.64     4.81791e-07     7.19175e-09
           2.66     4.72746e-07     7.12353e-09
           2.68     4.65749e-07     7.06557e-09
            2.7     4.85421e-07     7.21303e-09
           2.72     4.60054e-07      7.0189e-09
           2.74     4.63939e-07     7.05524e-09
           2.76      4.6149e-07     7.03248e-09
           2.78     4.63034e-07     7.03982e-09
            2.8     4.53272e-07     6.96481e-09
           2.82     4.59487e-07     7.01425e-09
           2.84     4.54946e-07     6.97752e-09
           2.86     4.51474e-07     6.94957e-09
           2.88      4.5647e-07     6.98784e-09
            2.9     4.47027e-07     6.91299e-09
           2.92     4.52291e-07     6.94976e-09
           2.94     4.35087e-07     6.81851e-09
           2.96     4.52741e-07     6.95822e-09
           2.98     4.33164e-07     6.80183e-09
              3     4.31012e-07     6.78301e-09
           3.02     4.39636e-07     6.85381e-09
           3.04     4.28698e-07     6.76406e-09
           3.06     4.21296e-07     6.70596e-09
           3.08     4.25978e-07     6.74294e-09
            3.1     4.12723e-07     6.63344e-09
           3.12     4.06135e-07     6.57783e-09
           3.14     4.09053e-07     6.60351e-09
           3.16     4.13605e-07     6.63902e-09
           3.18     4.12083e-07     6.62916e-09
            3.2     4.17686e-07      6.6669e-09
           3.22     3.99081e-07     6.51749e-09
           3.24     3.99886e-07     6.52371e-09
           3.26     4.07188e-07     6.58016e-09
           3.28     3.99138e-07     6.51319e-09
            3.3     4.00785e-07     6.52704e-09
           3.32     4.03499e-07     6.54695e-09
           3.34     3.95141e-07     6.48079e-09
           3.36     3.91847e-07     6.44932e-09
           3.38     3.83187e-07     6.37795e-09
            3.4     3.85075e-07     6.39077e-09
           3.42     3.83355e-07      6.3806e-09
           3.44     3.82055e-07     6.36694e-09
           3.46     3.80497e-07     6.35057e-09
           3.48     3.78038e-07     6.32815e-09
            3.5     3.69288e-07     6.25468e-09
           3.52     3.75956e-07     6.31182e-09
           3.54     3.66094e-07     6.22644e-09
           3.56       3.564e-07     6.14294e-09
           3.58     3.57028e-07     6.14562e-09
            3.6     3.61669e-07     6.18438e-09
           3.62     3.56376e-07     6.13981e-09
           3.64     3.52234e-07     6.10107e-09
           3.66     3.45286e-07     6.03892e-09
           3.68     3.50349e-07     6.08483e-09
            3.7     3.40786e-07     5.99596e-09
           3.72     3.36343e-07     5.96223e-09
           3.74       3.408e-07     5.99618e-09
           3.76     3.22305e-07     5.83271e-09
           3.78     3.17357e-07     5.78497e-09
            3.8      3.1882e-07     5.79628e-09
           3.82     3.15041e-07     5.76094e-09
           3.84     3.11979e-07     5.73363e-09
           3.86      3.0092e-07     5.62713e-09
           3.88     2.95259e-07     5.57513e-09
            3.9     2.97306e-07     5.59385e-09
           3.92     2.93024e-07      5.5537e-09
           3.94     2.97924e-07     5.59758e-09
           3.96     3.02679e-07     5.64227e-09
           3.98     2.88224e-07     5.50635e-09
              4     2.87181e-07      5.4944e-09
           4.02     2.81731e-07     5.44017e-09
           4.04     2.84138e-07      5.4622e-09
           4.06     2.84961e-07     5.46994e-09
           4.08     2.75619e-07     5.38256e-09
            4.1     2.82208e-07     5.43912e-09
           4.12     2.74807e-07     5.37077e-09
           4.14     2.69665e-07     5.31923e-09
           4.16     2.64865e-07     5.26763e-09
           4.18     2.74877e-07     5.36903e-09
            4.2     2.62937e-07     5.24597e-09
           4.22     2.58637e-07     5.20275e-09
           4.24     2.63221e-07     5.24946e-09
           4.26     2.62325e-07     5.24203e-09
           4.28     2.59687e-07      5.2112e-09
            4.3     2.55523e-07      5.1683e-09
           4.32     2.42022e-07     5.03188e-09
           4.34      2.3755e-07       4.982e-09
           4.36     2.41491e-07     5.02184e-09
           4.38     2.35469e-07     4.96028e-09
            4.4       2.358e-07      4.9606e-09
           4.42     2.30538e-07     4.90775e-09
           4.44     2.31816e-07     4.91943e-09
           4.46     2.26216e-07     4.85888e-09
           4.48     2.33385e-07     4.93717e-09
            4.5     2.23431e-07     4.82689e-09
           4.52     2.18631e-07     4.77471e-09
           4.54     2.20935e-07     4.79877e-09
           4.56     2.12079e-07     4.70161e-09
           4.58     2.10129e-07      4.6768e-09
            4.6     2.06129e-07     4.63261e-09
           4.62     2.07179e-07     4.64453e-09
           4.64     1.99101e-07     4.55113e-09
           4.66     1.99409e-07     4.55459e-09
           4.68     2.03029e-07      4.5967e-09
            4.7     2.00731e-07     4.57055e-09
           4.72     1.93708e-07      4.4892e-09
           4.74     1.93822e-07     4.48819e-09
           4.76     1.88744e-07      4.4255e-09
           4.78     1.88034e-07     4.41612e-09
            4.8     1.77597e-07     4.29345e-09
           4.82     1.74567e-07     4.25516e-09
           4.84       1.726e-07     4.23364e-09
           4.86     1.70558e-07      4.2077e-09
           4.88     1.77181e-07     4.28582e-09
            4.9     1.72211e-07     4.22661e-09
           4.92     1.56931e-07     4.03428e-09
           4.94     1.58453e-07      4.0547e-09
           4.96     1.54712e-07     4.00371e-09
           4.98     1.54463e-07     4.00128e-09
              5     1.50825e-07     3.95374e-09
           5.02     1.44741e-07      3.8722e-09
           5.04     1.50543e-07     3.94627e-09
           5.06     1.49079e-07       3.931e-09
           5.08     1.45147e-07     3.87742e-09
            5.1     1.36818e-07     3.76381e-09
           5.12     1.38117e-07     3.77962e-09
           5.14     1.32672e-07     3.70627e-09
           5.16     1.29924e-07     3.66689e-09
           5.18     1.26939e-07     3.62322e-09
            5.2      1.3097e-07      3.6788e-09
           5.22     1.27972e-07     3.63648e-09
           5.24     1.20594e-07     3.52942e-09
           5.26     1.23475e-07     3.57115e-09
           5.28     1.16909e-07     3.47557e-09
            5.3     1.17313e-07     3.48135e-09
           5.32     1.16993e-07     3.47491e-09
           5.34     1.11268e-07      3.3912e-09
           5.36     1.10383e-07     3.37521e-09
           5.38     1.08329e-07     3.34216e-09
            5.4     1.02912e-07     3.25662e-09
           5.42     1.02806e-07     3.25495e-09
           5.44     9.67612e-08     3.15829e-09
           5.46     9.65745e-08     3.15559e-09
           5.48     9.43824e-08     3.11736e-09
            5.5     9.48386e-08     3.12218e-09
           5.52     9.10567e-08      3.0614e-09
           5.54     9.03323e-08     3.04736e-09
           5.56     8.82801e-08     3.01437e-09
           5.58     8.25228e-08     2.91455e-09
            5.6     8.28583e-08     2.91906e-09
           5.62     7.99546e-08     2.86886e-09
           5.64      8.5608e-08     2.96665e-09
           5.66     7.66482e-08     2.80676e-09
           5.68     7.47585e-08     2.77117e-09
            5.7     7.18899e-08     2.71765e-09
           5.72     6.73694e-08     2.63076e-09
           5.74     7.10543e-08     2.70154e-09
           5.76     6.58989e-08     2.60328e-09
           5.78     6.70689e-08     2.62299e-09
            5.8     6.45185e-08     2.57496e-09
           5.82     6.58892e-08     2.60081e-09
           5.84     5.77618e-08     2.43476e-09
           5.86     6.24103e-08     2.52935e-09
           5.88     6.22881e-08     2.52646e-09
            5.9     5.35464e-08     2.34398e-09
           5.92     6.07211e-08     2.49597e-09
           5.94      5.5539e-08     2.38591e-09
           5.96     5.35873e-08     2.34579e-09
           5.98     5.20222e-08     2.30844e-09
              6     5.18558e-08     2.30557e-09
           6.02     4.88349e-08     2.23629e-09
           6.04     4.78743e-08     2.21325e-09
           6.06     4.69256e-08     2.19056e-09
           6.08     4.66361e-08     2.18419e-09
            6.1     4.59642e-08     2.16944e-09
           6.12     4.08931e-08     2.04489e-09
           6.14     4.41943e-08     2.12653e-09
           6.16     4.42539e-08     2.12697e-09
           6.18     4.06923e-08     2.03995e-09
            6.2     4.05827e-08     2.03703e-09
           6.22     3.94777e-08     2.00697e-09
           6.24     3.77153e-08     1.96358e-09
           6.26     3.60827e-08     1.91793e-09
           6.28     3.52715e-08     1.89639e-09
            6.3     3.57127e-08     1.90912e-09
           6.32     3.47759e-08      1.8834e-09
           6.34     3.37062e-08     1.85281e-09
           6.36     3.19032e-08     1.80344e-09
           6.38     3.23751e-08     1.81564e-09
            6.4     3.09727e-08     1.77654e-09
           6.42     2.79807e-08     1.68742e-09
           6.44     2.67539e-08     1.64983e-09
           6.46     2.66285e-08     1.64523e-09
           6.48     2.56351e-08     1.61498e-09
            6.5     2.65336e-08     1.64248e-09
           6.52     2.39553e-08     1.55945e-09
           6.54     2.15321e-08     1.47893e-09
           6.56     2.20404e-08     1.49629e-09
           6.58     1.95836e-08     1.40974e-09
            6.6     1.73399e-08     1.32609e-09
           6.62     2.27167e-08      1.5179e-09
           6.64     1.83403e-08     1.36329e-09
           6.66     1.86765e-08     1.37692e-09
           6.68     1.72459e-08     1.32277e-09
            6.7      1.5125e-08     1.23915e-09
           6.72      1.6722e-08     1.30186e-09
           6.74     1.41719e-08     1.19779e-09
           6.76     1.36812e-08     1.17754e-09
           6.78     1.24842e-08     1.12571e-09
            6.8     1.55906e-08     1.25638e-09
           6.82      1.2456e-08     1.12316e-09
           6.84     1.10463e-08     1.05808e-09
           6.86     1.15413e-08     1.08098e-09
           6.88     1.10329e-08      1.0568e-09
            6.9     1.10428e-08     1.05775e-09
           6.92     1.00324e-08     1.00833e-09
           6.94     9.70408e-09     9.90447e-10
           6.96     1.02234e-08      1.0173e-09
           6.98     8.20286e-09     9.11454e-10
              7      6.7642e-09     8.26397e-10
           7.02     8.29433e-09      9.1598e-10
           7.04     7.78556e-09     8.87265e-10
           7.06     8.59865e-09     9.32676e-10
           7.08     7.26987e-09     8.56777e-10
            7.1     6.56743e-09     8.14603e-10
           7.12     7.57394e-09     8.74579e-10
           7.14      7.0702e-09     8.45063e-10
           7.16     6.56096e-09     8.13801e-10
           7.18     6.44958e-09      8.0621e-10
            7.2     4.84707e-09     6.99625e-10
           7.22     5.14615e-09     7.20616e-10
           7.24     4.03608e-09     6.38167e-10
           7.26     5.63565e-09     7.53102e-10
           7.28     3.92749e-09     6.28909e-10
            7.3     4.33019e-09     6.60355e-10
           7.32     3.31735e-09     5.77482e-10
           7.34     3.11639e-09     5.59725e-10
           7.36     3.51992e-09     5.94979e-10
           7.38      2.7106e-09     5.21659e-10
            7.4     3.11443e-09     5.59372e-10
           7.42     2.51008e-09     5.02017e-10
           7.44     1.90928e-09     4.38021e-10
           7.46     1.80666e-09     4.25834e-10
           7.48     9.02739e-10     3.00913e-10
            7.5     5.00821e-10     2.23974e-10
           7.52     1.00308e-09     3.17202e-10
           7.54     5.01852e-10     2.24436e-10
           7.56     3.01069e-10     1.73823e-10
           7.58     2.00491e-10     1.41769e-10
            7.6               0               0
           7.62     2.00303e-10     1.41636e-10
           7.64      3.0044e-10     1.73459e-10
           7.66     1.00047e-10     1.00047e-10
           7.68               0               0
            7.7               0               0
           7.72               0               0
           7.74               0               0
           7.76               0               0
           7.78               0               0
            7.8               0               0
           7.82               0               0
           7.84               0               0
           7.86               0               0
           7.88               0               0
            7.9               0               0
           7.92               0               0
           7.94               0               0
           7.96               0               0
           7.98               0               0
              8               0               0
           8.02               0               0
           8.04               0               0
           8.06               0               0
           8.08               0               0
            8.1               0               0
           8.12               0               0
           8.14               0               0
           8.16               0               0
           8.18               0               0
            8.2               0               0
           8.22               0               0
           8.24               0               0
           8.26               0               0
           8.28               0               0
            8.3               0               0
           8.32               0               0
           8.34               0               0
           8.36               0               0
           8.38               0               0
            8.4               0               0
           8.42               0               0
           8.44               0               0
           8.46               0               0
           8.48               0               0
            8.5               0               0
           8.52               0               0
           8.54               0               0
           8.56               0               0
           8.58               0               0
            8.6               0               0
           8.62               0               0
           8.64               0               0
           8.66               0               0
           8.68               0               0
            8.7               0               0
           8.72               0               0
           8.74               0               0
           8.76               0               0
           8.78               0               0
            8.8               0               0
           8.82               0               0
           8.84               0               0
           8.86               0               0
           8.88               0               0
            8.9               0               0
           8.92               0               0
           8.94               0               0
           8.96               0               0
           8.98               0               0
              9               0               0
           9.02               0               0
           9.04               0               0
           9.06               0               0
           9.08               0               0
            9.1               0               0
           9.12               0               0
           9.14               0               0
           9.16               0               0
           9.18               0               0
            9.2               0               0
           9.22               0               0
           9.24               0               0
           9.26               0               0
           9.28               0               0
            9.3               0               0
           9.32               0               0
           9.34               0               0
           9.36               0               0
           9.38               0               0
            9.4               0               0
           9.42               0               0
           9.44               0               0
           9.46               0               0
           9.48               0               0
            9.5               0               0
           9.52               0               0
           9.54               0               0
           9.56               0               0
           9.58               0               0
            9.6               0               0
           9.62               0               0
           9.64               0               0
           9.66               0               0
           9.68               0               0
            9.7               0               0
           9.72               0               0
           9.74               0               0
           9.76               0               0
           9.78               0               0
            9.8               0               0
           9.82               0               0
           9.84               0               0
           9.86               0               0
           9.88               0               0
            9.9               0               0
           9.92               0               0
           9.94               0               0
           9.96               0               0
           9.98               0               0
             10               0               0
          10.02               0               0
          10.04               0               0
          10.06               0               0
          10.08               0               0
           10.1               0               0
          10.12               0               0
          10.14               0               0
          10.16               0               0
          10.18               0               0
           10.2               0               0
          10.22               0               0
          10.24               0               0
          10.26               0               0
          10.28               0               0
           10.3               0               0
          10.32               0               0
          10.34               0               0
          10.36               0               0
          10.38               0               0
           10.4               0               0
          10.42               0               0
          10.44               0               0
          10.46               0               0
          10.48               0               0
           10.5               0               0
          10.52               0               0
          10.54               0               0
          10.56               0               0
          10.58               0               0
           10.6               0               0
          10.62               0               0
          10.64               0               0
          10.66               0               0
          10.68               0               0
           10.7               0               0
          10.72               0               0
          10.74               0               0
          10.76               0               0
          10.78               0               0
           10.8               0               0
          10.82               0               0
          10.84               0               0
          10.86               0               0
          10.88               0               0
           10.9               0               0
          10.92               0               0
          10.94               0               0
          10.96               0               0
          10.98               0               0
             11               0               0
          11.02               0               0
          11.04               0               0
          11.06               0               0
          11.08               0               0
           11.1               0               0
          11.12               0               0
          11.14               0               0
          11.16               0               0
          11.18               0               0
           11.2               0               0
          11.22               0               0
          11.24               0               0
          11.26               0               0
          11.28               0               0
           11.3               0               0
          11.32               0               0
          11.34               0               0
          11.36               0               0
          11.38               0               0
           11.4               0               0
          11.42               0               0
          11.44               0               0
          11.46               0               0
          11.48               0               0
           11.5               0               0
          11.52               0               0
          11.54               0               0
          11.56               0               0
          11.58               0               0
           11.6               0               0
          11.62               0               0
          11.64               0               0
          11.66               0               0
          11.68               0               0
           11.7               0               0
          11.72               0               0
          11.74               0               0
          11.76               0               0
          11.78               0               0
           11.8               0               0
          11.82               0               0
          11.84               0               0
          11.86               0               0
          11.88               0               0
           11.9               0               0
          11.92               0               0
          11.94               0               0
          11.96               0               0
          11.98               0               0
             12               0               0
          12.02               0               0
          12.04               0               0
          12.06               0               0
          12.08               0               0
           12.1               0               0
          12.12               0               0
          12.14               0               0
          12.16               0               0
          12.18               0               0
           12.2               0               0
          12.22               0               0
          12.24               0               0
          12.26               0               0
          12.28               0               0
           12.3               0               0
          12.32               0               0
          12.34               0               0
          12.36               0               0
          12.38               0               0
           12.4               0               0
          12.42               0               0
          12.44               0               0
          12.46               0               0
          12.48               0               0
           12.5               0               0
          12.52               0               0
          12.54               0               0
          12.56               0               0
          12.58               0               0
           12.6               0               0
          12.62               0               0
          12.64               0               0
          12.66               0               0
          12.68               0               0
           12.7               0               0
          12.72               0               0
          12.74               0               0
          12.76               0               0
          12.78               0               0
           12.8               0               0
          12.82               0               0
          12.84               0               0
          12.86               0               0
          12.88               0               0
           12.9               0               0
          12.92               0               0
          12.94               0               0
          12.96               0               0
          12.98               0               0
             13               0               0
          13.02               0               0
          13.04               0               0
          13.06               0               0
          13.08               0               0
           13.1               0               0
          13.12               0               0
          13.14               0               0
          13.16               0               0
          13.18               0               0
           13.2               0               0
          13.22               0               0
          13.24               0               0
          13.26               0               0
          13.28               0               0
           13.3               0               0
          13.32               0               0
          13.34               0               0
          13.36               0               0
          13.38               0               0
           13.4               0               0
          13.42               0               0
          13.44               0               0
          13.46               0               0
          13.48               0               0
           13.5               0               0
          13.52               0               0
          13.54               0               0
          13.56               0               0
          13.58               0               0
           13.6               0               0
          13.62               0               0
          13.64               0               0
          13.66               0               0
          13.68               0               0
           13.7               0               0
          13.72               0               0
          13.74               0               0
          13.76               0               0
          13.78               0               0
           13.8               0               0
          13.82               0               0
          13.84               0               0
          13.86               0               0
          13.88               0               0
           13.9               0               0
          13.92               0               0
          13.94               0               0
          13.96               0               0
          13.98               0               0
             14               0               0
          14.02               0               0
          14.04               0               0
          14.06               0               0
          14.08               0               0
           14.1               0               0
          14.12               0               0
          14.14               0               0
          14.16               0               0
          14.18               0               0
           14.2               0               0
          14.22               0               0
          14.24               0               0
          14.26               0               0
          14.28               0               0
           14.3               0               0
          14.32               0               0
          14.34               0               0
          14.36               0               0
          14.38               0               0
           14.4               0               0
          14.42               0               0
          14.44               0               0
          14.46               0               0
          14.48               0               0
           14.5               0               0
          14.52               0               0
          14.54               0               0
          14.56               0               0
          14.58               0               0
           14.6               0               0
          14.62               0               0
          14.64               0               0
          14.66               0               0
          14.68               0               0
           14.7               0               0
          14.72               0               0
          14.74               0               0
          14.76               0               0
          14.78               0               0
           14.8               0               0
          14.82               0               0
          14.84               0               0
          14.86               0               0
          14.88               0               0
           14.9               0               0
          14.92               0               0
          14.94               0               0
          14.96               0               0
          14.98               0               0
             15               0               0
          15.02               0               0
          15.04               0               0
          15.06               0               0
          15.08               0               0
           15.1               0               0
          15.12               0               0
          15.14               0               0
          15.16               0               0
          15.18               0               0
           15.2               0               0
          15.22               0               0
          15.24               0               0
          15.26               0               0
          15.28               0               0
           15.3               0               0
          15.32               0               0
          15.34               0               0
          15.36               0               0
          15.38               0               0
           15.4               0               0
          15.42               0               0
          15.44               0               0
          15.46               0               0
          15.48               0               0
           15.5               0               0
          15.52               0               0
          15.54               0               0
          15.56               0               0
          15.58               0               0
           15.6               0               0
          15.62               0               0
          15.64               0               0
          15.66               0               0
          15.68               0               0
           15.7               0               0
          15.72               0               0
          15.74               0               0
          15.76               0               0
          15.78               0               0
           15.8               0               0
          15.82               0               0
          15.84               0               0
          15.86               0               0
          15.88               0               0
           15.9               0               0
          15.92               0               0
          15.94               0               0
          15.96               0               0
          15.98               0               0
             16               0               0
          16.02               0               0
          16.04               0               0
          16.06               0               0
          16.08               0               0
           16.1               0               0
          16.12               0               0
          16.14               0               0
          16.16               0               0
          16.18               0               0
           16.2               0               0
          16.22               0               0
          16.24               0               0
          16.26               0               0
          16.28               0               0
           16.3               0               0
          16.32               0               0
          16.34               0               0
          16.36               0               0
          16.38               0               0
           16.4               0               0
          16.42               0               0
          16.44               0               0
          16.46               0               0
          16.48               0               0
           16.5               0               0
          16.52               0               0
          16.54               0               0
          16.56               0               0
          16.58               0               0
           16.6               0               0
          16.62               0               0
          16.64               0               0
          16.66               0               0
          16.68               0               0
           16.7               0               0
          16.72               0               0
          16.74               0               0
          16.76               0               0
          16.78               0               0
           16.8               0               0
          16.82               0               0
          16.84               0               0
          16.86               0               0
          16.88               0               0
           16.9               0               0
          16.92               0               0
          16.94               0               0
          16.96               0               0
          16.98               0               0
             17               0               0
          17.02               0               0
          17.04               0               0
          17.06               0               0
          17.08               0               0
           17.1               0               0
          17.12               0               0
          17.14               0               0
          17.16               0               0
          17.18               0               0
           17.2               0               0
          17.22               0               0
          17.24               0               0
          17.26               0               0
          17.28               0               0
           17.3               0               0
          17.32               0               0
          17.34               0               0
          17.36               0               0
          17.38               0               0
           17.4               0               0
          17.42               0               0
          17.44               0               0
          17.46               0               0
          17.48               0               0
           17.5               0               0
          17.52               0               0
          17.54               0               0
          17.56               0               0
          17.58               0               0
           17.6               0               0
          17.62               0               0
          17.64               0               0
          17.66               0               0
          17.68               0               0
           17.7               0               0
          17.72               0               0
          17.74               0               0
          17.76               0               0
          17.78               0               0
           17.8               0               0
          17.82               0               0
          17.84               0               0
          17.86               0               0
          17.88               0               0
           17.9               0               0
          17.92               0               0
          17.94               0               0
          17.96               0               0
          17.98               0               0
             18               0               0
          18.02               0               0
          18.04               0               0
          18.06               0               0
          18.08               0               0
           18.1               0               0
          18.12               0               0
          18.14               0               0
          18.16               0               0
          18.18               0               0
           18.2               0               0
          18.22               0               0
          18.24               0               0
          18.26               0               0
          18.28               0               0
           18.3               0               0
          18.32               0               0
          18.34               0               0
          18.36               0               0
          18.38               0               0
           18.4               0               0
          18.42               0               0
          18.44               0               0
          18.46               0               0
          18.48               0               0
           18.5               0               0
          18.52               0               0
          18.54               0               0
          18.56               0               0
          18.58               0               0
           18.6               0               0
          18.62               0               0
          18.64               0               0
          18.66               0               0
          18.68               0               0
           18.7               0               0
          18.72               0               0
          18.74               0               0
          18.76               0               0
          18.78               0               0
           18.8               0               0
          18.82               0               0
          18.84               0               0
          18.86               0               0
          18.88               0               0
           18.9               0               0
          18.92               0               0
          18.94               0               0
          18.96               0               0
          18.98               0               0
             19               0               0
          19.02               0               0
          19.04               0               0
          19.06               0               0
          19.08               0               0
           19.1               0               0
          19.12               0               0
          19.14               0               0
          19.16               0               0
          19.18               0               0
           19.2               0               0
          19.22               0               0
          19.24               0               0
          19.26               0               0
          19.28               0               0
           19.3               0               0
          19.32               0               0
          19.34               0               0
          19.36               0               0
          19.38               0               0
           19.4               0               0
          19.42               0               0
          19.44               0               0
          19.46               0               0
          19.48               0               0
           19.5               0               0
          19.52               0               0
          19.54               0               0
          19.56               0               0
          19.58               0               0
           19.6               0               0
          19.62               0               0
          19.64               0               0
          19.66               0               0
          19.68               0               0
           19.7               0               0
          19.72               0               0
          19.74               0               0
          19.76               0               0
          19.78               0               0
           19.8               0               0
          19.82               0               0
          19.84               0               0
          19.86               0               0
          19.88               0               0
           19.9               0               0
          19.92               0               0
          19.94               0               0
          19.96               0               0
          19.98               0               0
             20               0               0
          20.02               0               0

AFlux_Sample  1000  20
              0               0               0
           0.02     3.95861e-07     1.09343e-10
           0.04     3.42149e-07     8.35952e-11
           0.06     3.09864e-07     7.13456e-11
           0.08     2.85371e-07     6.30362e-11
            0.1     2.65462e-07     5.66107e-11
           0.12     2.48841e-07     5.13136e-11
           0.14     2.34819e-07     4.67959e-11
           0.16     2.22872e-07     4.28309e-11
           0.18     2.12629e-07     3.92952e-11
            0.2     2.03889e-07      3.6138e-11
           0.22      1.9645e-07     3.33119e-11
           0.24      1.9013e-07     3.07822e-11
           0.26     1.84774e-07     2.85246e-11
           0.28     1.80275e-07     2.65324e-11
            0.3     1.76534e-07     2.47977e-11
           0.32      1.7344e-07     2.32992e-11
           0.34     1.70892e-07     2.20196e-11
           0.36     1.68815e-07     2.09451e-11
           0.38     1.67137e-07     2.00549e-11
            0.4     1.65788e-07     1.93256e-11
           0.42     1.64716e-07     1.87389e-11
           0.44      1.6387e-07     1.82731e-11
           0.46     1.63214e-07     1.79112e-11
           0.48     1.62706e-07     1.76311e-11
            0.5     1.62321e-07     1.74208e-11
           0.52     1.62032e-07     1.72637e-11
           0.54     1.61813e-07     1.71458e-11
           0.56     1.61653e-07     1.70602e-11
           0.58     1.61536e-07     1.69987e-11
            0.6     1.61452e-07     1.69549e-11
           0.62     1.61393e-07     1.69243e-11
           0.64     1.61352e-07     1.69034e-11
           0.66     1.61324e-07     1.68891e-11
           0.68     1.61305e-07     1.68793e-11
            0.7     1.61292e-07      1.6873e-11
           0.72     1.61284e-07     1.68686e-11
           0.74     1.61279e-07     1.68659e-11
           0.76     1.61275e-07     1.68641e-11
           0.78     1.61274e-07     1.68631e-11
            0.8     1.61273e-07     1.68625e-11
           0.82     1.61272e-07     1.68622e-11
           0.84     1.61272e-07      1.6862e-11
           0.86     1.61272e-07     1.68619e-11
           0.88     1.61272e-07     1.68618e-11
            0.9     1.61273e-07     1.68617e-11
           0.92     1.61273e-07     1.68617e-11
           0.94     1.61273e-07     1.68616e-11
           0.96     1.61273e-07     1.68615e-11
           0.98     1.61274e-07     1.68615e-11
              1     1.61274e-07     1.68614e-11
           1.02     1.61274e-07     1.68613e-11
           1.04     1.61274e-07     1.68612e-11
           1.06     1.61274e-07     1.68612e-11
           1.08     1.61274e-07     1.68611e-11
            1.1     1.61274e-07      1.6861e-11
           1.12     1.61274e-07     1.68609e-11
           1.14     1.61275e-07     1.68608e-11
           1.16     1.61275e-07     1.68607e-11
           1.18     1.61275e-07     1.68606e-11
            1.2     1.61275e-07     1.68606e-11
           1.22     1.61275e-07     1.68604e-11
           1.24     1.61276e-07     1.68603e-11
           1.26     1.61276e-07     1.68601e-11
           1.28     1.61276e-07       1.686e-11
            1.3     1.61276e-07     1.68599e-11
           1.32     1.61277e-07     1.68598e-11
           1.34     1.61277e-07     1.68597e-11
           1.36     1.61277e-07     1.68596e-11
           1.38     1.61277e-07     1.68595e-11
            1.4     1.61278e-07     1.68594e-11
           1.42     1.61278e-07     1.68592e-11
           1.44     1.61278e-07     1.68592e-11
           1.46     1.61278e-07      1.6859e-11
           1.48     1.61279e-07      1.6859e-11
            1.5     1.61279e-07     1.68588e-11
           1.52     1.61279e-07     1.68588e-11
           1.54     1.61279e-07     1.68587e-11
           1.56     1.61279e-07     1.68587e-11
           1.58      1.6128e-07     1.68586e-11
            1.6      1.6128e-07     1.68585e-11
           1.62      1.6128e-07     1.68584e-11
           1.64     1.61281e-07     1.68582e-11
           1.66     1.61281e-07     1.68581e-11
           1.68     1.61281e-07     1.68579e-11
            1.7     1.61282e-07     1.68579e-11
           1.72     1.61282e-07     1.68578e-11
           1.74     1.61282e-07     1.68578e-11
           1.76     1.61282e-07     1.68577e-11
           1.78     1.61283e-07     1.68576e-11
            1.8     1.61283e-07     1.68575e-11
           1.82     1.61283e-07     1.68574e-11
           1.84     1.61284e-07     1.68573e-11
           1.86     1.61284e-07     1.68572e-11
           1.88     1.61284e-07     1.68571e-11
            1.9     1.61285e-07      1.6857e-11
           1.92     1.61285e-07     1.68569e-11
           1.94     1.61285e-07     1.68568e-11
           1.96     1.61285e-07     1.68567e-11
           1.98     1.61286e-07     1.68567e-11
              2     1.61286e-07     1.68566e-11
           2.02     1.61287e-07     1.68564e-11
           2.04     1.61287e-07     1.68563e-11
           2.06     1.61287e-07     1.68562e-11
           2.08     1.61288e-07     1.68561e-11
            2.1     1.61288e-07      1.6856e-11
           2.12     1.61288e-07     1.68559e-11
           2.14     1.61289e-07     1.68559e-11
           2.16     1.61289e-07     1.68558e-11
           2.18     1.61289e-07     1.68557e-11
            2.2      1.6129e-07     1.68556e-11
           2.22      1.6129e-07     1.68555e-11
           2.24      1.6129e-07     1.68555e-11
           2.26     1.61291e-07     1.68554e-11
           2.28     1.61291e-07     1.68553e-11
            2.3     1.61292e-07     1.68553e-11
           2.32     1.61293e-07     1.68554e-11
           2.34     1.61295e-07     1.68555e-11
           2.36     1.61297e-07     1.68559e-11
           2.38     1.61301e-07     1.68568e-11
            2.4     1.61308e-07     1.68584e-11
           2.42     1.61319e-07     1.68613e-11
           2.44     1.61338e-07     1.68663e-11
           2.46      1.6137e-07     1.68747e-11
           2.48      1.6142e-07     1.68884e-11
            2.5       1.615e-07       1.691e-11
           2.52     1.61622e-07     1.69437e-11
           2.54     1.61805e-07     1.69944e-11
           2.56     1.62073e-07     1.70686e-11
           2.58     1.62455e-07     1.71741e-11
            2.6     1.62985e-07     1.73192e-11
           2.62     1.63709e-07      1.7515e-11
           2.64      1.6467e-07     1.77694e-11
           2.66     1.65913e-07     1.80883e-11
           2.68     1.67481e-07     1.84751e-11
            2.7     1.69407e-07     1.89254e-11
           2.72     1.71726e-07     1.94349e-11
           2.74     1.74431e-07     1.99851e-11
           2.76     1.77513e-07     2.05581e-11
           2.78     1.80929e-07     2.11307e-11
            2.8     1.84619e-07     2.16802e-11
           2.82     1.88492e-07     2.21856e-11
           2.84     1.92463e-07     2.26315e-11
           2.86      1.9642e-07     2.30084e-11
           2.88     2.00264e-07     2.33128e-11
            2.9     2.03891e-07     2.35466e-11
           2.92     2.07219e-07     2.37177e-11
           2.94     2.10191e-07     2.38367e-11
           2.96     2.12772e-07     2.39144e-11
           2.98     2.14961e-07     2.39622e-11
              3     2.16766e-07     2.39893e-11
           3.02     2.18206e-07     2.40026e-11
           3.04     2.19329e-07     2.40077e-11
           3.06     2.20183e-07     2.40072e-11
           3.08     2.20819e-07     2.40037e-11
            3.1     2.21276e-07      2.3998e-11
           3.12     2.21599e-07     2.39901e-11
           3.14     2.21828e-07     2.39816e-11
           3.16     2.21989e-07     2.39714e-11
           3.18     2.22104e-07     2.39601e-11
            3.2     2.22186e-07     2.39487e-11
           3.22      2.2225e-07     2.39367e-11
           3.24       2.223e-07     2.39242e-11
           3.26     2.22342e-07     2.39121e-11
           3.28      2.2238e-07     2.38996e-11
            3.3     2.22414e-07     2.38878e-11
           3.32     2.22447e-07     2.38757e-11
           3.34     2.22481e-07     2.38628e-11
           3.36     2.22515e-07     2.38505e-11
           3.38     2.22548e-07     2.38378e-11
            3.4     2.22579e-07     2.38264e-11
           3.42     2.22609e-07     2.38146e-11
           3.44     2.22642e-07     2.38022e-11
           3.46     2.22675e-07     2.37895e-11
           3.48     2.22708e-07     2.37775e-11
            3.5     2.22738e-07      2.3766e-11
           3.52     2.22769e-07     2.37543e-11
           3.54     2.22802e-07     2.37417e-11
           3.56     2.22835e-07     2.37293e-11
           3.58     2.22867e-07     2.37173e-11
            3.6     2.22899e-07     2.37055e-11
           3.62     2.22931e-07     2.36934e-11
           3.64     2.22963e-07     2.36814e-11
           3.66     2.22994e-07     2.36699e-11
           3.68     2.23026e-07     2.36578e-11
            3.7     2.23058e-07     2.36462e-11
           3.72     2.23089e-07     2.36346e-11
           3.74     2.23121e-07     2.36226e-11
           3.76     2.23153e-07     2.36108e-11
           3.78     2.23184e-07     2.35996e-11
            3.8     2.23213e-07     2.35885e-11
           3.82     2.23244e-07     2.35771e-11
           3.84     2.23275e-07     2.35656e-11
           3.86     2.23306e-07     2.35539e-11
           3.88     2.23338e-07     2.35425e-11
            3.9     2.23369e-07     2.35306e-11
           3.92       2.234e-07     2.35194e-11
           3.94     2.23431e-07     2.35083e-11
           3.96     2.23461e-07     2.34972e-11
           3.98     2.23491e-07     2.34864e-11
              4      2.2352e-07     2.34758e-11
           4.02     2.23549e-07     2.34648e-11
           4.04      2.2358e-07      2.3454e-11
           4.06     2.23608e-07     2.34434e-11
           4.08     2.23639e-07     2.34322e-11
            4.1     2.23669e-07     2.34214e-11
           4.12     2.23698e-07     2.34109e-11
           4.14     2.23727e-07     2.34005e-11
           4.16     2.23755e-07     2.33903e-11
           4.18     2.23784e-07       2.338e-11
            4.2     2.23812e-07     2.33698e-11
           4.22     2.23841e-07     2.33594e-11
           4.24     2.23869e-07     2.33494e-11
           4.26     2.23896e-07     2.33399e-11
           4.28     2.23923e-07     2.33302e-11
            4.3     2.23951e-07     2.33203e-11
           4.32     2.23978e-07     2.33105e-11
           4.34     2.24004e-07     2.33014e-11
           4.36      2.2403e-07     2.32923e-11
           4.38     2.24055e-07     2.32833e-11
            4.4     2.24082e-07     2.32736e-11
           4.42     2.24108e-07     2.32647e-11
           4.44     2.24134e-07     2.32555e-11
           4.46     2.24159e-07     2.32466e-11
           4.48     2.24184e-07     2.32381e-11
            4.5     2.24209e-07     2.32291e-11
           4.52     2.24234e-07     2.32203e-11
           4.54     2.24258e-07     2.32117e-11
           4.56     2.24283e-07     2.32032e-11
           4.58     2.24308e-07     2.31946e-11
            4.6     2.24331e-07     2.31863e-11
           4.62     2.24356e-07     2.31778e-11
           4.64     2.24379e-07     2.31697e-11
           4.66     2.24402e-07     2.31618e-11
           4.68     2.24426e-07     2.31534e-11
            4.7      2.2445e-07      2.3145e-11
           4.72     2.24474e-07     2.31369e-11
           4.74     2.24497e-07     2.31288e-11
           4.76      2.2452e-07      2.3121e-11
           4.78     2.24542e-07     2.31138e-11
            4.8     2.24562e-07     2.31068e-11
           4.82     2.24583e-07     2.30996e-11
           4.84     2.24604e-07     2.30926e-11
           4.86     2.24624e-07     2.30856e-11
           4.88     2.24643e-07     2.30794e-11
            4.9     2.24661e-07     2.30733e-11
           4.92     2.24678e-07     2.30677e-11
           4.94     2.24695e-07     2.30618e-11
           4.96     2.24712e-07      2.3056e-11
           4.98     2.24729e-07     2.30505e-11
              5     2.24744e-07     2.30455e-11
           5.02     2.24758e-07     2.30407e-11
           5.04     2.24773e-07     2.30359e-11
           5.06     2.24787e-07     2.30314e-11
           5.08     2.24799e-07     2.30274e-11
            5.1     2.24812e-07     2.30234e-11
           5.12     2.24823e-07     2.30196e-11
           5.14     2.24835e-07     2.30159e-11
           5.16     2.24846e-07     2.30128e-11
           5.18     2.24858e-07     2.30099e-11
            5.2     2.24873e-07     2.30078e-11
           5.22     2.24897e-07     2.30069e-11
           5.24     2.24938e-07     2.30095e-11
           5.26     2.25014e-07     2.30189e-11
           5.28      2.2516e-07     2.30409e-11
            5.3     2.25427e-07     2.30868e-11
           5.32     2.25904e-07     2.31725e-11
           5.34     2.26702e-07     2.33207e-11
           5.36     2.27972e-07     2.35581e-11
           5.38     2.29876e-07     2.39091e-11
            5.4     2.32573e-07     2.43889e-11
           5.42     2.36165e-07     2.49907e-11
           5.44     2.40689e-07     2.56843e-11
           5.46     2.46044e-07     2.64129e-11
           5.48     2.52014e-07     2.71113e-11
            5.5     2.58291e-07      2.7721e-11
           5.52     2.64506e-07     2.82063e-11
           5.54     2.70301e-07     2.85596e-11
           5.56     2.75397e-07     2.87934e-11
           5.58     2.79613e-07     2.89396e-11
            5.6     2.82898e-07     2.90234e-11
           5.62     2.85316e-07     2.90712e-11
           5.64     2.86996e-07     2.90957e-11
           5.66     2.88099e-07     2.91072e-11
           5.68     2.88788e-07     2.91087e-11
            5.7     2.89202e-07     2.91042e-11
           5.72     2.89445e-07     2.90941e-11
           5.74     2.89587e-07     2.90805e-11
           5.76     2.89676e-07     2.90661e-11
           5.78     2.89739e-07     2.90492e-11
            5.8     2.89788e-07     2.90328e-11
           5.82      2.8983e-07     2.90168e-11
           5.84     2.89871e-07     2.89999e-11
           5.86      2.8991e-07     2.89832e-11
           5.88     2.89948e-07     2.89671e-11
            5.9     2.89984e-07     2.89513e-11
           5.92      2.9002e-07     2.89357e-11
           5.94     2.90055e-07     2.89207e-11
           5.96     2.90091e-07     2.89052e-11
           5.98     2.90126e-07     2.88902e-11
              6     2.90161e-07     2.88751e-11
           6.02     2.90195e-07     2.88608e-11
           6.04     2.90229e-07     2.88463e-11
           6.06     2.90261e-07     2.88325e-11
           6.08     2.90294e-07     2.88183e-11
            6.1     2.90327e-07     2.88039e-11
           6.12     2.90359e-07       2.879e-11
           6.14     2.90391e-07     2.87768e-11
           6.16     2.90421e-07     2.87639e-11
           6.18     2.90451e-07     2.87511e-11
            6.2     2.90481e-07     2.87384e-11
           6.22      2.9051e-07     2.87258e-11
           6.24      2.9054e-07     2.87134e-11
           6.26     2.90569e-07     2.87009e-11
           6.28     2.90597e-07     2.86888e-11
            6.3     2.90625e-07     2.86774e-11
           6.32     2.90652e-07     2.86658e-11
           6.34      2.9068e-07     2.86535e-11
           6.36     2.90707e-07     2.86424e-11
           6.38     2.90732e-07     2.86315e-11
            6.4     2.90758e-07     2.86204e-11
           6.42     2.90784e-07     2.86096e-11
           6.44     2.90809e-07     2.85989e-11
           6.46     2.90834e-07     2.85882e-11
           6.48     2.90859e-07     2.85779e-11
            6.5     2.90882e-07     2.85682e-11
           6.52     2.90905e-07     2.85582e-11
           6.54     2.90929e-07     2.85482e-11
           6.56     2.90952e-07     2.85384e-11
           6.58     2.90974e-07     2.85292e-11
            6.6     2.90996e-07     2.85201e-11
           6.62     2.91019e-07       2.851e-11
           6.64     2.91042e-07     2.85004e-11
           6.66     2.91064e-07     2.84914e-11
           6.68     2.91086e-07     2.84823e-11
            6.7     2.91106e-07     2.84738e-11
           6.72     2.91127e-07     2.84649e-11
           6.74     2.91147e-07     2.84564e-11
           6.76     2.91168e-07     2.84479e-11
           6.78     2.91187e-07     2.84399e-11
            6.8     2.91205e-07     2.84327e-11
           6.82     2.91223e-07     2.84249e-11
           6.84     2.91241e-07     2.84176e-11
           6.86     2.91258e-07     2.84105e-11
           6.88     2.91274e-07     2.84037e-11
            6.9     2.91291e-07     2.83969e-11
           6.92     2.91306e-07     2.83905e-11
           6.94      2.9132e-07     2.83846e-11
           6.96     2.91336e-07     2.83784e-11
           6.98      2.9135e-07     2.83721e-11
              7     2.91365e-07      2.8366e-11
           7.02     2.91379e-07     2.83603e-11
           7.04     2.91393e-07     2.83548e-11
           7.06     2.91405e-07     2.83496e-11
           7.08     2.91419e-07     2.83437e-11
            7.1     2.91433e-07     2.83381e-11
           7.12     2.91446e-07     2.83328e-11
           7.14     2.91459e-07     2.83277e-11
           7.16     2.91471e-07     2.83227e-11
           7.18     2.91483e-07     2.83179e-11
            7.2     2.91494e-07      2.8313e-11
           7.22     2.91507e-07     2.83081e-11
           7.24     2.91518e-07     2.83033e-11
           7.26     2.91529e-07     2.82987e-11
           7.28      2.9154e-07     2.82945e-11
            7.3     2.91551e-07     2.82899e-11
           7.32     2.91562e-07     2.82857e-11
           7.34     2.91572e-07     2.82817e-11
           7.36     2.91581e-07      2.8278e-11
           7.38     2.91589e-07     2.82749e-11
            7.4     2.91596e-07     2.82718e-11
           7.42     2.91604e-07     2.82688e-11
           7.44     2.91611e-07      2.8266e-11
           7.46     2.91617e-07     2.82636e-11
           7.48     2.91623e-07     2.82615e-11
            7.5     2.91627e-07     2.82597e-11
           7.52     2.91632e-07     2.82579e-11
           7.54     2.91636e-07     2.82563e-11
           7.56      2.9164e-07     2.82544e-11
           7.58     2.91645e-07     2.82525e-11
            7.6      2.9165e-07     2.82505e-11
           7.62     2.91656e-07     2.82487e-11
           7.64     2.91665e-07     2.82467e-11
           7.66     2.91688e-07     2.82434e-11
           7.68     2.91758e-07     2.82366e-11
            7.7     2.91956e-07     2.82241e-11
           7.72     2.92449e-07     2.82044e-11
           7.74     2.93538e-07     2.81742e-11
           7.76     2.95633e-07     2.81449e-11
           7.78     2.99135e-07     2.81181e-11
            7.8     3.04268e-07     2.80843e-11
           7.82     3.10814e-07     2.80051e-11
           7.84     3.18114e-07     2.78469e-11
           7.86     3.25198e-07     2.76191e-11
           7.88     3.31228e-07     2.73638e-11
            7.9     3.35705e-07     2.71506e-11
           7.92     3.38604e-07     2.70108e-11
           7.94     3.40253e-07     2.69305e-11
           7.96      3.4109e-07     2.68863e-11
           7.98     3.41473e-07     2.68573e-11
              8     3.41642e-07     2.68333e-11
           8.02      3.4173e-07     2.68082e-11
           8.04     3.41787e-07     2.67821e-11
           8.06     3.41837e-07     2.67544e-11
           8.08     3.41882e-07      2.6729e-11
            8.1     3.41924e-07     2.67039e-11
           8.12      3.4197e-07     2.66769e-11
           8.14     3.42013e-07     2.66515e-11
           8.16     3.42056e-07     2.66265e-11
           8.18     3.42097e-07     2.66019e-11
            8.2      3.4214e-07     2.65775e-11
           8.22     3.42181e-07     2.65524e-11
           8.24     3.42222e-07     2.65285e-11
           8.26     3.42262e-07     2.65049e-11
           8.28     3.42302e-07     2.64816e-11
            8.3      3.4234e-07      2.6459e-11
           8.32      3.4238e-07     2.64355e-11
           8.34     3.42419e-07     2.64121e-11
           8.36      3.4246e-07     2.63882e-11
           8.38     3.42499e-07     2.63651e-11
            8.4     3.42538e-07     2.63422e-11
           8.42     3.42576e-07     2.63199e-11
           8.44     3.42613e-07     2.62982e-11
           8.46     3.42649e-07     2.62768e-11
           8.48     3.42686e-07     2.62546e-11
            8.5     3.42723e-07     2.62332e-11
           8.52     3.42758e-07     2.62122e-11
           8.54     3.42793e-07     2.61917e-11
           8.56     3.42827e-07     2.61714e-11
           8.58     3.42861e-07     2.61514e-11
            8.6     3.42896e-07     2.61302e-11
           8.62     3.42932e-07     2.61093e-11
           8.64     3.42966e-07     2.60893e-11
           8.66     3.42999e-07     2.60696e-11
           8.68     3.43031e-07     2.60509e-11
            8.7     3.43062e-07     2.60327e-11
           8.72     3.43094e-07     2.60132e-11
           8.74     3.43128e-07     2.59936e-11
           8.76      3.4316e-07     2.59747e-11
           8.78     3.43192e-07     2.59559e-11
            8.8     3.43223e-07     2.59379e-11
           8.82     3.43253e-07     2.59201e-11
           8.84     3.43283e-07     2.59024e-11
           8.86     3.43312e-07     2.58853e-11
           8.88     3.43339e-07     2.58691e-11
            8.9     3.43366e-07     2.58532e-11
           8.92     3.43393e-07     2.58377e-11
           8.94     3.43418e-07     2.58232e-11
           8.96     3.43442e-07     2.58093e-11
           8.98     3.43464e-07     2.57958e-11
              9     3.43486e-07     2.57835e-11
           9.02     3.43507e-07     2.57707e-11
           9.04     3.43528e-07     2.57588e-11
           9.06     3.43548e-07     2.57468e-11
           9.08     3.43569e-07     2.57345e-11
            9.1      3.4359e-07     2.57222e-11
           9.12      3.4361e-07     2.57104e-11
           9.14     3.43629e-07     2.56991e-11
           9.16     3.43649e-07     2.56873e-11
           9.18     3.43668e-07     2.56762e-11
            9.2     3.43686e-07     2.56654e-11
           9.22     3.43705e-07     2.56542e-11
           9.24     3.43724e-07     2.56435e-11
           9.26     3.43741e-07     2.56333e-11
           9.28     3.43759e-07     2.56225e-11
            9.3     3.43777e-07     2.56124e-11
           9.32     3.43794e-07     2.56025e-11
           9.34      3.4381e-07     2.55927e-11
           9.36     3.43827e-07     2.55827e-11
           9.38     3.43844e-07     2.55729e-11
            9.4     3.43861e-07     2.55635e-11
           9.42     3.43875e-07     2.55551e-11
           9.44      3.4389e-07     2.55466e-11
           9.46     3.43903e-07     2.55388e-11
           9.48     3.43917e-07     2.55305e-11
            9.5     3.43931e-07     2.55226e-11
           9.52     3.43944e-07     2.55148e-11
           9.54     3.43957e-07     2.55075e-11
           9.56     3.43969e-07     2.55004e-11
           9.58     3.43981e-07     2.54934e-11
            9.6     3.43993e-07     2.54864e-11
           9.62     3.44005e-07     2.54799e-11
           9.64     3.44015e-07     2.54741e-11
           9.66     3.44025e-07     2.54685e-11
           9.68     3.44033e-07     2.54637e-11
            9.7     3.44042e-07     2.54589e-11
           9.72     3.44049e-07     2.54547e-11
           9.74     3.44056e-07     2.54504e-11
           9.76     3.44063e-07     2.54466e-11
           9.78     3.44069e-07      2.5443e-11
            9.8     3.44075e-07     2.54399e-11
           9.82      3.4408e-07      2.5437e-11
           9.84     3.44085e-07     2.54343e-11
           9.86     3.44089e-07      2.5432e-11
           9.88     3.44093e-07     2.54295e-11
            9.9     3.44097e-07     2.54274e-11
           9.92       3.441e-07     2.54257e-11
           9.94     3.44103e-07     2.54242e-11
           9.96     3.44105e-07     2.54234e-11
           9.98     3.44106e-07     2.54227e-11
             10     3.44107e-07     2.54225e-11
          10.02               0               0
          10.04               0               0
          10.06               0               0
          10.08               0               0
           10.1               0               0
          10.12               0               0
          10.14               0               0
          10.16               0               0
          10.18               0               0
           10.2               0               0
          10.22               0               0
          10.24               0               0
          10.26               0               0
          10.28               0               0
           10.3               0               0
          10.32               0               0
          10.34               0               0
          10.36               0               0
          10.38               0               0
           10.4               0               0
          10.42               0               0
          10.44               0               0
          10.46               0               0
          10.48               0               0
           10.5               0               0
          10.52               0               0
          10.54               0               0
          10.56               0               0
          10.58               0               0
           10.6               0               0
          10.62               0               0
          10.64               0               0
          10.66               0               0
          10.68               0               0
           10.7               0               0
          10.72               0               0
          10.74               0               0
          10.76               0               0
          10.78               0               0
           10.8               0               0
          10.82               0               0
          10.84               0               0
          10.86               0               0
          10.88               0               0
           10.9               0               0
          10.92               0               0
          10.94               0               0
          10.96               0               0
          10.98               0               0
             11               0               0
          11.02               0               0
          11.04               0               0
          11.06               0               0
          11.08               0               0
           11.1               0               0
          11.12               0               0
          11.14               0               0
          11.16               0               0
          11.18               0               0
           11.2               0               0
          11.22               0               0
          11.24               0               0
          11.26               0               0
          11.28               0               0
           11.3               0               0
          11.32               0               0
          11.34               0               0
          11.36               0               0
          11.38               0               0
           11.4               0               0
          11.42               0               0
          11.44               0               0
          11.46               0               0
          11.48               0               0
           11.5               0               0
          11.52               0               0
          11.54               0               0
          11.56               0               0
          11.58               0               0
           11.6               0               0
          11.62               0               0
          11.64               0               0
          11.66               0               0
          11.68               0               0
           11.7               0               0
          11.72               0               0
          11.74               0               0
          11.76               0               0
          11.78               0               0
           11.8               0               0
          11.82               0               0
          11.84               0               0
          11.86               0               0
          11.88               0               0
           11.9               0               0
          11.92               0               0
          11.94               0               0
          11.96               0               0
          11.98               0               0
             12               0               0
          12.02               0               0
          12.04               0               0
          12.06               0               0
          12.08               0               0
           12.1               0               0
          12.12               0               0
          12.14               0               0
          12.16               0               0
          12.18               0               0
           12.2               0               0
          12.22               0               0
          12.24               0               0
          12.26               0               0
          12.28               0               0
           12.3               0               0
          12.32               0               0
          12.34               0               0
          12.36               0               0
          12.38               0               0
           12.4               0               0
          12.42               0               0
          12.44               0               0
          12.46               0               0
          12.48               0               0
           12.5               0               0
          12.52               0               0
          12.54               0               0
          12.56               0               0
          12.58               0               0
           12.6               0               0
          12.62               0               0
          12.64               0               0
          12.66               0               0
          12.68               0               0
           12.7               0               0
          12.72               0               0
          12.74               0               0
          12.76               0               0
          12.78               0               0
           12.8               0               0
          12.82               0               0
          12.84               0               0
          12.86               0               0
          12.88               0               0
           12.9               0               0
          12.92               0               0
          12.94               0               0
          12.96               0               0
          12.98               0               0
             13               0               0
          13.02               0               0
          13.04               0               0
          13.06               0               0
          13.08               0               0
           13.1               0               0
          13.12               0               0
          13.14               0               0
          13.16               0               0
          13.18               0               0
           13.2               0               0
          13.22               0               0
          13.24               0               0
          13.26               0               0
          13.28               0               0
           13.3               0               0
          13.32               0               0
          13.34               0               0
          13.36               0               0
          13.38               0               0
           13.4               0               0
          13.42               0               0
          13.44               0               0
          13.46               0               0
          13.48               0               0
           13.5               0               0
          13.52               0               0
          13.54               0               0
          13.56               0               0
          13.58               0               0
           13.6               0               0
          13.62               0               0
          13.64               0               0
          13.66               0               0
          13.68               0               0
           13.7               0               0
          13.72               0               0
          13.74               0               0
          13.76               0               0
          13.78               0               0
           13.8               0               0
          13.82               0               0
          13.84               0               0
          13.86               0               0
          13.88               0               0
           13.9               0               0
          13.92               0               0
          13.94               0               0
          13.96               0               0
          13.98               0               0
             14               0               0
          14.02               0               0
          14.04               0               0
          14.06               0               0
          14.08               0               0
           14.1               0               0
          14.12               0               0
          14.14               0               0
          14.16               0               0
          14.18               0               0
           14.2               0               0
          14.22               0               0
          14.24               0               0
          14.26               0               0
          14.28               0               0
           14.3               0               0
          14.32               0               0
          14.34               0               0
          14.36               0               0
          14.38               0               0
           14.4               0               0
          14.42               0               0
          14.44               0               0
          14.46               0               0
          14.48               0               0
           14.5               0               0
          14.52               0               0
          14.54               0               0
          14.56               0               0
          14.58               0               0
           14.6               0               0
          14.62               0               0
          14.64               0               0
          14.66               0               0
          14.68               0               0
           14.7               0               0
          14.72               0               0
          14.74               0               0
          14.76               0               0
          14.78               0               0
           14.8               0               0
          14.82               0               0
          14.84               0               0
          14.86               0               0
          14.88               0               0
           14.9               0               0
          14.92               0               0
          14.94               0               0
          14.96               0               0
          14.98               0               0
             15               0               0
          15.02               0               0
          15.04               0               0
          15.06               0               0
          15.08               0               0
           15.1               0               0
          15.12               0               0
          15.14               0               0
          15.16               0               0
          15.18               0               0
           15.2               0               0
          15.22               0               0
          15.24               0               0
          15.26               0               0
          15.28               0               0
           15.3               0               0
          15.32               0               0
          15.34               0               0
          15.36               0               0
          15.38               0               0
           15.4               0               0
          15.42               0               0
          15.44               0               0
          15.46               0               0
          15.48               0               0
           15.5               0               0
          15.52               0               0
          15.54               0               0
          15.56               0               0
          15.58               0               0
           15.6               0               0
          15.62               0               0
          15.64               0               0
          15.66               0               0
          15.68               0               0
           15.7               0               0
          15.72               0               0
          15.74               0               0
          15.76               0               0
          15.78               0               0
           15.8               0               0
          15.82               0               0
          15.84               0               0
          15.86               0               0
          15.88               0               0
           15.9               0               0
          15.92               0               0
          15.94               0               0
          15.96               0               0
          15.98               0               0
             16               0               0
          16.02               0               0
          16.04               0               0
          16.06               0               0
          16.08               0               0
           16.1               0               0
          16.12               0               0
          16.14               0               0
          16.16               0               0
          16.18               0               0
           16.2               0               0
          16.22               0               0
          16.24               0               0
          16.26               0               0
          16.28               0               0
           16.3               0               0
          16.32               0               0
          16.34               0               0
          16.36               0               0
          16.38               0               0
           16.4               0               0
          16.42               0               0
          16.44               0               0
          16.46               0               0
          16.48               0               0
           16.5               0               0
          16.52               0               0
          16.54               0               0
          16.56               0               0
          16.58               0               0
           16.6               0               0
          16.62               0               0
          16.64               0               0
          16.66               0               0
          16.68               0               0
           16.7               0               0
          16.72               0               0
          16.74               0               0
          16.76               0               0
          16.78               0               0
           16.8               0               0
          16.82               0               0
          16.84               0               0
          16.86               0               0
          16.88               0               0
           16.9               0               0
          16.92               0               0
          16.94               0               0
          16.96               0               0
          16.98               0               0
             17               0               0
          17.02               0               0
          17.04               0               0
          17.06               0               0
          17.08               0               0
           17.1               0               0
          17.12               0               0
          17.14               0               0
          17.16               0               0
          17.18               0               0
           17.2               0               0
          17.22               0               0
          17.24               0               0
          17.26               0               0
          17.28               0               0
           17.3               0               0
          17.32               0               0
          17.34               0               0
          17.36               0               0
          17.38               0               0
           17.4               0               0
          17.42               0               0
          17.44               0               0
          17.46               0               0
          17.48               0               0
           17.5               0               0
          17.52               0               0
          17.54               0               0
          17.56               0               0
          17.58               0               0
           17.6               0               0
          17.62               0               0
          17.64               0               0
          17.66               0               0
          17.68               0               0
           17.7               0               0
          17.72               0               0
          17.74               0               0
          17.76               0               0
          17.78               0               0
           17.8               0               0
          17.82               0               0
          17.84               0               0
          17.86               0               0
          17.88               0               0
           17.9               0               0
          17.92               0               0
          17.94               0               0
          17.96               0               0
          17.98               0               0
             18               0               0
          18.02               0               0
          18.04               0               0
          18.06               0               0
          18.08               0               0
           18.1               0               0
          18.12               0               0
          18.14               0               0
          18.16               0               0
          18.18               0               0
           18.2               0               0
          18.22               0               0
          18.24               0               0
          18.26               0               0
          18.28               0               0
           18.3               0               0
          18.32               0               0
          18.34               0               0
          18.36               0               0
          18.38               0               0
           18.4               0               0
          18.42               0               0
          18.44               0               0
          18.46               0               0
          18.48               0               0
           18.5               0               0
          18.52               0               0
          18.54               0               0
          18.56               0               0
          18.58               0               0
           18.6               0               0
          18.62               0               0
          18.64               0               0
          18.66               0               0
          18.68               0               0
           18.7               0               0
          18.72               0               0
          18.74               0               0
          18.76               0               0
          18.78               0               0
           18.8               0               0
          18.82               0               0
          18.84               0               0
          18.86               0               0
          18.88               0               0
           18.9               0               0
          18.92               0               0
          18.94               0               0
          18.96               0               0
          18.98               0               0
             19               0               0
          19.02               0               0
          19.04               0               0
          19.06               0               0
          19.08               0               0
           19.1               0               0
          19.12               0               0
          19.14               0               0
          19.16               0               0
          19.18               0               0
           19.2               0               0
          19.22               0               0
          19.24               0               0
          19.26               0               0
          19.28               0               0
           19.3               0               0
          19.32               0               0
          19.34               0               0
          19.36               0               0
          19.38               0               0
           19.4               0               0
          19.42               0               0
          19.44               0               0
          19.46               0               0
          19.48               0               0
           19.5               0               0
          19.52               0               0
          19.54               0               0
          19.56               0               0
          19.58               0               0
           19.6               0               0
          19.62               0               0
          19.64               0               0
          19.66               0               0
          19.68               0               0
           19.7               0               0
          19.72               0               0
          19.74               0               0
          19.76               0               0
          19.78               0               0
           19.8               0               0
          19.82               0               0
          19.84               0               0
          19.86               0               0
          19.88               0               0
           19.9               0               0
          19.92               0               0
          19.94               0               0
          19.96               0               0
          19.98               0               0
             20               0               0
          20.02               0               0

Source_00  1000  20
              0               0               0
           0.02               0               0
           0.04               0               0
           0.06               0               0
           0.08               0               0
            0.1               0               0
           0.12               0               0
           0.14               0               0
           0.16               0               0
           0.18               0               0
            0.2               0               0
           0.22               0               0
           0.24               0               0
           0.26               0               0
           0.28               0               0
            0.3               0               0
           0.32               0               0
           0.34               0               0
           0.36               0               0
           0.38               0               0
            0.4               0               0
           0.42               0               0
           0.44               0               0
           0.46               0               0
           0.48               0               0
            0.5               0               0
           0.52               0               0
           0.54               0               0
           0.56               0               0
           0.58               0               0
            0.6               0               0
           0.62               0               0
           0.64               0               0
           0.66               0               0
           0.68               0               0
            0.7               0               0
           0.72               0               0
           0.74               0               0
           0.76               0               0
           0.78               0               0
            0.8               0               0
           0.82               0               0
           0.84               0               0
           0.86               0               0
           0.88               0               0
            0.9               0               0
           0.92               0               0
           0.94               0               0
           0.96               0               0
           0.98               0               0
              1               0               0
           1.02               0               0
           1.04               0               0
           1.06               0               0
           1.08               0               0
            1.1               0               0
           1.12               0               0
           1.14               0               0
           1.16               0               0
           1.18               0               0
            1.2               0               0
           1.22               0               0
           1.24               0               0
           1.26               0               0
           1.28               0               0
            1.3               0               0
           1.32               0               0
           1.34               0               0
           1.36               0               0
           1.38               0               0
            1.4               0               0
           1.42               0               0
           1.44               0               0
           1.46               0               0
           1.48               0               0
            1.5               0               0
           1.52               0               0
           1.54               0               0
           1.56               0               0
           1.58               0               0
            1.6               0               0
           1.62               0               0
           1.64               0               0
           1.66               0               0
           1.68               0               0
            1.7               0               0
           1.72               0               0
           1.74               0               0
           1.76               0               0
           1.78               0               0
            1.8               0               0
           1.82               0               0
           1.84               0               0
           1.86               0               0
           1.88               0               0
            1.9               0               0
           1.92               0               0
           1.94               0               0
           1.96               0               0
           1.98               0               0
              2               0               0
           2.02               0               0
           2.04               0               0
           2.06               0               0
           2.08               0               0
            2.1               0               0
           2.12               0               0
           2.14               0               0
           2.16               0               0
           2.18               0               0
            2.2               0               0
           2.22               0               0
           2.24               0               0
           2.26               0               0
           2.28               0               0
            2.3               0               0
           2.32               0               0
           2.34               0               0
           2.36               0               0
           2.38               0               0
            2.4               0               0
           2.42               0               0
           2.44               0               0
           2.46               0               0
           2.48               0               0
            2.5               0               0
           2.52               0               0
           2.54               0               0
           2.56               0               0
           2.58               0               0
            2.6               0               0
           2.62               0               0
           2.64               0               0
           2.66               0               0
           2.68               0               0
            2.7               0               0
           2.72               0               0
           2.74               0               0
           2.76               0               0
           2.78               0               0
            2.8               0               0
           2.82               0               0
           2.84               0               0
           2.86               0               0
           2.88               0               0
            2.9               0               0
           2.92               0               0
           2.94               0               0
           2.96               0               0
           2.98               0               0
              3               0               0
           3.02               0               0
           3.04               0               0
           3.06               0               0
           3.08               0               0
            3.1               0               0
           3.12               0               0
           3.14               0               0
           3.16               0               0
           3.18               0               0
            3.2               0               0
           3.22               0               0
           3.24               0               0
           3.26               0               0
           3.28               0               0
            3.3               0               0
           3.32               0               0
           3.34               0               0
           3.36               0               0
           3.38               0               0
            3.4               0               0
           3.42               0               0
           3.44               0               0
           3.46               0               0
           3.48               0               0
            3.5               0               0
           3.52               0               0
           3.54               0               0
           3.56               0               0
           3.58               0               0
            3.6               0               0
           3.62               0               0
           3.64               0               0
           3.66               0               0
           3.68               0               0
            3.7               0               0
           3.72               0               0
           3.74               0               0
           3.76               0               0
           3.78               0               0
            3.8               0               0
           3.82               0               0
           3.84               0               0
           3.86               0               0
           3.88               0               0
            3.9               0               0
           3.92               0               0
           3.94               0               0
           3.96               0               0
           3.98               0               0
              4               0               0
           4.02               0               0
           4.04               0               0
           4.06               0               0
           4.08               0               0
            4.1               0               0
           4.12               0               0
           4.14               0               0
           4.16               0               0
           4.18               0               0
            4.2               0               0
           4.22               0               0
           4.24               0               0
           4.26               0               0
           4.28               0               0
            4.3               0               0
           4.32               0               0
           4.34               0               0
           4.36               0               0
           4.38               0               0
            4.4               0               0
           4.42               0               0
           4.44               0               0
           4.46               0               0
           4.48               0               0
            4.5               0               0
           4.52               0               0
           4.54               0               0
           4.56               0               0
           4.58               0               0
            4.6               0               0
           4.62               0               0
           4.64               0               0
           4.66               0               0
           4.68               0               0
            4.7               0               0
           4.72               0               0
           4.74               0               0
           4.76               0               0
           4.78               0               0
            4.8               0               0
           4.82               0               0
           4.84               0               0
           4.86               0               0
           4.88               0               0
            4.9               0               0
           4.92               0               0
           4.94               0               0
           4.96               0               0
           4.98               0               0
              5               0               0
           5.02               0               0
           5.04               0               0
           5.06               0               0
           5.08               0               0
            5.1               0               0
           5.12               0               0
           5.14               0               0
           5.16               0               0
           5.18               0               0
            5.2               0               0
           5.22               0               0
           5.24               0               0
           5.26               0               0
           5.28               0               0
            5.3               0               0
           5.32               0               0
           5.34               0               0
           5.36               0               0
           5.38               0               0
            5.4               0               0
           5.42               0               0
           5.44               0               0
           5.46               0               0
           5.48               0               0
            5.5               0               0
           5.52               0               0
           5.54               0               0
           5.56               0               0
           5.58               0               0
            5.6               0               0
           5.62               0               0
           5.64               0               0
           5.66               0               0
           5.68               0               0
            5.7               0               0
           5.72               0               0
           5.74               0               0
           5.76               0               0
           5.78               0               0
            5.8               0               0
           5.82               0               0
           5.84               0               0
           5.86               0               0
           5.88               0               0
            5.9               0               0
           5.92               0               0
           5.94               0               0
           5.96               0               0
           5.98               0               0
              6               0               0
           6.02               0               0
           6.04               0               0
           6.06               0               0
           6.08               0               0
            6.1               0               0
           6.12               0               0
           6.14               0               0
           6.16               0               0
           6.18               0               0
            6.2               0               0
           6.22               0               0
           6.24               0               0
           6.26               0               0
           6.28               0               0
            6.3               0               0
           6.32               0               0
           6.34               0               0
           6.36               0               0
           6.38               0               0
            6.4               0               0
           6.42               0               0
           6.44               0               0
           6.46               0               0
           6.48               0               0
            6.5               0               0
           6.52               0               0
           6.54               0               0
           6.56               0               0
           6.58               0               0
            6.6               0               0
           6.62               0               0
           6.64               0               0
           6.66               0               0
           6.68               0               0
            6.7               0               0
           6.72               0               0
           6.74               0               0
           6.76               0               0
           6.78               0               0
            6.8               0               0
           6.82               0               0
           6.84               0               0
           6.86               0               0
           6.88               0               0
            6.9               0               0
           6.92               0               0
           6.94               0               0
           6.96               0               0
           6.98               0               0
              7               0               0
           7.02               0               0
           7.04               0               0
           7.06               0               0
           7.08               0               0
            7.1               0               0
           7.12               0               0
           7.14               0               0
           7.16               0               0
           7.18               0               0
            7.2               0               0
           7.22               0               0
           7.24               0               0
           7.26               0               0
           7.28               0               0
            7.3               0               0
           7.32               0               0
           7.34               0               0
           7.36               0               0
           7.38               0               0
            7.4               0               0
           7.42               0               0
           7.44               0               0
           7.46               0               0
           7.48               0               0
            7.5               0               0
           7.52               0               0
           7.54               0               0
           7.56               0               0
           7.58               0               0
            7.6               0               0
           7.62               0               0
           7.64               0               0
           7.66               0               0
           7.68               0               0
            7.7               0               0
           7.72               0               0
           7.74               0               0
           7.76               0               0
           7.78               0               0
            7.8               0               0
           7.82               0               0
           7.84               0               0
           7.86               0               0
           7.88               0               0
            7.9               0               0
           7.92               0               0
           7.94               0               0
           7.96               0               0
           7.98               0               0
              8               0               0
           8.02               0               0
           8.04               0               0
           8.06               0               0
           8.08               0               0
            8.1               0               0
           8.12               0               0
           8.14               0               0
           8.16               0               0
           8.18               0               0
            8.2               0               0
           8.22               0               0
           8.24               0               0
           8.26               0               0
           8.28               0               0
            8.3               0               0
           8.32               0               0
           8.34               0               0
           8.36               0               0
           8.38               0               0
            8.4               0               0
           8.42               0               0
           8.44               0               0
           8.46               0               0
           8.48               0               0
            8.5               0               0
           8.52               0               0
           8.54               0               0
           8.56               0               0
           8.58               0               0
            8.6               0               0
           8.62               0               0
           8.64               0               0
           8.66               0               0
           8.68               0               0
            8.7               0               0
           8.72               0               0
           8.74               0               0
           8.76               0               0
           8.78               0               0
            8.8               0               0
           8.82               0               0
           8.84               0               0
           8.86               0               0
           8.88               0               0
            8.9               0               0
           8.92               0               0
           8.94               0               0
           8.96               0               0
           8.98               0               0
              9               0               0
           9.02               0               0
           9.04               0               0
           9.06               0               0
           9.08               0               0
            9.1               0               0
           9.12               0               0
           9.14               0               0
           9.16               0               0
           9.18               0               0
            9.2               0               0
           9.22               0               0
           9.24               0               0
           9.26               0               0
           9.28               0               0
            9.3               0               0
           9.32               0               0
           9.34               0               0
           9.36               0               0
           9.38               0               0
            9.4               0               0
           9.42               0               0
           9.44               0               0
           9.46               0               0
           9.48               0               0
            9.5               0               0
           9.52               0               0
           9.54               0               0
           9.56               0               0
           9.58               0               0
            9.6               0               0
           9.62               0               0
           9.64               0               0
           9.66               0               0
           9.68               0               0
            9.7               0               0
           9.72               0               0
           9.74               0               0
           9.76               0               0
           9.78               0               0
            9.8               0               0
           9.82               0               0
           9.84               0               0
           9.86               0               0
           9.88               0               0
            9.9               0               0
           9.92               0               0
           9.94               0               0
           9.96               0               0
           9.98               0               0
             10               0               0
          10.02               1     0.000316228
          10.04               0               0
          10.06               0               0
          10.08               0               0
           10.1               0               0
          10.12               0               0
          10.14               0               0
          10.16               0               0
          10.18               0               0
           10.2               0               0
          10.22               0               0
          10.24               0               0
          10.26               0               0
          10.28               0               0
           10.3               0               0
          10.32               0               0
          10.34               0               0
          10.36               0               0
          10.38               0               0
           10.4               0               0
          10.42               0               0
          10.44               0               0
          10.46               0               0
          10.48               0               0
           10.5               0               0
          10.52               0               0
          10.54               0               0
          10.56               0               0
          10.58               0               0
           10.6               0               0
          10.62               0               0
          10.64               0               0
          10.66               0               0
          10.68               0               0
           10.7               0               0
          10.72               0               0
          10.74               0               0
          10.76               0               0
          10.78               0               0
           10.8               0               0
          10.82               0               0
          10.84               0               0
          10.86               0               0
          10.88               0               0
           10.9               0               0
          10.92               0               0
          10.94               0               0
          10.96               0               0
          10.98               0               0
             11               0               0
          11.02               0               0
          11.04               0               0
          11.06               0               0
          11.08               0               0
           11.1               0               0
          11.12               0               0
          11.14               0               0
          11.16               0               0
          11.18               0               0
           11.2               0               0
          11.22               0               0
          11.24               0               0
          11.26               0               0
          11.28               0               0
           11.3               0               0
          11.32               0               0
          11.34               0               0
          11.36               0               0
          11.38               0               0
           11.4               0               0
          11.42               0               0
          11.44               0               0
          11.46               0               0
          11.48               0               0
           11.5               0               0
          11.52               0               0
          11.54               0               0
          11.56               0               0
          11.58               0               0
           11.6               0               0
          11.62               0               0
          11.64               0               0
          11.66               0               0
          11.68               0               0
           11.7               0               0
          11.72               0               0
          11.74               0               0
          11.76               0               0
          11.78               0               0
           11.8               0               0
          11.82               0               0
          11.84               0               0
          11.86               0               0
          11.88               0               0
           11.9               0               0
          11.92               0               0
          11.94               0               0
          11.96               0               0
          11.98               0               0
             12               0               0
          12.02               0               0
          12.04               0               0
          12.06               0               0
          12.08               0               0
           12.1               0               0
          12.12               0               0
          12.14               0               0
          12.16               0               0
          12.18               0               0
           12.2               0               0
          12.22               0               0
          12.24               0               0
          12.26               0               0
          12.28               0               0
           12.3               0               0
          12.32               0               0
          12.34               0               0
          12.36               0               0
          12.38               0               0
           12.4               0               0
          12.42               0               0
          12.44               0               0
          12.46               0               0
          12.48               0               0
           12.5               0               0
          12.52               0               0
          12.54               0               0
          12.56               0               0
          12.58               0               0
           12.6               0               0
          12.62               0               0
          12.64               0               0
          12.66               0               0
          12.68               0               0
           12.7               0               0
          12.72               0               0
          12.74               0               0
          12.76               0               0
          12.78               0               0
           12.8               0               0
          12.82               0               0
          12.84               0               0
          12.86               0               0
          12.88               0               0
           12.9               0               0
          12.92               0               0
          12.94               0               0
          12.96               0               0
          12.98               0               0
             13               0               0
          13.02               0               0
          13.04               0               0
          13.06               0               0
          13.08               0               0
           13.1               0               0
          13.12               0               0
          13.14               0               0
          13.16               0               0
          13.18               0               0
           13.2               0               0
          13.22               0               0
          13.24               0               0
          13.26               0               0
          13.28               0               0
           13.3               0               0
          13.32               0               0
          13.34               0               0
          13.36               0               0
          13.38               0               0
           13.4               0               0
          13.42               0               0
          13.44               0               0
          13.46               0               0
          13.48               0               0
           13.5               0               0
          13.52               0               0
          13.54               0               0
          13.56               0               0
          13.58               0               0
           13.6               0               0
          13.62               0               0
          13.64               0               0
          13.66               0               0
          13.68               0               0
           13.7               0               0
          13.72               0               0
          13.74               0               0
          13.76               0               0
          13.78               0               0
           13.8               0               0
          13.82               0               0
          13.84               0               0
          13.86               0               0
          13.88               0               0
           13.9               0               0
          13.92               0               0
          13.94               0               0
          13.96               0               0
          13.98               0               0
             14               0               0
          14.02               0               0
          14.04               0               0
          14.06               0               0
          14.08               0               0
           14.1               0               0
          14.12               0               0
          14.14               0               0
          14.16               0               0
          14.18               0               0
           14.2               0               0
          14.22               0               0
          14.24               0               0
          14.26               0               0
          14.28               0               0
           14.3               0               0
          14.32               0               0
          14.34               0               0
          14.36               0               0
          14.38               0               0
           14.4               0               0
          14.42               0               0
          14.44               0               0
          14.46               0               0
          14.48               0               0
           14.5               0               0
          14.52               0               0
          14.54               0               0
          14.56               0               0
          14.58               0               0
           14.6               0               0
          14.62               0               0
          14.64               0               0
          14.66               0               0
          14.68               0               0
           14.7               0               0
          14.72               0               0
          14.74               0               0
          14.76               0               0
          14.78               0               0
           14.8               0               0
          14.82               0               0
          14.84               0               0
          14.86               0               0
          14.88               0               0
           14.9               0               0
          14.92               0               0
          14.94               0               0
          14.96               0               0
          14.98               0               0
             15               0               0
          15.02               0               0
          15.04               0               0
          15.06               0               0
          15.08               0               0
           15.1               0               0
          15.12               0               0
          15.14               0               0
          15.16               0               0
          15.18               0               0
           15.2               0               0
          15.22               0               0
          15.24               0               0
          15.26               0               0
          15.28               0               0
           15.3               0               0
          15.32               0               0
          15.34               0               0
          15.36               0               0
          15.38               0               0
           15.4               0               0
          15.42               0               0
          15.44               0               0
          15.46               0               0
          15.48               0               0
           15.5               0               0
          15.52               0               0
          15.54               0               0
          15.56               0               0
          15.58               0               0
           15.6               0               0
          15.62               0               0
          15.64               0               0
          15.66               0               0
          15.68               0               0
           15.7               0               0
          15.72               0               0
          15.74               0               0
          15.76               0               0
          15.78               0               0
           15.8               0               0
          15.82               0               0
          15.84               0               0
          15.86               0               0
          15.88               0               0
           15.9               0               0
          15.92               0               0
          15.94               0               0
          15.96               0               0
          15.98               0               0
             16               0               0
          16.02               0               0
          16.04               0               0
          16.06               0               0
          16.08               0               0
           16.1               0               0
          16.12               0               0
          16.14               0               0
          16.16               0               0
          16.18               0               0
           16.2               0               0
          16.22               0               0
          16.24               0               0
          16.26               0               0
          16.28               0               0
           16.3               0               0
          16.32               0               0
          16.34               0               0
          16.36               0               0
          16.38               0               0
           16.4               0               0
          16.42               0               0
          16.44               0               0
          16.46               0               0
          16.48               0               0
           16.5               0               0
          16.52               0               0
          16.54               0               0
          16.56               0               0
          16.58               0               0
           16.6               0               0
          16.62               0               0
          16.64               0               0
          16.66               0               0
          16.68               0               0
           16.7               0               0
          16.72               0               0
          16.74               0               0
          16.76               0               0
          16.78               0               0
           16.8               0               0
          16.82               0               0
          16.84               0               0
          16.86               0               0
          16.88               0               0
           16.9               0               0
          16.92               0               0
          16.94               0               0
          16.96               0               0
          16.98               0               0
             17               0               0
          17.02               0               0
          17.04               0               0
          17.06               0               0
          17.08               0               0
           17.1               0               0
          17.12               0               0
          17.14               0               0
          17.16               0               0
          17.18               0               0
           17.2               0               0
          17.22               0               0
          17.24               0               0
          17.26               0               0
          17.28               0               0
           17.3               0               0
          17.32               0               0
          17.34               0               0
          17.36               0               0
          17.38               0               0
           17.4               0               0
          17.42               0               0
          17.44               0               0
          17.46               0               0
          17.48               0               0
           17.5               0               0
          17.52               0               0
          17.54               0               0
          17.56               0               0
          17.58               0               0
           17.6               0               0
          17.62               0               0
          17.64               0               0
          17.66               0               0
          17.68               0               0
           17.7               0               0
          17.72               0               0
          17.74               0               0
          17.76               0               0
          17.78               0               0
           17.8               0               0
          17.82               0               0
          17.84               0               0
          17.86               0               0
          17.88               0               0
           17.9               0               0
          17.92               0               0
          17.94               0               0
          17.96               0               0
          17.98               0               0
             18               0               0
          18.02               0               0
          18.04               0               0
          18.06               0               0
          18.08               0               0
           18.1               0               0
          18.12               0               0
          18.14               0               0
          18.16               0               0
          18.18               0               0
           18.2               0               0
          18.22               0               0
          18.24               0               0
          18.26               0               0
          18.28               0               0
           18.3               0               0
          18.32               0               0
          18.34               0               0
          18.36               0               0
          18.38               0               0
           18.4               0               0
          18.42               0               0
          18.44               0               0
          18.46               0               0
          18.48               0               0
           18.5               0               0
          18.52               0               0
          18.54               0               0
          18.56               0               0
          18.58               0               0
           18.6               0               0
          18.62               0               0
          18.64               0               0
          18.66               0               0
          18.68               0               0
           18.7               0               0
          18.72               0               0
          18.74               0               0
          18.76               0               0
          18.78               0               0
           18.8               0               0
          18.82               0               0
          18.84               0               0
          18.86               0               0
          18.88               0               0
           18.9               0               0
          18.92               0               0
          18.94               0               0
          18.96               0               0
          18.98               0               0
             19               0               0
          19.02               0               0
          19.04               0               0
          19.06               0               0
          19.08               0               0
           19.1               0               0
          19.12               0               0
          19.14               0               0
          19.16               0               0
          19.18               0               0
           19.2               0               0
          19.22               0               0
          19.24               0               0
          19.26               0               0
          19.28               0               0
           19.3               0               0
          19.32               0               0
          19.34               0               0
          19.36               0               0
          19.38               0               0
           19.4               0               0
          19.42               0               0
          19.44               0               0
          19.46               0               0
          19.48               0               0
           19.5               0               0
          19.52               0               0
          19.54               0               0
          19.56               0               0
          19.58               0               0
           19.6               0               0
          19.62               0               0
          19.64               0               0
          19.66               0               0
          19.68               0               0
           19.7               0               0
          19.72               0               0
          19.74               0               0
          19.76               0               0
          19.78               0               0
           19.8               0               0
          19.82               0               0
          19.84               0               0
          19.86               0               0
          19.88               0               0
           19.9               0               0
          19.92               0               0
          19.94               0               0
          19.96               0               0
          19.98               0               0
             20               0               0
          20.02               0               0

