NSpec_Sample  1000  20
              0     0.000211932     1.53912e-07
           0.02     5.74329e-08     2.55671e-09
           0.04     1.35336e-07     3.93082e-09
           0.06     1.92641e-07     4.68612e-09
           0.08     2.21535e-07     5.03077e-09
            0.1     2.66868e-07     5.52119e-09
           0.12      3.0744e-07     5.92942e-09
           0.14     3.51219e-07     6.32786e-09
           0.16      4.0081e-07     6.76526e-09
           0.18     4.37044e-07     7.07682e-09
            0.2     4.87693e-07     7.47278e-09
           0.22     5.37134e-07     7.84312e-09
           0.24     5.81718e-07     8.15593e-09
           0.26     6.58245e-07     8.67148e-09
           0.28     6.88147e-07     8.87383e-09
            0.3      7.2903e-07     9.13728e-09
           0.32     7.64861e-07     9.35783e-09
           0.34     8.11311e-07     9.63751e-09
           0.36     8.45047e-07     9.83523e-09
           0.38     8.82598e-07      1.0047e-08
            0.4     9.41929e-07     1.03919e-08
           0.42     9.79205e-07     1.05897e-08
           0.44     1.00733e-06     1.07404e-08
           0.46     1.03598e-06     1.08963e-08
           0.48     1.09832e-06     1.12202e-08
            0.5     1.13626e-06     1.14092e-08
           0.52     1.17359e-06     1.15907e-08
           0.54     1.19627e-06     1.17082e-08
           0.56     1.20658e-06     1.17589e-08
           0.58     1.26479e-06     1.20363e-08
            0.6     1.28283e-06     1.21169e-08
           0.62      1.3041e-06     1.22246e-08
           0.64     1.34734e-06     1.24151e-08
           0.66     1.34065e-06     1.23795e-08
           0.68     1.35752e-06     1.24614e-08
            0.7     1.39495e-06     1.26205e-08
           0.72     1.39074e-06     1.26059e-08
           0.74     1.42942e-06     1.27793e-08
           0.76     1.44961e-06     1.28675e-08
           0.78     1.46018e-06     1.29149e-08
            0.8     1.45802e-06     1.29068e-08
           0.82     1.46215e-06     1.29136e-08
           0.84       1.479e-06     1.29994e-08
           0.86     1.51138e-06     1.31379e-08
           0.88     1.51525e-06     1.31532e-08
            0.9     1.51177e-06     1.31312e-08
           0.92     1.52769e-06     1.31992e-08
           0.94     1.53884e-06     1.32393e-08
           0.96     1.50378e-06      1.3086e-08
           0.98     1.53272e-06     1.32093e-08
              1     1.55485e-06     1.33065e-08
           1.02      1.5423e-06     1.32457e-08
           1.04     1.53697e-06     1.32261e-08
           1.06     1.52453e-06     1.31716e-08
           1.08     1.53863e-06     1.32195e-08
            1.1     1.55025e-06     1.32806e-08
           1.12      1.5603e-06     1.33121e-08
           1.14     1.53782e-06     1.32132e-08
           1.16     1.51721e-06     1.31199e-08
           1.18     1.54741e-06     1.32549e-08
            1.2     1.52665e-06     1.31636e-08
           1.22     1.54657e-06     1.32468e-08
           1.24     1.52742e-06     1.31669e-08
           1.26     1.52779e-06     1.31621e-08
           1.28     1.51583e-06     1.31035e-08
            1.3      1.5103e-06     1.30849e-08
           1.32     1.52037e-06     1.31197e-08
           1.34     1.50942e-06     1.30681e-08
           1.36     1.49609e-06     1.30144e-08
           1.38     1.48402e-06     1.29548e-08
            1.4     1.46788e-06     1.28853e-08
           1.42     1.48664e-06     1.29654e-08
           1.44     1.47001e-06     1.28949e-08
           1.46     1.46883e-06     1.28835e-08
           1.48     1.47446e-06     1.29088e-08
            1.5     1.44042e-06     1.27534e-08
           1.52      1.4374e-06     1.27405e-08
           1.54     1.43113e-06      1.2703e-08
           1.56     1.41078e-06     1.26168e-08
           1.58     1.40884e-06     1.26003e-08
            1.6     1.39651e-06     1.25435e-08
           1.62     1.41238e-06     1.26053e-08
           1.64     1.40191e-06     1.25609e-08
           1.66     1.37295e-06     1.24362e-08
           1.68     1.37269e-06     1.24342e-08
            1.7     1.35422e-06     1.23431e-08
           1.72     1.36856e-06     1.23962e-08
           1.74     1.33583e-06     1.22519e-08
           1.76     1.34045e-06     1.22628e-08
           1.78     1.32988e-06      1.2223e-08
            1.8     1.34424e-06     1.22878e-08
           1.82      1.2863e-06     1.20086e-08
           1.84     1.29027e-06     1.20379e-08
           1.86     1.30455e-06     1.21006e-08
           1.88     1.27298e-06      1.1947e-08
            1.9     1.25979e-06      1.1874e-08
           1.92     1.24871e-06     1.18258e-08
           1.94      1.2349e-06     1.17539e-08
           1.96     1.23468e-06     1.17576e-08
           1.98     1.21875e-06     1.16783e-08
              2     1.19089e-06     1.15466e-08
           2.02     1.19179e-06     1.15346e-08
           2.04     1.20438e-06     1.16024e-08
           2.06     1.17559e-06     1.14638e-08
           2.08     1.18023e-06     1.14796e-08
            2.1     1.15459e-06     1.13516e-08
           2.12     1.15324e-06     1.13389e-08
           2.14     1.15948e-06     1.13725e-08
           2.16     1.11182e-06     1.11333e-08
           2.18     1.12675e-06     1.12015e-08
            2.2     1.09945e-06     1.10629e-08
           2.22     1.09503e-06     1.10444e-08
           2.24     1.08498e-06     1.09901e-08
           2.26     1.09683e-06     1.10537e-08
           2.28     1.07232e-06     1.09306e-08
            2.3      1.0648e-06     1.08843e-08
           2.32     1.05124e-06     1.08157e-08
           2.34     1.03528e-06     1.07281e-08
           2.36     1.03332e-06     1.07125e-08
           2.38     1.03061e-06     1.06962e-08
            2.4     1.02041e-06     1.06404e-08
           2.42     9.87309e-07     1.04643e-08
           2.44     9.91524e-07     1.04831e-08
           2.46     9.83211e-07     1.04435e-08
           2.48      9.7272e-07     1.03884e-08
            2.5     9.40598e-07     1.02053e-08
           2.52     9.37238e-07     1.01931e-08
           2.54     9.47349e-07     1.02417e-08
           2.56     9.26646e-07     1.01313e-08
           2.58     9.15528e-07     1.00594e-08
            2.6     8.99292e-07     9.96615e-09
           2.62     8.76107e-07     9.83785e-09
           2.64     8.72206e-07     9.82265e-09
           2.66     8.76054e-07     9.83988e-09
           2.68     8.68713e-07     9.79426e-09
            2.7     8.48846e-07     9.67569e-09
           2.72     8.43313e-07     9.64804e-09
           2.74      8.2587e-07     9.54435e-09
           2.76     8.11953e-07     9.45883e-09
           2.78     8.14673e-07     9.47017e-09
            2.8     8.04153e-07     9.41347e-09
           2.82      7.9259e-07     9.33963e-09
           2.84     7.78532e-07     9.25671e-09
           2.86     7.80359e-07     9.26275e-09
           2.88     7.48044e-07     9.06709e-09
            2.9     7.61563e-07     9.14752e-09
           2.92     7.59386e-07     9.13969e-09
           2.94     7.29328e-07     8.94984e-09
           2.96     7.43281e-07     9.03884e-09
           2.98     7.32865e-07      8.9703e-09
              3     7.18165e-07     8.87692e-09
           3.02     7.02195e-07     8.77697e-09
           3.04     7.05885e-07     8.80139e-09
           3.06     6.87167e-07     8.68005e-09
           3.08     6.75398e-07     8.60092e-09
            3.1     6.69001e-07     8.55873e-09
           3.12     6.56579e-07     8.48474e-09
           3.14     6.27729e-07     8.28973e-09
           3.16     6.39534e-07     8.36173e-09
           3.18     6.36516e-07     8.34261e-09
            3.2     6.21112e-07     8.23716e-09
           3.22     6.22406e-07     8.24785e-09
           3.24      6.0205e-07     8.11139e-09
           3.26      6.0026e-07      8.0946e-09
           3.28     5.90355e-07     8.02895e-09
            3.3     5.79474e-07     7.95055e-09
           3.32     5.68173e-07     7.87724e-09
           3.34         5.8e-07     7.95394e-09
           3.36     5.59454e-07     7.80728e-09
           3.38     5.59175e-07     7.79948e-09
            3.4     5.46473e-07     7.71192e-09
           3.42     5.46229e-07     7.70751e-09
           3.44     5.19602e-07      7.5172e-09
           3.46      5.1469e-07     7.48496e-09
           3.48     5.06466e-07     7.41811e-09
            3.5       5.087e-07     7.43503e-09
           3.52     5.09421e-07     7.43631e-09
           3.54      4.8993e-07     7.29949e-09
           3.56     4.87954e-07     7.28029e-09
           3.58     4.86177e-07      7.2642e-09
            3.6     4.69127e-07     7.13029e-09
           3.62     4.73698e-07     7.16664e-09
           3.64     4.54226e-07     7.01463e-09
           3.66     4.54877e-07     7.02185e-09
           3.68     4.35157e-07     6.86169e-09
            3.7      4.4068e-07     6.90768e-09
           3.72     4.37305e-07     6.88007e-09
           3.74     4.18624e-07     6.72819e-09
           3.76     4.14146e-07      6.6889e-09
           3.78     4.11274e-07     6.67036e-09
            3.8     4.18574e-07     6.72535e-09
           3.82     4.06457e-07     6.62167e-09
           3.84     3.91365e-07     6.49636e-09
           3.86     3.82572e-07     6.42615e-09
           3.88     3.87257e-07       6.463e-09
            3.9     3.89586e-07     6.47759e-09
           3.92     3.67465e-07     6.29641e-09
           3.94     3.64082e-07     6.25858e-09
           3.96     3.55899e-07      6.1923e-09
           3.98      3.4634e-07     6.10689e-09
              4     3.47318e-07     6.11067e-09
           4.02     3.32433e-07     5.98454e-09
           4.04     3.39978e-07     6.04736e-09
           4.06     3.29787e-07     5.95705e-09
           4.08      3.2329e-07     5.89643e-09
            4.1      3.1703e-07     5.83371e-09
           4.12     3.17481e-07     5.83703e-09
           4.14     3.19178e-07     5.84842e-09
           4.16     3.04242e-07     5.71541e-09
           4.18     3.04675e-07     5.71338e-09
            4.2     2.86606e-07     5.54159e-09
           4.22     2.79233e-07     5.46748e-09
           4.24     2.80107e-07     5.47847e-09
           4.26     2.76894e-07      5.4468e-09
           4.28     2.73422e-07      5.4067e-09
            4.3      2.7333e-07     5.40817e-09
           4.32     2.61351e-07     5.28691e-09
           4.34     2.59528e-07     5.26593e-09
           4.36      2.5263e-07     5.19609e-09
           4.38     2.54471e-07     5.21402e-09
            4.4     2.54536e-07     5.20997e-09
           4.42     2.36038e-07     5.01486e-09
           4.44     2.37425e-07     5.03079e-09
           4.46     2.36598e-07      5.0222e-09
           4.48     2.27781e-07     4.92546e-09
            4.5     2.22857e-07     4.86931e-09
           4.52     2.18262e-07     4.81975e-09
           4.54     2.22524e-07     4.86895e-09
           4.56       2.042e-07     4.66151e-09
           4.58     2.07062e-07     4.69259e-09
            4.6     2.04359e-07     4.66273e-09
           4.62        2.07e-07     4.68891e-09
           4.64      2.0002e-07     4.60921e-09
           4.66     1.93342e-07     4.52906e-09
           4.68     1.86308e-07     4.44811e-09
            4.7     1.85941e-07     4.44429e-09
           4.72     1.76051e-07     4.32416e-09
           4.74      1.8525e-07      4.4315e-09
           4.76     1.81848e-07     4.39167e-09
           4.78     1.64506e-07     4.17332e-09
            4.8     1.72841e-07     4.27886e-09
           4.82     1.71347e-07     4.25875e-09
           4.84     1.64452e-07     4.17454e-09
           4.86     1.64852e-07     4.17667e-09
           4.88     1.59278e-07     4.10705e-09
            4.9     1.51363e-07     4.00256e-09
           4.92      1.5275e-07     4.01254e-09
           4.94     1.53296e-07     4.02699e-09
           4.96     1.54489e-07     4.04305e-09
           4.98     1.45481e-07     3.92155e-09
              5     1.39466e-07     3.83966e-09
           5.02      1.3853e-07       3.824e-09
           5.04     1.31027e-07     3.71568e-09
           5.06     1.21995e-07     3.58559e-09
           5.08     1.29151e-07     3.68923e-09
            5.1     1.28284e-07       3.678e-09
           5.12     1.22071e-07     3.58307e-09
           5.14     1.18388e-07     3.53178e-09
           5.16     1.16408e-07      3.4991e-09
           5.18     1.15915e-07     3.49223e-09
            5.2     1.14083e-07     3.46385e-09
           5.22     1.11477e-07     3.42102e-09
           5.24     1.02486e-07     3.28413e-09
           5.26     9.95712e-08      3.2339e-09
           5.28     1.11157e-07     3.41594e-09
            5.3     1.00005e-07     3.24115e-09
           5.32     9.94882e-08     3.23461e-09
           5.34     9.97573e-08     3.23647e-09
           5.36     9.59266e-08     3.17297e-09
           5.38     8.87985e-08      3.0528e-09
            5.4     9.40823e-08      3.1394e-09
           5.42     8.91661e-08     3.05634e-09
           5.44     8.26896e-08     2.94341e-09
           5.46     8.08641e-08     2.90992e-09
           5.48     8.28241e-08     2.94446e-09
            5.5     7.71454e-08     2.84101e-09
           5.52     7.85695e-08     2.86648e-09
           5.54     7.06194e-08     2.71731e-09
           5.56     7.43343e-08     2.78906e-09
           5.58     7.40785e-08     2.78333e-09
            5.6     7.40185e-08     2.77708e-09
           5.62     7.03206e-08     2.70979e-09
           5.64      6.5059e-08     2.60562e-09
           5.66     6.64544e-08     2.63411e-09
           5.68     6.86489e-08     2.67736e-09
            5.7     6.45803e-08     2.59464e-09
           5.72     6.39668e-08     2.58035e-09
           5.74     5.97745e-08     2.49362e-09
           5.76     5.87006e-08     2.47041e-09
           5.78     5.84959e-08     2.47068e-09
            5.8     5.50462e-08     2.39417e-09
           5.82     5.89397e-08     2.47617e-09
           5.84     4.98417e-08     2.27813e-09
           5.86     5.25683e-08     2.34012e-09
           5.88     5.04481e-08     2.29157e-09
            5.9     5.20217e-08     2.32487e-09
           5.92     4.59843e-08     2.18556e-09
           5.94     4.46347e-08     2.15315e-09
           5.96     4.60029e-08     2.18641e-09
           5.98     4.09588e-08     2.06416e-09
              6     4.00154e-08     2.03735e-09
           6.02     4.48099e-08     2.15409e-09
           6.04     4.43378e-08     2.14635e-09
           6.06     3.96114e-08     2.02742e-09
           6.08     3.87549e-08     2.00456e-09
            6.1     3.65703e-08     1.94704e-09
           6.12     3.74145e-08     1.96978e-09
           6.14     3.62234e-08      1.9368e-09
           6.16     3.36659e-08       1.868e-09
           6.18     3.61079e-08     1.93328e-09
            6.2     3.38346e-08      1.8687e-09
           6.22     3.28077e-08     1.84313e-09
           6.24     3.01327e-08      1.7669e-09
           6.26     2.56682e-08     1.62708e-09
           6.28     3.31772e-08     1.84931e-09
            6.3      2.9561e-08     1.74847e-09
           6.32     2.96752e-08     1.75218e-09
           6.34       2.949e-08     1.74419e-09
           6.36     2.85889e-08     1.71817e-09
           6.38     2.47123e-08     1.59891e-09
            6.4     2.33382e-08     1.55281e-09
           6.42     2.38539e-08     1.56638e-09
           6.44     2.25687e-08     1.52538e-09
           6.46     2.14767e-08      1.4859e-09
           6.48     2.10982e-08     1.47388e-09
            6.5     2.10911e-08      1.4734e-09
           6.52     1.94421e-08      1.4145e-09
           6.54     2.10715e-08     1.47199e-09
           6.56     1.82422e-08      1.3715e-09
           6.58     1.84341e-08     1.37812e-09
            6.6     2.05727e-08     1.45497e-09
           6.62     1.91237e-08     1.40246e-09
           6.64         1.9e-08     1.39715e-09
           6.66     1.60216e-08     1.28298e-09
           6.68     1.44523e-08     1.21731e-09
            6.7     1.41784e-08     1.20716e-09
           6.72     1.38405e-08     1.19141e-09
           6.74      1.7431e-08     1.33712e-09
           6.76     1.49681e-08     1.23897e-09
           6.78     1.47507e-08     1.22942e-09
            6.8     1.22798e-08     1.12114e-09
           6.82      1.1593e-08     1.09075e-09
           6.84     1.11506e-08     1.06814e-09
           6.86     1.24802e-08     1.13007e-09
           6.88     1.04303e-08     1.03291e-09
            6.9      8.4888e-09     9.31883e-10
           6.92     8.77517e-09     9.46347e-10
           6.94     8.99567e-09     9.59062e-10
           6.96      8.0696e-09     9.08033e-10
           6.98     8.87823e-09      9.5196e-10
              7      9.8899e-09     1.00428e-09
           7.02     8.47774e-09     9.30678e-10
           7.04     8.15856e-09     9.12245e-10
           7.06     5.70092e-09     7.61884e-10
           7.08     8.46302e-09     9.29035e-10
            7.1     7.55073e-09     8.77852e-10
           7.12     7.42609e-09     8.69247e-10
           7.14     5.90754e-09     7.75795e-10
           7.16     6.42672e-09     8.09778e-10
           7.18     5.71775e-09     7.64141e-10
            7.2     6.40821e-09     8.07417e-10
           7.22     4.79524e-09     6.99516e-10
           7.24     5.99673e-09     7.80765e-10
           7.26     6.01152e-09     7.82689e-10
           7.28     4.06601e-09     6.42939e-10
            7.3     4.36353e-09      6.6548e-10
           7.32     4.98262e-09      7.1188e-10
           7.34       3.762e-09     6.18507e-10
           7.36     4.15905e-09     6.49586e-10
           7.38     3.86064e-09     6.26322e-10
            7.4     4.16697e-09     6.50819e-10
           7.42     3.56085e-09     6.01953e-10
           7.44     4.05348e-09     6.40943e-10
           7.46     3.04255e-09     5.55525e-10
           7.48     2.84703e-09     5.38069e-10
            7.5      1.9346e-09     4.43853e-10
           7.52     1.83009e-09     4.31389e-10
           7.54     2.32627e-09     4.85081e-10
           7.56     1.92339e-09     4.41279e-10
           7.58      2.5296e-09     5.05946e-10
            7.6      1.9265e-09     4.41984e-10
           7.62      1.3179e-09     3.65537e-10
           7.64     1.41653e-09     3.78604e-10
           7.66     2.32221e-09     4.84231e-10
           7.68      2.2214e-09     4.73617e-10
            7.7     1.82561e-09     4.30315e-10
           7.72     2.21963e-09     4.73242e-10
           7.74     1.31343e-09     3.64287e-10
           7.76     1.72084e-09     4.17384e-10
           7.78     1.11182e-09     3.35244e-10
            7.8     1.11343e-09     3.35725e-10
           7.82     1.21357e-09     3.50338e-10
           7.84      2.0152e-10     1.42497e-10
           7.86     8.04416e-10     2.84405e-10
           7.88     7.03369e-10     2.65849e-10
            7.9     4.04747e-10     2.02378e-10
           7.92     6.04106e-10     2.46628e-10
           7.94     6.03169e-10     2.46246e-10
           7.96     4.04662e-10     2.02332e-10
           7.98     6.01385e-10     2.45515e-10
              8     7.04851e-10     2.66412e-10
           8.02     3.00678e-10     1.73596e-10
           8.04     3.04843e-10     1.76018e-10
           8.06     2.00789e-10      1.4198e-10
           8.08     2.00495e-10     1.41772e-10
            8.1     4.01711e-10     2.00858e-10
           8.12     1.00971e-10     1.00971e-10
           8.14     3.03913e-10     1.75465e-10
           8.16     3.01521e-10     1.74084e-10
           8.18     1.01137e-10     1.01137e-10
            8.2               0               0
           8.22               0               0
           8.24     3.05951e-10     1.76646e-10
           8.26      1.0037e-10      1.0037e-10
           8.28     1.00599e-10     1.00599e-10
            8.3               0               0
           8.32               0               0
           8.34               0               0
           8.36               0               0
           8.38               0               0
            8.4               0               0
           8.42               0               0
           8.44               0               0
           8.46               0               0
           8.48               0               0
            8.5               0               0
           8.52               0               0
           8.54               0               0
           8.56               0               0
           8.58               0               0
            8.6               0               0
           8.62     1.00285e-10     1.00285e-10
           8.64               0               0
           8.66               0               0
           8.68               0               0
            8.7               0               0
           8.72               0               0
           8.74               0               0
           8.76               0               0
           8.78               0               0
            8.8               0               0
           8.82               0               0
           8.84               0               0
           8.86               0               0
           8.88               0               0
            8.9               0               0
           8.92               0               0
           8.94               0               0
           8.96               0               0
           8.98               0               0
              9               0               0
           9.02               0               0
           9.04               0               0
           9.06               0               0
           9.08               0               0
            9.1               0               0
           9.12               0               0
           9.14               0               0
           9.16               0               0
           9.18               0               0
            9.2               0               0
           9.22               0               0
           9.24               0               0
           9.26               0               0
           9.28               0               0
            9.3               0               0
           9.32               0               0
           9.34               0               0
           9.36               0               0
           9.38               0               0
            9.4               0               0
           9.42               0               0
           9.44               0               0
           9.46               0               0
           9.48               0               0
            9.5               0               0
           9.52               0               0
           9.54               0               0
           9.56               0               0
           9.58               0               0
            9.6               0               0
           9.62               0               0
           9.64               0               0
           9.66               0               0
           9.68               0               0
            9.7               0               0
           9.72               0               0
           9.74               0               0
           9.76               0               0
           9.78               0               0
            9.8               0               0
           9.82               0               0
           9.84               0               0
           9.86               0               0
           9.88               0               0
            9.9               0               0
           9.92               0               0
           9.94               0               0
           9.96               0               0
           9.98               0               0
             10               0               0
          10.02               0               0
          10.04               0               0
          10.06               0               0
          10.08               0               0
           10.1               0               0
          10.12               0               0
          10.14               0               0
          10.16               0               0
          10.18               0               0
           10.2               0               0
          10.22               0               0
          10.24               0               0
          10.26               0               0
          10.28               0               0
           10.3               0               0
          10.32               0               0
          10.34               0               0
          10.36               0               0
          10.38               0               0
           10.4               0               0
          10.42               0               0
          10.44               0               0
          10.46               0               0
          10.48               0               0
           10.5               0               0
          10.52               0               0
          10.54               0               0
          10.56               0               0
          10.58               0               0
           10.6               0               0
          10.62               0               0
          10.64               0               0
          10.66               0               0
          10.68               0               0
           10.7               0               0
          10.72               0               0
          10.74               0               0
          10.76               0               0
          10.78               0               0
           10.8               0               0
          10.82               0               0
          10.84               0               0
          10.86               0               0
          10.88               0               0
           10.9               0               0
          10.92               0               0
          10.94               0               0
          10.96               0               0
          10.98               0               0
             11               0               0
          11.02               0               0
          11.04               0               0
          11.06               0               0
          11.08               0               0
           11.1               0               0
          11.12               0               0
          11.14               0               0
          11.16               0               0
          11.18               0               0
           11.2               0               0
          11.22               0               0
          11.24               0               0
          11.26               0               0
          11.28               0               0
           11.3               0               0
          11.32               0               0
          11.34               0               0
          11.36               0               0
          11.38               0               0
           11.4               0               0
          11.42               0               0
          11.44               0               0
          11.46               0               0
          11.48               0               0
           11.5               0               0
          11.52               0               0
          11.54               0               0
          11.56               0               0
          11.58               0               0
           11.6               0               0
          11.62               0               0
          11.64               0               0
          11.66               0               0
          11.68               0               0
           11.7               0               0
          11.72               0               0
          11.74               0               0
          11.76               0               0
          11.78               0               0
           11.8               0               0
          11.82               0               0
          11.84               0               0
          11.86               0               0
          11.88               0               0
           11.9               0               0
          11.92               0               0
          11.94               0               0
          11.96               0               0
          11.98               0               0
             12               0               0
          12.02               0               0
          12.04               0               0
          12.06               0               0
          12.08               0               0
           12.1               0               0
          12.12               0               0
          12.14               0               0
          12.16               0               0
          12.18               0               0
           12.2               0               0
          12.22               0               0
          12.24               0               0
          12.26               0               0
          12.28               0               0
           12.3               0               0
          12.32               0               0
          12.34               0               0
          12.36               0               0
          12.38               0               0
           12.4               0               0
          12.42               0               0
          12.44               0               0
          12.46               0               0
          12.48               0               0
           12.5               0               0
          12.52               0               0
          12.54               0               0
          12.56               0               0
          12.58               0               0
           12.6               0               0
          12.62               0               0
          12.64               0               0
          12.66               0               0
          12.68               0               0
           12.7               0               0
          12.72               0               0
          12.74               0               0
          12.76               0               0
          12.78               0               0
           12.8               0               0
          12.82               0               0
          12.84               0               0
          12.86               0               0
          12.88               0               0
           12.9               0               0
          12.92               0               0
          12.94               0               0
          12.96               0               0
          12.98               0               0
             13               0               0
          13.02               0               0
          13.04               0               0
          13.06               0               0
          13.08               0               0
           13.1               0               0
          13.12               0               0
          13.14               0               0
          13.16               0               0
          13.18               0               0
           13.2               0               0
          13.22               0               0
          13.24               0               0
          13.26               0               0
          13.28               0               0
           13.3               0               0
          13.32               0               0
          13.34               0               0
          13.36               0               0
          13.38               0               0
           13.4               0               0
          13.42               0               0
          13.44               0               0
          13.46               0               0
          13.48               0               0
           13.5               0               0
          13.52               0               0
          13.54               0               0
          13.56               0               0
          13.58               0               0
           13.6               0               0
          13.62               0               0
          13.64               0               0
          13.66               0               0
          13.68               0               0
           13.7               0               0
          13.72               0               0
          13.74               0               0
          13.76               0               0
          13.78               0               0
           13.8               0               0
          13.82               0               0
          13.84               0               0
          13.86               0               0
          13.88               0               0
           13.9               0               0
          13.92               0               0
          13.94               0               0
          13.96               0               0
          13.98               0               0
             14               0               0
          14.02               0               0
          14.04               0               0
          14.06               0               0
          14.08               0               0
           14.1               0               0
          14.12               0               0
          14.14               0               0
          14.16               0               0
          14.18               0               0
           14.2               0               0
          14.22               0               0
          14.24               0               0
          14.26               0               0
          14.28               0               0
           14.3               0               0
          14.32               0               0
          14.34               0               0
          14.36               0               0
          14.38               0               0
           14.4               0               0
          14.42               0               0
          14.44               0               0
          14.46               0               0
          14.48               0               0
           14.5               0               0
          14.52               0               0
          14.54               0               0
          14.56               0               0
          14.58               0               0
           14.6               0               0
          14.62               0               0
          14.64               0               0
          14.66               0               0
          14.68               0               0
           14.7               0               0
          14.72               0               0
          14.74               0               0
          14.76               0               0
          14.78               0               0
           14.8               0               0
          14.82               0               0
          14.84               0               0
          14.86               0               0
          14.88               0               0
           14.9               0               0
          14.92               0               0
          14.94               0               0
          14.96               0               0
          14.98               0               0
             15               0               0
          15.02               0               0
          15.04               0               0
          15.06               0               0
          15.08               0               0
           15.1               0               0
          15.12               0               0
          15.14               0               0
          15.16               0               0
          15.18               0               0
           15.2               0               0
          15.22               0               0
          15.24               0               0
          15.26               0               0
          15.28               0               0
           15.3               0               0
          15.32               0               0
          15.34               0               0
          15.36               0               0
          15.38               0               0
           15.4               0               0
          15.42               0               0
          15.44               0               0
          15.46               0               0
          15.48               0               0
           15.5               0               0
          15.52               0               0
          15.54               0               0
          15.56               0               0
          15.58               0               0
           15.6               0               0
          15.62               0               0
          15.64               0               0
          15.66               0               0
          15.68               0               0
           15.7               0               0
          15.72               0               0
          15.74               0               0
          15.76               0               0
          15.78               0               0
           15.8               0               0
          15.82               0               0
          15.84               0               0
          15.86               0               0
          15.88               0               0
           15.9               0               0
          15.92               0               0
          15.94               0               0
          15.96               0               0
          15.98               0               0
             16               0               0
          16.02               0               0
          16.04               0               0
          16.06               0               0
          16.08               0               0
           16.1               0               0
          16.12               0               0
          16.14               0               0
          16.16               0               0
          16.18               0               0
           16.2               0               0
          16.22               0               0
          16.24               0               0
          16.26               0               0
          16.28               0               0
           16.3               0               0
          16.32               0               0
          16.34               0               0
          16.36               0               0
          16.38               0               0
           16.4               0               0
          16.42               0               0
          16.44               0               0
          16.46               0               0
          16.48               0               0
           16.5               0               0
          16.52               0               0
          16.54               0               0
          16.56               0               0
          16.58               0               0
           16.6               0               0
          16.62               0               0
          16.64               0               0
          16.66               0               0
          16.68               0               0
           16.7               0               0
          16.72               0               0
          16.74               0               0
          16.76               0               0
          16.78               0               0
           16.8               0               0
          16.82               0               0
          16.84               0               0
          16.86               0               0
          16.88               0               0
           16.9               0               0
          16.92               0               0
          16.94               0               0
          16.96               0               0
          16.98               0               0
             17               0               0
          17.02               0               0
          17.04               0               0
          17.06               0               0
          17.08               0               0
           17.1               0               0
          17.12               0               0
          17.14               0               0
          17.16               0               0
          17.18               0               0
           17.2               0               0
          17.22               0               0
          17.24               0               0
          17.26               0               0
          17.28               0               0
           17.3               0               0
          17.32               0               0
          17.34               0               0
          17.36               0               0
          17.38               0               0
           17.4               0               0
          17.42               0               0
          17.44               0               0
          17.46               0               0
          17.48               0               0
           17.5               0               0
          17.52               0               0
          17.54               0               0
          17.56               0               0
          17.58               0               0
           17.6               0               0
          17.62               0               0
          17.64               0               0
          17.66               0               0
          17.68               0               0
           17.7               0               0
          17.72               0               0
          17.74               0               0
          17.76               0               0
          17.78               0               0
           17.8               0               0
          17.82               0               0
          17.84               0               0
          17.86               0               0
          17.88               0               0
           17.9               0               0
          17.92               0               0
          17.94               0               0
          17.96               0               0
          17.98               0               0
             18               0               0
          18.02               0               0
          18.04               0               0
          18.06               0               0
          18.08               0               0
           18.1               0               0
          18.12               0               0
          18.14               0               0
          18.16               0               0
          18.18               0               0
           18.2               0               0
          18.22               0               0
          18.24               0               0
          18.26               0               0
          18.28               0               0
           18.3               0               0
          18.32               0               0
          18.34               0               0
          18.36               0               0
          18.38               0               0
           18.4               0               0
          18.42               0               0
          18.44               0               0
          18.46               0               0
          18.48               0               0
           18.5               0               0
          18.52               0               0
          18.54               0               0
          18.56               0               0
          18.58               0               0
           18.6               0               0
          18.62               0               0
          18.64               0               0
          18.66               0               0
          18.68               0               0
           18.7               0               0
          18.72               0               0
          18.74               0               0
          18.76               0               0
          18.78               0               0
           18.8               0               0
          18.82               0               0
          18.84               0               0
          18.86               0               0
          18.88               0               0
           18.9               0               0
          18.92               0               0
          18.94               0               0
          18.96               0               0
          18.98               0               0
             19               0               0
          19.02               0               0
          19.04               0               0
          19.06               0               0
          19.08               0               0
           19.1               0               0
          19.12               0               0
          19.14               0               0
          19.16               0               0
          19.18               0               0
           19.2               0               0
          19.22               0               0
          19.24               0               0
          19.26               0               0
          19.28               0               0
           19.3               0               0
          19.32               0               0
          19.34               0               0
          19.36               0               0
          19.38               0               0
           19.4               0               0
          19.42               0               0
          19.44               0               0
          19.46               0               0
          19.48               0               0
           19.5               0               0
          19.52               0               0
          19.54               0               0
          19.56               0               0
          19.58               0               0
           19.6               0               0
          19.62               0               0
          19.64               0               0
          19.66               0               0
          19.68               0               0
           19.7               0               0
          19.72               0               0
          19.74               0               0
          19.76               0               0
          19.78               0               0
           19.8               0               0
          19.82               0               0
          19.84               0               0
          19.86               0               0
          19.88               0               0
           19.9               0               0
          19.92               0               0
          19.94               0               0
          19.96               0               0
          19.98               0               0
             20               0               0
          20.02               0               0

AFlux_Sample  1000  20
              0               0               0
           0.02     2.65994e-07      6.6203e-11
           0.04     2.37973e-07     5.23674e-11
           0.06     2.20799e-07     4.55395e-11
           0.08     2.07645e-07     4.08326e-11
            0.1     1.96965e-07      3.7201e-11
           0.12     1.88036e-07     3.42216e-11
           0.14     1.80485e-07     3.17044e-11
           0.16     1.74051e-07       2.953e-11
           0.18     1.68578e-07     2.76448e-11
            0.2     1.63931e-07     2.60069e-11
           0.22     1.60004e-07     2.45874e-11
           0.24     1.56701e-07     2.33664e-11
           0.26     1.53936e-07     2.23223e-11
           0.28     1.51644e-07     2.14425e-11
            0.3     1.49759e-07     2.07082e-11
           0.32     1.48222e-07      2.0104e-11
           0.34     1.46981e-07     1.96138e-11
           0.36     1.45998e-07     1.92248e-11
           0.38     1.45225e-07     1.89194e-11
            0.4     1.44624e-07     1.86825e-11
           0.42     1.44164e-07     1.85026e-11
           0.44     1.43818e-07     1.83679e-11
           0.46     1.43561e-07     1.82681e-11
           0.48     1.43374e-07     1.81956e-11
            0.5     1.43242e-07     1.81439e-11
           0.52     1.43152e-07     1.81084e-11
           0.54     1.43091e-07     1.80839e-11
           0.56     1.43053e-07     1.80676e-11
           0.58     1.43031e-07     1.80572e-11
            0.6     1.43021e-07     1.80507e-11
           0.62     1.43018e-07      1.8047e-11
           0.64     1.43019e-07      1.8045e-11
           0.66     1.43024e-07     1.80439e-11
           0.68     1.43031e-07     1.80434e-11
            0.7     1.43038e-07     1.80433e-11
           0.72     1.43046e-07      1.8043e-11
           0.74     1.43054e-07     1.80427e-11
           0.76     1.43061e-07     1.80423e-11
           0.78     1.43068e-07     1.80418e-11
            0.8     1.43074e-07     1.80411e-11
           0.82      1.4308e-07     1.80404e-11
           0.84     1.43085e-07     1.80396e-11
           0.86     1.43091e-07     1.80386e-11
           0.88     1.43096e-07     1.80376e-11
            0.9     1.43101e-07     1.80364e-11
           0.92     1.43106e-07     1.80352e-11
           0.94     1.43111e-07      1.8034e-11
           0.96     1.43115e-07     1.80328e-11
           0.98      1.4312e-07     1.80316e-11
              1     1.43125e-07     1.80302e-11
           1.02      1.4313e-07     1.80289e-11
           1.04     1.43135e-07     1.80276e-11
           1.06      1.4314e-07     1.80261e-11
           1.08     1.43145e-07     1.80247e-11
            1.1      1.4315e-07     1.80234e-11
           1.12     1.43155e-07     1.80218e-11
           1.14     1.43161e-07     1.80203e-11
           1.16     1.43166e-07     1.80188e-11
           1.18     1.43171e-07     1.80174e-11
            1.2     1.43176e-07      1.8016e-11
           1.22     1.43181e-07     1.80146e-11
           1.24     1.43186e-07     1.80134e-11
           1.26     1.43191e-07      1.8012e-11
           1.28     1.43196e-07     1.80106e-11
            1.3     1.43201e-07     1.80092e-11
           1.32     1.43206e-07      1.8008e-11
           1.34     1.43211e-07     1.80065e-11
           1.36     1.43217e-07     1.80049e-11
           1.38     1.43222e-07     1.80035e-11
            1.4     1.43228e-07      1.8002e-11
           1.42     1.43233e-07     1.80007e-11
           1.44     1.43238e-07     1.79994e-11
           1.46     1.43243e-07      1.7998e-11
           1.48     1.43249e-07     1.79966e-11
            1.5     1.43254e-07     1.79952e-11
           1.52     1.43259e-07     1.79939e-11
           1.54     1.43264e-07     1.79926e-11
           1.56     1.43269e-07     1.79912e-11
           1.58     1.43275e-07     1.79897e-11
            1.6     1.43281e-07     1.79883e-11
           1.62     1.43287e-07     1.79869e-11
           1.64     1.43293e-07     1.79854e-11
           1.66     1.43299e-07      1.7984e-11
           1.68     1.43305e-07     1.79825e-11
            1.7     1.43311e-07     1.79811e-11
           1.72     1.43317e-07     1.79796e-11
           1.74     1.43323e-07     1.79781e-11
           1.76      1.4333e-07     1.79765e-11
           1.78     1.43336e-07     1.79752e-11
            1.8     1.43342e-07     1.79737e-11
           1.82     1.43348e-07     1.79722e-11
           1.84     1.43355e-07     1.79707e-11
           1.86     1.43361e-07     1.79693e-11
           1.88     1.43368e-07     1.79677e-11
            1.9     1.43375e-07      1.7966e-11
           1.92     1.43382e-07     1.79644e-11
           1.94     1.43389e-07     1.79627e-11
           1.96     1.43396e-07     1.79612e-11
           1.98     1.43404e-07     1.79596e-11
              2     1.43411e-07      1.7958e-11
           2.02     1.43418e-07     1.79565e-11
           2.04     1.43425e-07     1.79549e-11
           2.06     1.43432e-07     1.79535e-11
           2.08     1.43439e-07     1.79518e-11
            2.1     1.43447e-07     1.79503e-11
           2.12     1.43454e-07     1.79489e-11
           2.14      1.4346e-07     1.79473e-11
           2.16     1.43468e-07     1.79458e-11
           2.18     1.43475e-07     1.79442e-11
            2.2     1.43483e-07     1.79426e-11
           2.22     1.43491e-07     1.79409e-11
           2.24       1.435e-07      1.7939e-11
           2.26     1.43509e-07     1.79374e-11
           2.28     1.43517e-07     1.79358e-11
            2.3     1.43525e-07     1.79343e-11
           2.32     1.43532e-07     1.79327e-11
           2.34     1.43541e-07     1.79311e-11
           2.36     1.43549e-07     1.79296e-11
           2.38     1.43556e-07     1.79282e-11
            2.4     1.43564e-07     1.79266e-11
           2.42     1.43573e-07     1.79251e-11
           2.44     1.43581e-07     1.79236e-11
           2.46     1.43587e-07     1.79226e-11
           2.48     1.43591e-07     1.79225e-11
            2.5     1.43595e-07     1.79212e-11
           2.52     1.43602e-07     1.79199e-11
           2.54     1.43608e-07     1.79192e-11
           2.56      1.4361e-07     1.79193e-11
           2.58     1.43611e-07      1.7919e-11
            2.6     1.43616e-07     1.79175e-11
           2.62     1.43625e-07      1.7916e-11
           2.64     1.43634e-07     1.79146e-11
           2.66     1.43643e-07     1.79136e-11
           2.68     1.43653e-07     1.79128e-11
            2.7     1.43662e-07      1.7913e-11
           2.72      1.4367e-07      1.7915e-11
           2.74      1.4368e-07     1.79183e-11
           2.76     1.43702e-07     1.79232e-11
           2.78     1.43739e-07     1.79325e-11
            2.8     1.43796e-07     1.79494e-11
           2.82     1.43886e-07     1.79783e-11
           2.84     1.44024e-07      1.8026e-11
           2.86     1.44233e-07     1.81024e-11
           2.88     1.44542e-07     1.82176e-11
            2.9     1.44996e-07     1.83879e-11
           2.92      1.4565e-07     1.86322e-11
           2.94     1.46564e-07     1.89684e-11
           2.96     1.47808e-07     1.94129e-11
           2.98     1.49462e-07     1.99826e-11
              3     1.51598e-07     2.06836e-11
           3.02     1.54271e-07     2.15103e-11
           3.04     1.57535e-07     2.24471e-11
           3.06     1.61386e-07     2.34617e-11
           3.08     1.65807e-07     2.45143e-11
            3.1     1.70771e-07     2.55694e-11
           3.12     1.76172e-07     2.65836e-11
           3.14     1.81864e-07     2.75154e-11
           3.16     1.87697e-07     2.83384e-11
           3.18     1.93494e-07     2.90365e-11
            3.2     1.99082e-07     2.96037e-11
           3.22     2.04332e-07     3.00469e-11
           3.24     2.09097e-07     3.03771e-11
           3.26     2.13308e-07     3.06148e-11
           3.28     2.16928e-07     3.07797e-11
            3.3     2.19932e-07     3.08901e-11
           3.32     2.22347e-07     3.09633e-11
           3.34     2.24237e-07     3.10113e-11
           3.36     2.25672e-07     3.10409e-11
           3.38     2.26745e-07     3.10554e-11
            3.4     2.27531e-07     3.10586e-11
           3.42     2.28097e-07     3.10538e-11
           3.44     2.28503e-07     3.10438e-11
           3.46     2.28787e-07     3.10307e-11
           3.48     2.28997e-07     3.10152e-11
            3.5     2.29148e-07     3.09993e-11
           3.52     2.29257e-07      3.0985e-11
           3.54     2.29339e-07     3.09715e-11
           3.56     2.29399e-07     3.09606e-11
           3.58      2.2945e-07     3.09488e-11
            3.6     2.29498e-07     3.09374e-11
           3.62     2.29533e-07      3.0929e-11
           3.64     2.29576e-07     3.09165e-11
           3.66     2.29626e-07     3.09027e-11
           3.68     2.29681e-07     3.08877e-11
            3.7     2.29736e-07      3.0873e-11
           3.72     2.29792e-07     3.08573e-11
           3.74     2.29854e-07     3.08404e-11
           3.76     2.29916e-07     3.08236e-11
           3.78     2.29975e-07     3.08083e-11
            3.8     2.30027e-07     3.07952e-11
           3.82     2.30063e-07     3.07871e-11
           3.84     2.30081e-07     3.07835e-11
           3.86     2.30094e-07     3.07794e-11
           3.88      2.3012e-07     3.07714e-11
            3.9     2.30154e-07     3.07624e-11
           3.92     2.30185e-07     3.07546e-11
           3.94     2.30221e-07     3.07441e-11
           3.96      2.3027e-07     3.07296e-11
           3.98     2.30339e-07     3.07101e-11
              4     2.30418e-07     3.06887e-11
           4.02       2.305e-07     3.06672e-11
           4.04     2.30584e-07     3.06449e-11
           4.06     2.30667e-07     3.06227e-11
           4.08     2.30744e-07     3.06042e-11
            4.1     2.30794e-07     3.05933e-11
           4.12     2.30828e-07     3.05848e-11
           4.14     2.30873e-07     3.05714e-11
           4.16     2.30933e-07     3.05549e-11
           4.18     2.30997e-07     3.05383e-11
            4.2     2.31058e-07      3.0523e-11
           4.22     2.31108e-07     3.05113e-11
           4.24     2.31138e-07     3.05055e-11
           4.26      2.3115e-07     3.05029e-11
           4.28     2.31161e-07     3.04999e-11
            4.3     2.31189e-07     3.04903e-11
           4.32     2.31237e-07     3.04774e-11
           4.34     2.31278e-07     3.04683e-11
           4.36     2.31299e-07     3.04649e-11
           4.38     2.31303e-07     3.04649e-11
            4.4     2.31303e-07     3.04649e-11
           4.42     2.31308e-07     3.04628e-11
           4.44     2.31328e-07     3.04562e-11
           4.46     2.31366e-07     3.04452e-11
           4.48     2.31419e-07     3.04308e-11
            4.5     2.31487e-07     3.04123e-11
           4.52     2.31567e-07     3.03923e-11
           4.54     2.31628e-07     3.03794e-11
           4.56     2.31649e-07     3.03775e-11
           4.58     2.31661e-07     3.03738e-11
            4.6     2.31673e-07     3.03715e-11
           4.62     2.31681e-07     3.03694e-11
           4.64     2.31691e-07     3.03671e-11
           4.66     2.31701e-07     3.03644e-11
           4.68     2.31719e-07     3.03592e-11
            4.7      2.3175e-07       3.035e-11
           4.72     2.31797e-07     3.03374e-11
           4.74      2.3185e-07      3.0324e-11
           4.76     2.31912e-07     3.03079e-11
           4.78     2.31982e-07     3.02901e-11
            4.8     2.32056e-07     3.02723e-11
           4.82     2.32126e-07     3.02553e-11
           4.84     2.32192e-07     3.02395e-11
           4.86     2.32255e-07      3.0225e-11
           4.88     2.32285e-07     3.02214e-11
            4.9     2.32309e-07     3.02131e-11
           4.92     2.32359e-07     3.02001e-11
           4.94     2.32399e-07     3.01925e-11
           4.96     2.32427e-07     3.01852e-11
           4.98     2.32472e-07     3.01725e-11
              5     2.32535e-07     3.01561e-11
           5.02     2.32612e-07     3.01361e-11
           5.04     2.32701e-07      3.0114e-11
           5.06     2.32792e-07     3.00929e-11
           5.08     2.32843e-07     3.00872e-11
            5.1     2.32848e-07     3.00866e-11
           5.12     2.32864e-07     3.00813e-11
           5.14     2.32882e-07     3.00782e-11
           5.16     2.32899e-07     3.00728e-11
           5.18     2.32926e-07     3.00662e-11
            5.2     2.32956e-07      3.0059e-11
           5.22     2.32985e-07     3.00523e-11
           5.24     2.33014e-07     3.00456e-11
           5.26     2.33042e-07     3.00393e-11
           5.28     2.33068e-07     3.00335e-11
            5.3     2.33091e-07     3.00282e-11
           5.32     2.33113e-07     3.00233e-11
           5.34     2.33134e-07     3.00188e-11
           5.36     2.33154e-07     3.00145e-11
           5.38     2.33175e-07     3.00111e-11
            5.4       2.332e-07     3.00085e-11
           5.42     2.33234e-07     3.00081e-11
           5.44     2.33293e-07     3.00113e-11
           5.46     2.33402e-07     3.00223e-11
           5.48     2.33606e-07     3.00481e-11
            5.5     2.33976e-07     3.00999e-11
           5.52     2.34623e-07     3.01953e-11
           5.54     2.35685e-07      3.0356e-11
           5.56     2.37328e-07     3.06056e-11
           5.58     2.39727e-07     3.09639e-11
            5.6     2.43005e-07     3.14371e-11
           5.62     2.47204e-07     3.20045e-11
           5.64     2.52269e-07     3.26313e-11
           5.66        2.58e-07     3.32655e-11
           5.68     2.64071e-07     3.38484e-11
            5.7     2.70116e-07     3.43415e-11
           5.72      2.7577e-07     3.47295e-11
           5.74     2.80719e-07     3.50141e-11
           5.76     2.84791e-07     3.52139e-11
           5.78     2.87932e-07     3.53488e-11
            5.8     2.90203e-07     3.54378e-11
           5.82     2.91745e-07      3.5495e-11
           5.84     2.92732e-07     3.55293e-11
           5.86     2.93335e-07     3.55489e-11
           5.88     2.93682e-07      3.5557e-11
            5.9     2.93875e-07     3.55585e-11
           5.92      2.9398e-07      3.5556e-11
           5.94     2.94041e-07     3.55507e-11
           5.96     2.94079e-07     3.55448e-11
           5.98     2.94107e-07     3.55381e-11
              6      2.9413e-07     3.55316e-11
           6.02     2.94151e-07      3.5525e-11
           6.04      2.9417e-07     3.55186e-11
           6.06      2.9419e-07      3.5512e-11
           6.08      2.9421e-07     3.55054e-11
            6.1     2.94229e-07     3.54991e-11
           6.12     2.94249e-07     3.54925e-11
           6.14     2.94267e-07     3.54868e-11
           6.16     2.94284e-07     3.54809e-11
           6.18     2.94301e-07     3.54753e-11
            6.2     2.94317e-07     3.54704e-11
           6.22     2.94332e-07     3.54652e-11
           6.24     2.94348e-07     3.54601e-11
           6.26     2.94363e-07      3.5455e-11
           6.28     2.94378e-07     3.54503e-11
            6.3     2.94392e-07     3.54458e-11
           6.32     2.94407e-07     3.54407e-11
           6.34     2.94421e-07      3.5436e-11
           6.36     2.94436e-07     3.54313e-11
           6.38     2.94449e-07     3.54269e-11
            6.4     2.94463e-07     3.54226e-11
           6.42     2.94476e-07     3.54183e-11
           6.44     2.94489e-07     3.54142e-11
           6.46     2.94502e-07     3.54098e-11
           6.48     2.94515e-07     3.54058e-11
            6.5     2.94526e-07     3.54021e-11
           6.52     2.94538e-07     3.53984e-11
           6.54     2.94548e-07      3.5395e-11
           6.56     2.94558e-07     3.53916e-11
           6.58      2.9457e-07      3.5388e-11
            6.6     2.94581e-07     3.53845e-11
           6.62     2.94591e-07     3.53811e-11
           6.64     2.94602e-07     3.53776e-11
           6.66     2.94612e-07     3.53746e-11
           6.68     2.94621e-07     3.53715e-11
            6.7      2.9463e-07     3.53686e-11
           6.72      2.9464e-07     3.53654e-11
           6.74      2.9465e-07     3.53625e-11
           6.76     2.94658e-07     3.53597e-11
           6.78     2.94667e-07     3.53569e-11
            6.8     2.94676e-07     3.53539e-11
           6.82     2.94685e-07     3.53514e-11
           6.84     2.94693e-07     3.53488e-11
           6.86     2.94701e-07     3.53462e-11
           6.88     2.94709e-07     3.53438e-11
            6.9     2.94716e-07     3.53414e-11
           6.92     2.94724e-07     3.53389e-11
           6.94     2.94731e-07     3.53367e-11
           6.96     2.94738e-07     3.53344e-11
           6.98     2.94746e-07     3.53319e-11
              7     2.94754e-07     3.53296e-11
           7.02     2.94761e-07     3.53274e-11
           7.04     2.94767e-07     3.53256e-11
           7.06     2.94773e-07     3.53238e-11
           7.08     2.94778e-07      3.5322e-11
            7.1     2.94784e-07     3.53201e-11
           7.12      2.9479e-07     3.53184e-11
           7.14     2.94796e-07     3.53165e-11
           7.16     2.94802e-07     3.53149e-11
           7.18     2.94807e-07     3.53133e-11
            7.2     2.94811e-07     3.53119e-11
           7.22     2.94816e-07     3.53105e-11
           7.24      2.9482e-07     3.53089e-11
           7.26     2.94825e-07     3.53074e-11
           7.28      2.9483e-07     3.53061e-11
            7.3     2.94834e-07     3.53047e-11
           7.32     2.94838e-07     3.53035e-11
           7.34     2.94843e-07     3.53022e-11
           7.36     2.94847e-07      3.5301e-11
           7.38     2.94851e-07     3.52997e-11
            7.4     2.94855e-07     3.52985e-11
           7.42     2.94859e-07     3.52972e-11
           7.44     2.94863e-07     3.52961e-11
           7.46     2.94866e-07     3.52951e-11
           7.48     2.94869e-07     3.52941e-11
            7.5     2.94873e-07     3.52931e-11
           7.52     2.94876e-07     3.52922e-11
           7.54     2.94879e-07     3.52914e-11
           7.56     2.94881e-07     3.52905e-11
           7.58     2.94884e-07     3.52896e-11
            7.6     2.94887e-07     3.52888e-11
           7.62      2.9489e-07     3.52881e-11
           7.64     2.94892e-07     3.52874e-11
           7.66     2.94894e-07     3.52868e-11
           7.68     2.94896e-07      3.5286e-11
            7.7     2.94899e-07     3.52852e-11
           7.72     2.94906e-07     3.52834e-11
           7.74     2.94929e-07      3.5278e-11
           7.76     2.95002e-07     3.52641e-11
           7.78     2.95216e-07     3.52283e-11
            7.8     2.95764e-07     3.51508e-11
           7.82     2.96969e-07     3.50087e-11
           7.84     2.99281e-07     3.47749e-11
           7.86     3.03099e-07     3.44399e-11
           7.88     3.08588e-07     3.39944e-11
            7.9      3.1544e-07     3.34485e-11
           7.92     3.22869e-07     3.28353e-11
           7.94     3.29858e-07     3.22355e-11
           7.96     3.35551e-07     3.17404e-11
           7.98     3.39581e-07     3.13985e-11
              8     3.42066e-07      3.1204e-11
           8.02     3.43393e-07     3.11173e-11
           8.04     3.44008e-07     3.10855e-11
           8.06     3.44262e-07     3.10729e-11
           8.08     3.44357e-07     3.10671e-11
            8.1     3.44392e-07     3.10636e-11
           8.12     3.44407e-07     3.10598e-11
           8.14     3.44417e-07     3.10559e-11
           8.16     3.44425e-07     3.10521e-11
           8.18     3.44433e-07     3.10481e-11
            8.2     3.44441e-07      3.1044e-11
           8.22     3.44448e-07     3.10405e-11
           8.24     3.44456e-07     3.10369e-11
           8.26     3.44463e-07     3.10333e-11
           8.28      3.4447e-07     3.10296e-11
            8.3     3.44477e-07     3.10259e-11
           8.32     3.44485e-07      3.1022e-11
           8.34     3.44493e-07     3.10185e-11
           8.36       3.445e-07      3.1015e-11
           8.38     3.44506e-07     3.10119e-11
            8.4     3.44512e-07     3.10089e-11
           8.42     3.44519e-07     3.10054e-11
           8.44     3.44526e-07     3.10019e-11
           8.46     3.44533e-07     3.09984e-11
           8.48      3.4454e-07     3.09952e-11
            8.5     3.44546e-07     3.09921e-11
           8.52     3.44553e-07     3.09887e-11
           8.54      3.4456e-07     3.09854e-11
           8.56     3.44566e-07     3.09823e-11
           8.58     3.44572e-07     3.09793e-11
            8.6     3.44578e-07     3.09764e-11
           8.62     3.44584e-07     3.09733e-11
           8.64     3.44591e-07     3.09701e-11
           8.66     3.44597e-07     3.09672e-11
           8.68     3.44602e-07     3.09648e-11
            8.7     3.44609e-07     3.09614e-11
           8.72     3.44615e-07     3.09583e-11
           8.74     3.44621e-07     3.09555e-11
           8.76     3.44626e-07     3.09529e-11
           8.78     3.44632e-07     3.09501e-11
            8.8     3.44638e-07     3.09473e-11
           8.82     3.44643e-07     3.09449e-11
           8.84     3.44648e-07     3.09425e-11
           8.86     3.44652e-07     3.09403e-11
           8.88     3.44658e-07     3.09377e-11
            8.9     3.44662e-07     3.09357e-11
           8.92     3.44666e-07     3.09335e-11
           8.94     3.44671e-07     3.09313e-11
           8.96     3.44675e-07     3.09292e-11
           8.98     3.44679e-07     3.09273e-11
              9     3.44683e-07     3.09253e-11
           9.02     3.44687e-07     3.09233e-11
           9.04     3.44692e-07     3.09212e-11
           9.06     3.44695e-07     3.09194e-11
           9.08     3.44699e-07     3.09177e-11
            9.1     3.44703e-07     3.09159e-11
           9.12     3.44706e-07     3.09142e-11
           9.14      3.4471e-07     3.09125e-11
           9.16     3.44713e-07     3.09108e-11
           9.18     3.44716e-07     3.09095e-11
            9.2     3.44719e-07     3.09082e-11
           9.22     3.44721e-07      3.0907e-11
           9.24     3.44724e-07     3.09058e-11
           9.26     3.44727e-07     3.09044e-11
           9.28     3.44729e-07     3.09033e-11
            9.3     3.44731e-07     3.09022e-11
           9.32     3.44733e-07     3.09012e-11
           9.34     3.44735e-07     3.09003e-11
           9.36     3.44737e-07     3.08997e-11
           9.38     3.44738e-07     3.08991e-11
            9.4     3.44739e-07     3.08984e-11
           9.42      3.4474e-07     3.08978e-11
           9.44     3.44741e-07     3.08974e-11
           9.46     3.44742e-07      3.0897e-11
           9.48     3.44743e-07     3.08969e-11
            9.5     3.44743e-07     3.08967e-11
           9.52     3.44743e-07     3.08967e-11
           9.54     3.44743e-07     3.08967e-11
           9.56     3.44743e-07     3.08967e-11
           9.58     3.44743e-07     3.08967e-11
            9.6     3.44743e-07     3.08967e-11
           9.62     3.44742e-07     3.08968e-11
           9.64     3.44742e-07     3.08968e-11
           9.66     3.44742e-07     3.08968e-11
           9.68     3.44742e-07     3.08969e-11
            9.7     3.44742e-07     3.08969e-11
           9.72     3.44742e-07      3.0897e-11
           9.74     3.44742e-07      3.0897e-11
           9.76     3.44742e-07      3.0897e-11
           9.78     3.44742e-07      3.0897e-11
            9.8     3.44742e-07      3.0897e-11
           9.82     3.44741e-07      3.0897e-11
           9.84     3.44741e-07      3.0897e-11
           9.86     3.44741e-07      3.0897e-11
           9.88     3.44741e-07      3.0897e-11
            9.9     3.44741e-07     3.08971e-11
           9.92     3.44741e-07     3.08971e-11
           9.94     3.44741e-07     3.08971e-11
           9.96     3.44741e-07     3.08971e-11
           9.98     3.44741e-07     3.08971e-11
             10     3.44741e-07     3.08971e-11
          10.02               0               0
          10.04               0               0
          10.06               0               0
          10.08               0               0
           10.1               0               0
          10.12               0               0
          10.14               0               0
          10.16               0               0
          10.18               0               0
           10.2               0               0
          10.22               0               0
          10.24               0               0
          10.26               0               0
          10.28               0               0
           10.3               0               0
          10.32               0               0
          10.34               0               0
          10.36               0               0
          10.38               0               0
           10.4               0               0
          10.42               0               0
          10.44               0               0
          10.46               0               0
          10.48               0               0
           10.5               0               0
          10.52               0               0
          10.54               0               0
          10.56               0               0
          10.58               0               0
           10.6               0               0
          10.62               0               0
          10.64               0               0
          10.66               0               0
          10.68               0               0
           10.7               0               0
          10.72               0               0
          10.74               0               0
          10.76               0               0
          10.78               0               0
           10.8               0               0
          10.82               0               0
          10.84               0               0
          10.86               0               0
          10.88               0               0
           10.9               0               0
          10.92               0               0
          10.94               0               0
          10.96               0               0
          10.98               0               0
             11               0               0
          11.02               0               0
          11.04               0               0
          11.06               0               0
          11.08               0               0
           11.1               0               0
          11.12               0               0
          11.14               0               0
          11.16               0               0
          11.18               0               0
           11.2               0               0
          11.22               0               0
          11.24               0               0
          11.26               0               0
          11.28               0               0
           11.3               0               0
          11.32               0               0
          11.34               0               0
          11.36               0               0
          11.38               0               0
           11.4               0               0
          11.42               0               0
          11.44               0               0
          11.46               0               0
          11.48               0               0
           11.5               0               0
          11.52               0               0
          11.54               0               0
          11.56               0               0
          11.58               0               0
           11.6               0               0
          11.62               0               0
          11.64               0               0
          11.66               0               0
          11.68               0               0
           11.7               0               0
          11.72               0               0
          11.74               0               0
          11.76               0               0
          11.78               0               0
           11.8               0               0
          11.82               0               0
          11.84               0               0
          11.86               0               0
          11.88               0               0
           11.9               0               0
          11.92               0               0
          11.94               0               0
          11.96               0               0
          11.98               0               0
             12               0               0
          12.02               0               0
          12.04               0               0
          12.06               0               0
          12.08               0               0
           12.1               0               0
          12.12               0               0
          12.14               0               0
          12.16               0               0
          12.18               0               0
           12.2               0               0
          12.22               0               0
          12.24               0               0
          12.26               0               0
          12.28               0               0
           12.3               0               0
          12.32               0               0
          12.34               0               0
          12.36               0               0
          12.38               0               0
           12.4               0               0
          12.42               0               0
          12.44               0               0
          12.46               0               0
          12.48               0               0
           12.5               0               0
          12.52               0               0
          12.54               0               0
          12.56               0               0
          12.58               0               0
           12.6               0               0
          12.62               0               0
          12.64               0               0
          12.66               0               0
          12.68               0               0
           12.7               0               0
          12.72               0               0
          12.74               0               0
          12.76               0               0
          12.78               0               0
           12.8               0               0
          12.82               0               0
          12.84               0               0
          12.86               0               0
          12.88               0               0
           12.9               0               0
          12.92               0               0
          12.94               0               0
          12.96               0               0
          12.98               0               0
             13               0               0
          13.02               0               0
          13.04               0               0
          13.06               0               0
          13.08               0               0
           13.1               0               0
          13.12               0               0
          13.14               0               0
          13.16               0               0
          13.18               0               0
           13.2               0               0
          13.22               0               0
          13.24               0               0
          13.26               0               0
          13.28               0               0
           13.3               0               0
          13.32               0               0
          13.34               0               0
          13.36               0               0
          13.38               0               0
           13.4               0               0
          13.42               0               0
          13.44               0               0
          13.46               0               0
          13.48               0               0
           13.5               0               0
          13.52               0               0
          13.54               0               0
          13.56               0               0
          13.58               0               0
           13.6               0               0
          13.62               0               0
          13.64               0               0
          13.66               0               0
          13.68               0               0
           13.7               0               0
          13.72               0               0
          13.74               0               0
          13.76               0               0
          13.78               0               0
           13.8               0               0
          13.82               0               0
          13.84               0               0
          13.86               0               0
          13.88               0               0
           13.9               0               0
          13.92               0               0
          13.94               0               0
          13.96               0               0
          13.98               0               0
             14               0               0
          14.02               0               0
          14.04               0               0
          14.06               0               0
          14.08               0               0
           14.1               0               0
          14.12               0               0
          14.14               0               0
          14.16               0               0
          14.18               0               0
           14.2               0               0
          14.22               0               0
          14.24               0               0
          14.26               0               0
          14.28               0               0
           14.3               0               0
          14.32               0               0
          14.34               0               0
          14.36               0               0
          14.38               0               0
           14.4               0               0
          14.42               0               0
          14.44               0               0
          14.46               0               0
          14.48               0               0
           14.5               0               0
          14.52               0               0
          14.54               0               0
          14.56               0               0
          14.58               0               0
           14.6               0               0
          14.62               0               0
          14.64               0               0
          14.66               0               0
          14.68               0               0
           14.7               0               0
          14.72               0               0
          14.74               0               0
          14.76               0               0
          14.78               0               0
           14.8               0               0
          14.82               0               0
          14.84               0               0
          14.86               0               0
          14.88               0               0
           14.9               0               0
          14.92               0               0
          14.94               0               0
          14.96               0               0
          14.98               0               0
             15               0               0
          15.02               0               0
          15.04               0               0
          15.06               0               0
          15.08               0               0
           15.1               0               0
          15.12               0               0
          15.14               0               0
          15.16               0               0
          15.18               0               0
           15.2               0               0
          15.22               0               0
          15.24               0               0
          15.26               0               0
          15.28               0               0
           15.3               0               0
          15.32               0               0
          15.34               0               0
          15.36               0               0
          15.38               0               0
           15.4               0               0
          15.42               0               0
          15.44               0               0
          15.46               0               0
          15.48               0               0
           15.5               0               0
          15.52               0               0
          15.54               0               0
          15.56               0               0
          15.58               0               0
           15.6               0               0
          15.62               0               0
          15.64               0               0
          15.66               0               0
          15.68               0               0
           15.7               0               0
          15.72               0               0
          15.74               0               0
          15.76               0               0
          15.78               0               0
           15.8               0               0
          15.82               0               0
          15.84               0               0
          15.86               0               0
          15.88               0               0
           15.9               0               0
          15.92               0               0
          15.94               0               0
          15.96               0               0
          15.98               0               0
             16               0               0
          16.02               0               0
          16.04               0               0
          16.06               0               0
          16.08               0               0
           16.1               0               0
          16.12               0               0
          16.14               0               0
          16.16               0               0
          16.18               0               0
           16.2               0               0
          16.22               0               0
          16.24               0               0
          16.26               0               0
          16.28               0               0
           16.3               0               0
          16.32               0               0
          16.34               0               0
          16.36               0               0
          16.38               0               0
           16.4               0               0
          16.42               0               0
          16.44               0               0
          16.46               0               0
          16.48               0               0
           16.5               0               0
          16.52               0               0
          16.54               0               0
          16.56               0               0
          16.58               0               0
           16.6               0               0
          16.62               0               0
          16.64               0               0
          16.66               0               0
          16.68               0               0
           16.7               0               0
          16.72               0               0
          16.74               0               0
          16.76               0               0
          16.78               0               0
           16.8               0               0
          16.82               0               0
          16.84               0               0
          16.86               0               0
          16.88               0               0
           16.9               0               0
          16.92               0               0
          16.94               0               0
          16.96               0               0
          16.98               0               0
             17               0               0
          17.02               0               0
          17.04               0               0
          17.06               0               0
          17.08               0               0
           17.1               0               0
          17.12               0               0
          17.14               0               0
          17.16               0               0
          17.18               0               0
           17.2               0               0
          17.22               0               0
          17.24               0               0
          17.26               0               0
          17.28               0               0
           17.3               0               0
          17.32               0               0
          17.34               0               0
          17.36               0               0
          17.38               0               0
           17.4               0               0
          17.42               0               0
          17.44               0               0
          17.46               0               0
          17.48               0               0
           17.5               0               0
          17.52               0               0
          17.54               0               0
          17.56               0               0
          17.58               0               0
           17.6               0               0
          17.62               0               0
          17.64               0               0
          17.66               0               0
          17.68               0               0
           17.7               0               0
          17.72               0               0
          17.74               0               0
          17.76               0               0
          17.78               0               0
           17.8               0               0
          17.82               0               0
          17.84               0               0
          17.86               0               0
          17.88               0               0
           17.9               0               0
          17.92               0               0
          17.94               0               0
          17.96               0               0
          17.98               0               0
             18               0               0
          18.02               0               0
          18.04               0               0
          18.06               0               0
          18.08               0               0
           18.1               0               0
          18.12               0               0
          18.14               0               0
          18.16               0               0
          18.18               0               0
           18.2               0               0
          18.22               0               0
          18.24               0               0
          18.26               0               0
          18.28               0               0
           18.3               0               0
          18.32               0               0
          18.34               0               0
          18.36               0               0
          18.38               0               0
           18.4               0               0
          18.42               0               0
          18.44               0               0
          18.46               0               0
          18.48               0               0
           18.5               0               0
          18.52               0               0
          18.54               0               0
          18.56               0               0
          18.58               0               0
           18.6               0               0
          18.62               0               0
          18.64               0               0
          18.66               0               0
          18.68               0               0
           18.7               0               0
          18.72               0               0
          18.74               0               0
          18.76               0               0
          18.78               0               0
           18.8               0               0
          18.82               0               0
          18.84               0               0
          18.86               0               0
          18.88               0               0
           18.9               0               0
          18.92               0               0
          18.94               0               0
          18.96               0               0
          18.98               0               0
             19               0               0
          19.02               0               0
          19.04               0               0
          19.06               0               0
          19.08               0               0
           19.1               0               0
          19.12               0               0
          19.14               0               0
          19.16               0               0
          19.18               0               0
           19.2               0               0
          19.22               0               0
          19.24               0               0
          19.26               0               0
          19.28               0               0
           19.3               0               0
          19.32               0               0
          19.34               0               0
          19.36               0               0
          19.38               0               0
           19.4               0               0
          19.42               0               0
          19.44               0               0
          19.46               0               0
          19.48               0               0
           19.5               0               0
          19.52               0               0
          19.54               0               0
          19.56               0               0
          19.58               0               0
           19.6               0               0
          19.62               0               0
          19.64               0               0
          19.66               0               0
          19.68               0               0
           19.7               0               0
          19.72               0               0
          19.74               0               0
          19.76               0               0
          19.78               0               0
           19.8               0               0
          19.82               0               0
          19.84               0               0
          19.86               0               0
          19.88               0               0
           19.9               0               0
          19.92               0               0
          19.94               0               0
          19.96               0               0
          19.98               0               0
             20               0               0
          20.02               0               0

Source_00  1000  20
              0               0               0
           0.02               0               0
           0.04               0               0
           0.06               0               0
           0.08               0               0
            0.1               0               0
           0.12               0               0
           0.14               0               0
           0.16               0               0
           0.18               0               0
            0.2               0               0
           0.22               0               0
           0.24               0               0
           0.26               0               0
           0.28               0               0
            0.3               0               0
           0.32               0               0
           0.34               0               0
           0.36               0               0
           0.38               0               0
            0.4               0               0
           0.42               0               0
           0.44               0               0
           0.46               0               0
           0.48               0               0
            0.5               0               0
           0.52               0               0
           0.54               0               0
           0.56               0               0
           0.58               0               0
            0.6               0               0
           0.62               0               0
           0.64               0               0
           0.66               0               0
           0.68               0               0
            0.7               0               0
           0.72               0               0
           0.74               0               0
           0.76               0               0
           0.78               0               0
            0.8               0               0
           0.82               0               0
           0.84               0               0
           0.86               0               0
           0.88               0               0
            0.9               0               0
           0.92               0               0
           0.94               0               0
           0.96               0               0
           0.98               0               0
              1               0               0
           1.02               0               0
           1.04               0               0
           1.06               0               0
           1.08               0               0
            1.1               0               0
           1.12               0               0
           1.14               0               0
           1.16               0               0
           1.18               0               0
            1.2               0               0
           1.22               0               0
           1.24               0               0
           1.26               0               0
           1.28               0               0
            1.3               0               0
           1.32               0               0
           1.34               0               0
           1.36               0               0
           1.38               0               0
            1.4               0               0
           1.42               0               0
           1.44               0               0
           1.46               0               0
           1.48               0               0
            1.5               0               0
           1.52               0               0
           1.54               0               0
           1.56               0               0
           1.58               0               0
            1.6               0               0
           1.62               0               0
           1.64               0               0
           1.66               0               0
           1.68               0               0
            1.7               0               0
           1.72               0               0
           1.74               0               0
           1.76               0               0
           1.78               0               0
            1.8               0               0
           1.82               0               0
           1.84               0               0
           1.86               0               0
           1.88               0               0
            1.9               0               0
           1.92               0               0
           1.94               0               0
           1.96               0               0
           1.98               0               0
              2               0               0
           2.02               0               0
           2.04               0               0
           2.06               0               0
           2.08               0               0
            2.1               0               0
           2.12               0               0
           2.14               0               0
           2.16               0               0
           2.18               0               0
            2.2               0               0
           2.22               0               0
           2.24               0               0
           2.26               0               0
           2.28               0               0
            2.3               0               0
           2.32               0               0
           2.34               0               0
           2.36               0               0
           2.38               0               0
            2.4               0               0
           2.42               0               0
           2.44               0               0
           2.46               0               0
           2.48               0               0
            2.5               0               0
           2.52               0               0
           2.54               0               0
           2.56               0               0
           2.58               0               0
            2.6               0               0
           2.62               0               0
           2.64               0               0
           2.66               0               0
           2.68               0               0
            2.7               0               0
           2.72               0               0
           2.74               0               0
           2.76               0               0
           2.78               0               0
            2.8               0               0
           2.82               0               0
           2.84               0               0
           2.86               0               0
           2.88               0               0
            2.9               0               0
           2.92               0               0
           2.94               0               0
           2.96               0               0
           2.98               0               0
              3               0               0
           3.02               0               0
           3.04               0               0
           3.06               0               0
           3.08               0               0
            3.1               0               0
           3.12               0               0
           3.14               0               0
           3.16               0               0
           3.18               0               0
            3.2               0               0
           3.22               0               0
           3.24               0               0
           3.26               0               0
           3.28               0               0
            3.3               0               0
           3.32               0               0
           3.34               0               0
           3.36               0               0
           3.38               0               0
            3.4               0               0
           3.42               0               0
           3.44               0               0
           3.46               0               0
           3.48               0               0
            3.5               0               0
           3.52               0               0
           3.54               0               0
           3.56               0               0
           3.58               0               0
            3.6               0               0
           3.62               0               0
           3.64               0               0
           3.66               0               0
           3.68               0               0
            3.7               0               0
           3.72               0               0
           3.74               0               0
           3.76               0               0
           3.78               0               0
            3.8               0               0
           3.82               0               0
           3.84               0               0
           3.86               0               0
           3.88               0               0
            3.9               0               0
           3.92               0               0
           3.94               0               0
           3.96               0               0
           3.98               0               0
              4               0               0
           4.02               0               0
           4.04               0               0
           4.06               0               0
           4.08               0               0
            4.1               0               0
           4.12               0               0
           4.14               0               0
           4.16               0               0
           4.18               0               0
            4.2               0               0
           4.22               0               0
           4.24               0               0
           4.26               0               0
           4.28               0               0
            4.3               0               0
           4.32               0               0
           4.34               0               0
           4.36               0               0
           4.38               0               0
            4.4               0               0
           4.42               0               0
           4.44               0               0
           4.46               0               0
           4.48               0               0
            4.5               0               0
           4.52               0               0
           4.54               0               0
           4.56               0               0
           4.58               0               0
            4.6               0               0
           4.62               0               0
           4.64               0               0
           4.66               0               0
           4.68               0               0
            4.7               0               0
           4.72               0               0
           4.74               0               0
           4.76               0               0
           4.78               0               0
            4.8               0               0
           4.82               0               0
           4.84               0               0
           4.86               0               0
           4.88               0               0
            4.9               0               0
           4.92               0               0
           4.94               0               0
           4.96               0               0
           4.98               0               0
              5               0               0
           5.02               0               0
           5.04               0               0
           5.06               0               0
           5.08               0               0
            5.1               0               0
           5.12               0               0
           5.14               0               0
           5.16               0               0
           5.18               0               0
            5.2               0               0
           5.22               0               0
           5.24               0               0
           5.26               0               0
           5.28               0               0
            5.3               0               0
           5.32               0               0
           5.34               0               0
           5.36               0               0
           5.38               0               0
            5.4               0               0
           5.42               0               0
           5.44               0               0
           5.46               0               0
           5.48               0               0
            5.5               0               0
           5.52               0               0
           5.54               0               0
           5.56               0               0
           5.58               0               0
            5.6               0               0
           5.62               0               0
           5.64               0               0
           5.66               0               0
           5.68               0               0
            5.7               0               0
           5.72               0               0
           5.74               0               0
           5.76               0               0
           5.78               0               0
            5.8               0               0
           5.82               0               0
           5.84               0               0
           5.86               0               0
           5.88               0               0
            5.9               0               0
           5.92               0               0
           5.94               0               0
           5.96               0               0
           5.98               0               0
              6               0               0
           6.02               0               0
           6.04               0               0
           6.06               0               0
           6.08               0               0
            6.1               0               0
           6.12               0               0
           6.14               0               0
           6.16               0               0
           6.18               0               0
            6.2               0               0
           6.22               0               0
           6.24               0               0
           6.26               0               0
           6.28               0               0
            6.3               0               0
           6.32               0               0
           6.34               0               0
           6.36               0               0
           6.38               0               0
            6.4               0               0
           6.42               0               0
           6.44               0               0
           6.46               0               0
           6.48               0               0
            6.5               0               0
           6.52               0               0
           6.54               0               0
           6.56               0               0
           6.58               0               0
            6.6               0               0
           6.62               0               0
           6.64               0               0
           6.66               0               0
           6.68               0               0
            6.7               0               0
           6.72               0               0
           6.74               0               0
           6.76               0               0
           6.78               0               0
            6.8               0               0
           6.82               0               0
           6.84               0               0
           6.86               0               0
           6.88               0               0
            6.9               0               0
           6.92               0               0
           6.94               0               0
           6.96               0               0
           6.98               0               0
              7               0               0
           7.02               0               0
           7.04               0               0
           7.06               0               0
           7.08               0               0
            7.1               0               0
           7.12               0               0
           7.14               0               0
           7.16               0               0
           7.18               0               0
            7.2               0               0
           7.22               0               0
           7.24               0               0
           7.26               0               0
           7.28               0               0
            7.3               0               0
           7.32               0               0
           7.34               0               0
           7.36               0               0
           7.38               0               0
            7.4               0               0
           7.42               0               0
           7.44               0               0
           7.46               0               0
           7.48               0               0
            7.5               0               0
           7.52               0               0
           7.54               0               0
           7.56               0               0
           7.58               0               0
            7.6               0               0
           7.62               0               0
           7.64               0               0
           7.66               0               0
           7.68               0               0
            7.7               0               0
           7.72               0               0
           7.74               0               0
           7.76               0               0
           7.78               0               0
            7.8               0               0
           7.82               0               0
           7.84               0               0
           7.86               0               0
           7.88               0               0
            7.9               0               0
           7.92               0               0
           7.94               0               0
           7.96               0               0
           7.98               0               0
              8               0               0
           8.02               0               0
           8.04               0               0
           8.06               0               0
           8.08               0               0
            8.1               0               0
           8.12               0               0
           8.14               0               0
           8.16               0               0
           8.18               0               0
            8.2               0               0
           8.22               0               0
           8.24               0               0
           8.26               0               0
           8.28               0               0
            8.3               0               0
           8.32               0               0
           8.34               0               0
           8.36               0               0
           8.38               0               0
            8.4               0               0
           8.42               0               0
           8.44               0               0
           8.46               0               0
           8.48               0               0
            8.5               0               0
           8.52               0               0
           8.54               0               0
           8.56               0               0
           8.58               0               0
            8.6               0               0
           8.62               0               0
           8.64               0               0
           8.66               0               0
           8.68               0               0
            8.7               0               0
           8.72               0               0
           8.74               0               0
           8.76               0               0
           8.78               0               0
            8.8               0               0
           8.82               0               0
           8.84               0               0
           8.86               0               0
           8.88               0               0
            8.9               0               0
           8.92               0               0
           8.94               0               0
           8.96               0               0
           8.98               0               0
              9               0               0
           9.02               0               0
           9.04               0               0
           9.06               0               0
           9.08               0               0
            9.1               0               0
           9.12               0               0
           9.14               0               0
           9.16               0               0
           9.18               0               0
            9.2               0               0
           9.22               0               0
           9.24               0               0
           9.26               0               0
           9.28               0               0
            9.3               0               0
           9.32               0               0
           9.34               0               0
           9.36               0               0
           9.38               0               0
            9.4               0               0
           9.42               0               0
           9.44               0               0
           9.46               0               0
           9.48               0               0
            9.5               0               0
           9.52               0               0
           9.54               0               0
           9.56               0               0
           9.58               0               0
            9.6               0               0
           9.62               0               0
           9.64               0               0
           9.66               0               0
           9.68               0               0
            9.7               0               0
           9.72               0               0
           9.74               0               0
           9.76               0               0
           9.78               0               0
            9.8               0               0
           9.82               0               0
           9.84               0               0
           9.86               0               0
           9.88               0               0
            9.9               0               0
           9.92               0               0
           9.94               0               0
           9.96               0               0
           9.98               0               0
             10               0               0
          10.02               1     0.000316228
          10.04               0               0
          10.06               0               0
          10.08               0               0
           10.1               0               0
          10.12               0               0
          10.14               0               0
          10.16               0               0
          10.18               0               0
           10.2               0               0
          10.22               0               0
          10.24               0               0
          10.26               0               0
          10.28               0               0
           10.3               0               0
          10.32               0               0
          10.34               0               0
          10.36               0               0
          10.38               0               0
           10.4               0               0
          10.42               0               0
          10.44               0               0
          10.46               0               0
          10.48               0               0
           10.5               0               0
          10.52               0               0
          10.54               0               0
          10.56               0               0
          10.58               0               0
           10.6               0               0
          10.62               0               0
          10.64               0               0
          10.66               0               0
          10.68               0               0
           10.7               0               0
          10.72               0               0
          10.74               0               0
          10.76               0               0
          10.78               0               0
           10.8               0               0
          10.82               0               0
          10.84               0               0
          10.86               0               0
          10.88               0               0
           10.9               0               0
          10.92               0               0
          10.94               0               0
          10.96               0               0
          10.98               0               0
             11               0               0
          11.02               0               0
          11.04               0               0
          11.06               0               0
          11.08               0               0
           11.1               0               0
          11.12               0               0
          11.14               0               0
          11.16               0               0
          11.18               0               0
           11.2               0               0
          11.22               0               0
          11.24               0               0
          11.26               0               0
          11.28               0               0
           11.3               0               0
          11.32               0               0
          11.34               0               0
          11.36               0               0
          11.38               0               0
           11.4               0               0
          11.42               0               0
          11.44               0               0
          11.46               0               0
          11.48               0               0
           11.5               0               0
          11.52               0               0
          11.54               0               0
          11.56               0               0
          11.58               0               0
           11.6               0               0
          11.62               0               0
          11.64               0               0
          11.66               0               0
          11.68               0               0
           11.7               0               0
          11.72               0               0
          11.74               0               0
          11.76               0               0
          11.78               0               0
           11.8               0               0
          11.82               0               0
          11.84               0               0
          11.86               0               0
          11.88               0               0
           11.9               0               0
          11.92               0               0
          11.94               0               0
          11.96               0               0
          11.98               0               0
             12               0               0
          12.02               0               0
          12.04               0               0
          12.06               0               0
          12.08               0               0
           12.1               0               0
          12.12               0               0
          12.14               0               0
          12.16               0               0
          12.18               0               0
           12.2               0               0
          12.22               0               0
          12.24               0               0
          12.26               0               0
          12.28               0               0
           12.3               0               0
          12.32               0               0
          12.34               0               0
          12.36               0               0
          12.38               0               0
           12.4               0               0
          12.42               0               0
          12.44               0               0
          12.46               0               0
          12.48               0               0
           12.5               0               0
          12.52               0               0
          12.54               0               0
          12.56               0               0
          12.58               0               0
           12.6               0               0
          12.62               0               0
          12.64               0               0
          12.66               0               0
          12.68               0               0
           12.7               0               0
          12.72               0               0
          12.74               0               0
          12.76               0               0
          12.78               0               0
           12.8               0               0
          12.82               0               0
          12.84               0               0
          12.86               0               0
          12.88               0               0
           12.9               0               0
          12.92               0               0
          12.94               0               0
          12.96               0               0
          12.98               0               0
             13               0               0
          13.02               0               0
          13.04               0               0
          13.06               0               0
          13.08               0               0
           13.1               0               0
          13.12               0               0
          13.14               0               0
          13.16               0               0
          13.18               0               0
           13.2               0               0
          13.22               0               0
          13.24               0               0
          13.26               0               0
          13.28               0               0
           13.3               0               0
          13.32               0               0
          13.34               0               0
          13.36               0               0
          13.38               0               0
           13.4               0               0
          13.42               0               0
          13.44               0               0
          13.46               0               0
          13.48               0               0
           13.5               0               0
          13.52               0               0
          13.54               0               0
          13.56               0               0
          13.58               0               0
           13.6               0               0
          13.62               0               0
          13.64               0               0
          13.66               0               0
          13.68               0               0
           13.7               0               0
          13.72               0               0
          13.74               0               0
          13.76               0               0
          13.78               0               0
           13.8               0               0
          13.82               0               0
          13.84               0               0
          13.86               0               0
          13.88               0               0
           13.9               0               0
          13.92               0               0
          13.94               0               0
          13.96               0               0
          13.98               0               0
             14               0               0
          14.02               0               0
          14.04               0               0
          14.06               0               0
          14.08               0               0
           14.1               0               0
          14.12               0               0
          14.14               0               0
          14.16               0               0
          14.18               0               0
           14.2               0               0
          14.22               0               0
          14.24               0               0
          14.26               0               0
          14.28               0               0
           14.3               0               0
          14.32               0               0
          14.34               0               0
          14.36               0               0
          14.38               0               0
           14.4               0               0
          14.42               0               0
          14.44               0               0
          14.46               0               0
          14.48               0               0
           14.5               0               0
          14.52               0               0
          14.54               0               0
          14.56               0               0
          14.58               0               0
           14.6               0               0
          14.62               0               0
          14.64               0               0
          14.66               0               0
          14.68               0               0
           14.7               0               0
          14.72               0               0
          14.74               0               0
          14.76               0               0
          14.78               0               0
           14.8               0               0
          14.82               0               0
          14.84               0               0
          14.86               0               0
          14.88               0               0
           14.9               0               0
          14.92               0               0
          14.94               0               0
          14.96               0               0
          14.98               0               0
             15               0               0
          15.02               0               0
          15.04               0               0
          15.06               0               0
          15.08               0               0
           15.1               0               0
          15.12               0               0
          15.14               0               0
          15.16               0               0
          15.18               0               0
           15.2               0               0
          15.22               0               0
          15.24               0               0
          15.26               0               0
          15.28               0               0
           15.3               0               0
          15.32               0               0
          15.34               0               0
          15.36               0               0
          15.38               0               0
           15.4               0               0
          15.42               0               0
          15.44               0               0
          15.46               0               0
          15.48               0               0
           15.5               0               0
          15.52               0               0
          15.54               0               0
          15.56               0               0
          15.58               0               0
           15.6               0               0
          15.62               0               0
          15.64               0               0
          15.66               0               0
          15.68               0               0
           15.7               0               0
          15.72               0               0
          15.74               0               0
          15.76               0               0
          15.78               0               0
           15.8               0               0
          15.82               0               0
          15.84               0               0
          15.86               0               0
          15.88               0               0
           15.9               0               0
          15.92               0               0
          15.94               0               0
          15.96               0               0
          15.98               0               0
             16               0               0
          16.02               0               0
          16.04               0               0
          16.06               0               0
          16.08               0               0
           16.1               0               0
          16.12               0               0
          16.14               0               0
          16.16               0               0
          16.18               0               0
           16.2               0               0
          16.22               0               0
          16.24               0               0
          16.26               0               0
          16.28               0               0
           16.3               0               0
          16.32               0               0
          16.34               0               0
          16.36               0               0
          16.38               0               0
           16.4               0               0
          16.42               0               0
          16.44               0               0
          16.46               0               0
          16.48               0               0
           16.5               0               0
          16.52               0               0
          16.54               0               0
          16.56               0               0
          16.58               0               0
           16.6               0               0
          16.62               0               0
          16.64               0               0
          16.66               0               0
          16.68               0               0
           16.7               0               0
          16.72               0               0
          16.74               0               0
          16.76               0               0
          16.78               0               0
           16.8               0               0
          16.82               0               0
          16.84               0               0
          16.86               0               0
          16.88               0               0
           16.9               0               0
          16.92               0               0
          16.94               0               0
          16.96               0               0
          16.98               0               0
             17               0               0
          17.02               0               0
          17.04               0               0
          17.06               0               0
          17.08               0               0
           17.1               0               0
          17.12               0               0
          17.14               0               0
          17.16               0               0
          17.18               0               0
           17.2               0               0
          17.22               0               0
          17.24               0               0
          17.26               0               0
          17.28               0               0
           17.3               0               0
          17.32               0               0
          17.34               0               0
          17.36               0               0
          17.38               0               0
           17.4               0               0
          17.42               0               0
          17.44               0               0
          17.46               0               0
          17.48               0               0
           17.5               0               0
          17.52               0               0
          17.54               0               0
          17.56               0               0
          17.58               0               0
           17.6               0               0
          17.62               0               0
          17.64               0               0
          17.66               0               0
          17.68               0               0
           17.7               0               0
          17.72               0               0
          17.74               0               0
          17.76               0               0
          17.78               0               0
           17.8               0               0
          17.82               0               0
          17.84               0               0
          17.86               0               0
          17.88               0               0
           17.9               0               0
          17.92               0               0
          17.94               0               0
          17.96               0               0
          17.98               0               0
             18               0               0
          18.02               0               0
          18.04               0               0
          18.06               0               0
          18.08               0               0
           18.1               0               0
          18.12               0               0
          18.14               0               0
          18.16               0               0
          18.18               0               0
           18.2               0               0
          18.22               0               0
          18.24               0               0
          18.26               0               0
          18.28               0               0
           18.3               0               0
          18.32               0               0
          18.34               0               0
          18.36               0               0
          18.38               0               0
           18.4               0               0
          18.42               0               0
          18.44               0               0
          18.46               0               0
          18.48               0               0
           18.5               0               0
          18.52               0               0
          18.54               0               0
          18.56               0               0
          18.58               0               0
           18.6               0               0
          18.62               0               0
          18.64               0               0
          18.66               0               0
          18.68               0               0
           18.7               0               0
          18.72               0               0
          18.74               0               0
          18.76               0               0
          18.78               0               0
           18.8               0               0
          18.82               0               0
          18.84               0               0
          18.86               0               0
          18.88               0               0
           18.9               0               0
          18.92               0               0
          18.94               0               0
          18.96               0               0
          18.98               0               0
             19               0               0
          19.02               0               0
          19.04               0               0
          19.06               0               0
          19.08               0               0
           19.1               0               0
          19.12               0               0
          19.14               0               0
          19.16               0               0
          19.18               0               0
           19.2               0               0
          19.22               0               0
          19.24               0               0
          19.26               0               0
          19.28               0               0
           19.3               0               0
          19.32               0               0
          19.34               0               0
          19.36               0               0
          19.38               0               0
           19.4               0               0
          19.42               0               0
          19.44               0               0
          19.46               0               0
          19.48               0               0
           19.5               0               0
          19.52               0               0
          19.54               0               0
          19.56               0               0
          19.58               0               0
           19.6               0               0
          19.62               0               0
          19.64               0               0
          19.66               0               0
          19.68               0               0
           19.7               0               0
          19.72               0               0
          19.74               0               0
          19.76               0               0
          19.78               0               0
           19.8               0               0
          19.82               0               0
          19.84               0               0
          19.86               0               0
          19.88               0               0
           19.9               0               0
          19.92               0               0
          19.94               0               0
          19.96               0               0
          19.98               0               0
             20               0               0
          20.02               0               0

