NSpec_Sample  1000  20
              0       0.0001078     1.06865e-07
           0.02     1.48915e-08     1.25494e-09
           0.04     2.84134e-08     1.73368e-09
           0.06     3.69704e-08     1.98053e-09
           0.08     5.11096e-08     2.32971e-09
            0.1      6.3119e-08     2.58516e-09
           0.12     7.00538e-08     2.72893e-09
           0.14     7.76924e-08     2.87169e-09
           0.16     9.28579e-08     3.13968e-09
           0.18     1.00622e-07     3.26705e-09
            0.2     1.09982e-07     3.41445e-09
           0.22       1.203e-07     3.57332e-09
           0.24      1.3133e-07     3.73667e-09
           0.26     1.36781e-07     3.81235e-09
           0.28     1.52219e-07     4.02238e-09
            0.3     1.62858e-07     4.15823e-09
           0.32     1.63524e-07     4.17395e-09
           0.34     1.71915e-07     4.27677e-09
           0.36     1.96393e-07     4.57035e-09
           0.38     2.04467e-07     4.66582e-09
            0.4     2.10543e-07     4.73962e-09
           0.42     2.15059e-07     4.78846e-09
           0.44     2.31232e-07     4.96602e-09
           0.46     2.36515e-07     5.02093e-09
           0.48     2.54141e-07     5.20752e-09
            0.5     2.46645e-07     5.12749e-09
           0.52     2.65484e-07     5.32275e-09
           0.54     2.73994e-07     5.40536e-09
           0.56     2.93421e-07     5.59614e-09
           0.58     2.88532e-07     5.54934e-09
            0.6      3.0433e-07     5.69953e-09
           0.62     3.09207e-07     5.74287e-09
           0.64     3.13047e-07     5.77934e-09
           0.66     3.29697e-07     5.93147e-09
           0.68     3.25709e-07     5.89108e-09
            0.7     3.38144e-07       6.009e-09
           0.72     3.31845e-07     5.95165e-09
           0.74     3.53457e-07     6.14199e-09
           0.76      3.6241e-07      6.2168e-09
           0.78     3.75858e-07     6.33395e-09
            0.8     3.69078e-07     6.26871e-09
           0.82     3.87957e-07     6.43204e-09
           0.84     3.89769e-07     6.44703e-09
           0.86     3.95565e-07     6.49526e-09
           0.88     3.96652e-07       6.505e-09
            0.9     3.93472e-07     6.47662e-09
           0.92     4.06793e-07     6.58883e-09
           0.94     4.31246e-07      6.7784e-09
           0.96       4.036e-07     6.55852e-09
           0.98     4.22267e-07     6.71143e-09
              1     4.19804e-07     6.69433e-09
           1.02     4.26021e-07     6.74115e-09
           1.04     4.49404e-07     6.92262e-09
           1.06     4.40485e-07     6.85552e-09
           1.08     4.42215e-07     6.87087e-09
            1.1     4.39803e-07     6.84487e-09
           1.12     4.50242e-07       6.929e-09
           1.14     4.57643e-07     6.98856e-09
           1.16     4.55033e-07     6.96492e-09
           1.18     4.63889e-07      7.0325e-09
            1.2     4.57144e-07     6.98418e-09
           1.22     4.66098e-07     7.05392e-09
           1.24     4.77557e-07     7.13815e-09
           1.26     4.71541e-07     7.08862e-09
           1.28      4.8557e-07     7.19384e-09
            1.3     4.75127e-07     7.11529e-09
           1.32     4.75659e-07      7.1175e-09
           1.34     4.77543e-07     7.13617e-09
           1.36     4.93658e-07     7.25111e-09
           1.38     4.95274e-07     7.26866e-09
            1.4     4.90405e-07     7.23156e-09
           1.42     4.98867e-07     7.29316e-09
           1.44     4.84209e-07     7.18484e-09
           1.46     4.81368e-07     7.16231e-09
           1.48     4.94937e-07     7.26151e-09
            1.5     4.83338e-07     7.17726e-09
           1.52     4.94897e-07     7.26233e-09
           1.54      5.0012e-07      7.3023e-09
           1.56     5.05818e-07     7.34021e-09
           1.58     4.87949e-07     7.21018e-09
            1.6     4.98477e-07     7.28822e-09
           1.62     5.04983e-07     7.33114e-09
           1.64     5.02057e-07     7.31408e-09
           1.66     4.97213e-07      7.2776e-09
           1.68     4.96852e-07     7.27617e-09
            1.7     5.08875e-07     7.36446e-09
           1.72     4.99402e-07     7.29406e-09
           1.74     5.03317e-07     7.32549e-09
           1.76     5.03073e-07     7.31965e-09
           1.78      4.9158e-07     7.23712e-09
            1.8     5.00794e-07     7.30339e-09
           1.82     5.05978e-07     7.34009e-09
           1.84     4.97946e-07     7.28127e-09
           1.86     5.00554e-07     7.30159e-09
           1.88     5.04388e-07     7.32864e-09
            1.9     5.01817e-07     7.31132e-09
           1.92     4.96408e-07     7.27208e-09
           1.94     5.12497e-07     7.38742e-09
           1.96     5.03314e-07     7.31748e-09
           1.98     5.03389e-07     7.31964e-09
              2     4.88675e-07      7.2106e-09
           2.02     4.95033e-07     7.26119e-09
           2.04     5.05392e-07     7.33474e-09
           2.06     5.06096e-07     7.33556e-09
           2.08     5.01668e-07     7.30294e-09
            2.1     4.88534e-07     7.20618e-09
           2.12      5.0443e-07     7.32766e-09
           2.14     4.92181e-07     7.23793e-09
           2.16     4.74001e-07     7.10302e-09
           2.18     5.07523e-07     7.34636e-09
            2.2     4.95938e-07     7.26649e-09
           2.22     4.90689e-07     7.22762e-09
           2.24     4.80674e-07     7.14949e-09
           2.26     4.87233e-07     7.19781e-09
           2.28     4.78774e-07     7.13546e-09
            2.3      4.8667e-07     7.19661e-09
           2.32     4.63988e-07     7.02265e-09
           2.34     4.85353e-07      7.1825e-09
           2.36     4.77472e-07     7.12462e-09
           2.38     4.70656e-07     7.07583e-09
            2.4     4.86878e-07     7.19653e-09
           2.42      4.8787e-07       7.201e-09
           2.44     4.73298e-07     7.09309e-09
           2.46     4.64415e-07     7.02647e-09
           2.48     4.63159e-07     7.01399e-09
            2.5     4.63825e-07     7.02161e-09
           2.52     4.65523e-07     7.03362e-09
           2.54     4.68807e-07     7.05918e-09
           2.56     4.80158e-07     7.14255e-09
           2.58     4.55036e-07      6.9516e-09
            2.6     4.54281e-07     6.94496e-09
           2.62     4.64282e-07     7.02197e-09
           2.64     4.47262e-07     6.89341e-09
           2.66     4.53324e-07     6.94171e-09
           2.68     4.38555e-07     6.82589e-09
            2.7      4.4641e-07     6.88518e-09
           2.72     4.41906e-07     6.84743e-09
           2.74     4.47239e-07     6.89378e-09
           2.76     4.50019e-07     6.91134e-09
           2.78     4.50341e-07     6.91377e-09
            2.8     4.54584e-07     6.94794e-09
           2.82     4.37186e-07     6.81363e-09
           2.84     4.39757e-07     6.83136e-09
           2.86     4.37779e-07     6.81957e-09
           2.88     4.20104e-07     6.67906e-09
            2.9     4.42848e-07     6.85626e-09
           2.92     4.33443e-07     6.78247e-09
           2.94      4.3923e-07     6.82896e-09
           2.96     4.25464e-07     6.71623e-09
           2.98     4.39551e-07     6.82809e-09
              3     4.10565e-07     6.59519e-09
           3.02     4.16261e-07     6.64493e-09
           3.04     4.24224e-07        6.71e-09
           3.06      4.2131e-07     6.68553e-09
           3.08     4.08606e-07     6.58493e-09
            3.1     4.06355e-07     6.56579e-09
           3.12     4.04127e-07     6.54758e-09
           3.14     4.18525e-07     6.66485e-09
           3.16     4.14999e-07     6.63217e-09
           3.18     4.14741e-07     6.63145e-09
            3.2     4.03633e-07     6.54138e-09
           3.22     3.96511e-07      6.4832e-09
           3.24     3.99703e-07     6.51005e-09
           3.26     4.01598e-07     6.52554e-09
           3.28     4.07873e-07     6.57733e-09
            3.3      3.8957e-07     6.42215e-09
           3.32     3.95911e-07     6.47679e-09
           3.34     3.90169e-07     6.42776e-09
           3.36     3.98148e-07     6.49778e-09
           3.38     3.85315e-07     6.38935e-09
            3.4     3.78383e-07      6.3293e-09
           3.42     3.75534e-07     6.30829e-09
           3.44     3.61196e-07     6.18618e-09
           3.46     3.85198e-07     6.38832e-09
           3.48     3.65108e-07      6.2186e-09
            3.5     3.73709e-07      6.2917e-09
           3.52     3.75279e-07      6.3022e-09
           3.54     3.75456e-07     6.31049e-09
           3.56     3.70315e-07     6.26219e-09
           3.58     3.74983e-07       6.299e-09
            3.6       3.625e-07     6.19842e-09
           3.62     3.54863e-07     6.12909e-09
           3.64      3.6705e-07     6.22998e-09
           3.66     3.61909e-07     6.19025e-09
           3.68      3.4912e-07     6.07898e-09
            3.7     3.43391e-07     6.02966e-09
           3.72     3.44529e-07     6.03934e-09
           3.74     3.61768e-07     6.18605e-09
           3.76     3.33707e-07     5.94335e-09
           3.78     3.42106e-07     6.01731e-09
            3.8     3.52094e-07     6.10301e-09
           3.82     3.31128e-07     5.92006e-09
           3.84      3.3737e-07     5.97847e-09
           3.86     3.29198e-07     5.90636e-09
           3.88     3.25105e-07     5.86401e-09
            3.9     3.35475e-07     5.95606e-09
           3.92     3.21191e-07     5.82766e-09
           3.94     3.17796e-07     5.79557e-09
           3.96     3.29779e-07     5.90435e-09
           3.98     3.21306e-07     5.82969e-09
              4     3.17772e-07     5.79801e-09
           4.02     3.15805e-07     5.77659e-09
           4.04     3.20003e-07     5.81659e-09
           4.06       3.117e-07      5.7439e-09
           4.08     3.17849e-07     5.79859e-09
            4.1     3.05639e-07     5.68558e-09
           4.12       3.008e-07     5.63944e-09
           4.14      3.0662e-07     5.69288e-09
           4.16     3.04147e-07     5.66743e-09
           4.18     3.00317e-07     5.63539e-09
            4.2     2.99444e-07     5.62588e-09
           4.22      2.9116e-07       5.546e-09
           4.24     3.01112e-07     5.63935e-09
           4.26     2.91296e-07     5.54764e-09
           4.28     2.93106e-07     5.56206e-09
            4.3      2.8388e-07      5.4773e-09
           4.32     2.88955e-07      5.5251e-09
           4.34     2.85483e-07     5.48981e-09
           4.36     2.82977e-07     5.46594e-09
           4.38     2.82857e-07     5.46563e-09
            4.4     2.72692e-07     5.36409e-09
           4.42     2.71891e-07     5.35866e-09
           4.44     2.63109e-07     5.26683e-09
           4.46     2.77992e-07     5.41834e-09
           4.48     2.68125e-07     5.31861e-09
            4.5     2.69878e-07     5.33559e-09
           4.52      2.5758e-07      5.2129e-09
           4.54     2.51331e-07     5.15108e-09
           4.56     2.64741e-07     5.28378e-09
           4.58     2.61231e-07     5.25037e-09
            4.6     2.55481e-07     5.19171e-09
           4.62     2.48342e-07     5.11885e-09
           4.64     2.52582e-07     5.16382e-09
           4.66     2.40106e-07     5.02982e-09
           4.68     2.51714e-07     5.14929e-09
            4.7      2.4356e-07     5.06463e-09
           4.72     2.45146e-07     5.08213e-09
           4.74     2.37483e-07     5.00022e-09
           4.76     2.39142e-07     5.01954e-09
           4.78     2.41431e-07     5.04541e-09
            4.8     2.37501e-07     4.99943e-09
           4.82     2.26498e-07     4.88373e-09
           4.84     2.27013e-07      4.8903e-09
           4.86     2.28619e-07     4.90671e-09
           4.88     2.31562e-07     4.94044e-09
            4.9     2.22179e-07     4.83577e-09
           4.92      2.2457e-07     4.86258e-09
           4.94     2.21222e-07     4.82644e-09
           4.96     2.20876e-07     4.82099e-09
           4.98     2.13838e-07     4.74484e-09
              5     2.14487e-07     4.75094e-09
           5.02     2.10471e-07     4.70849e-09
           5.04     2.14721e-07     4.75158e-09
           5.06     2.09955e-07     4.70036e-09
           5.08     2.10496e-07     4.70435e-09
            5.1     2.06072e-07     4.65938e-09
           5.12     2.06729e-07      4.6598e-09
           5.14     2.05952e-07      4.6529e-09
           5.16     1.96438e-07      4.5447e-09
           5.18      1.9941e-07     4.58057e-09
            5.2     1.93229e-07     4.50674e-09
           5.22     1.91288e-07     4.48344e-09
           5.24      2.0033e-07     4.59076e-09
           5.26     1.92913e-07      4.5031e-09
           5.28     1.82437e-07     4.37308e-09
            5.3     1.82568e-07     4.38132e-09
           5.32     1.85344e-07     4.41236e-09
           5.34     1.81762e-07     4.36429e-09
           5.36     1.82186e-07      4.3758e-09
           5.38     1.77026e-07     4.31187e-09
            5.4     1.82088e-07     4.37344e-09
           5.42     1.73892e-07     4.27508e-09
           5.44      1.7237e-07     4.25312e-09
           5.46     1.71515e-07     4.24103e-09
           5.48     1.71872e-07     4.24724e-09
            5.5     1.61247e-07     4.11613e-09
           5.52     1.70842e-07     4.23084e-09
           5.54       1.688e-07     4.20734e-09
           5.56     1.64042e-07     4.14842e-09
           5.58      1.5951e-07     4.08907e-09
            5.6     1.54737e-07      4.0308e-09
           5.62     1.54428e-07     4.02268e-09
           5.64     1.55879e-07     4.04134e-09
           5.66     1.49209e-07     3.95152e-09
           5.68     1.50803e-07     3.97434e-09
            5.7     1.53919e-07     4.01901e-09
           5.72     1.52974e-07     4.00243e-09
           5.74      1.5047e-07     3.96825e-09
           5.76     1.43105e-07     3.87359e-09
           5.78     1.42909e-07     3.86967e-09
            5.8     1.50178e-07     3.96878e-09
           5.82     1.34042e-07     3.74662e-09
           5.84     1.39415e-07      3.8229e-09
           5.86      1.3601e-07     3.77523e-09
           5.88      1.3576e-07     3.76827e-09
            5.9     1.22477e-07     3.58205e-09
           5.92     1.30609e-07     3.69714e-09
           5.94     1.29151e-07     3.67497e-09
           5.96     1.29288e-07     3.67744e-09
           5.98      1.2767e-07     3.65514e-09
              6     1.23989e-07     3.60173e-09
           6.02     1.19303e-07     3.53013e-09
           6.04     1.20963e-07     3.55601e-09
           6.06     1.18951e-07     3.52905e-09
           6.08     1.21142e-07     3.55821e-09
            6.1     1.13683e-07     3.44466e-09
           6.12     1.11657e-07      3.4131e-09
           6.14     1.12871e-07     3.43266e-09
           6.16     1.06637e-07     3.33856e-09
           6.18     1.08596e-07     3.36545e-09
            6.2     1.07774e-07     3.35445e-09
           6.22     1.07668e-07     3.35121e-09
           6.24     1.06897e-07     3.34177e-09
           6.26     1.03258e-07     3.28459e-09
           6.28     1.05182e-07     3.31415e-09
            6.3     1.03398e-07     3.28575e-09
           6.32      9.8222e-08     3.19966e-09
           6.34     9.52286e-08       3.151e-09
           6.36     1.00406e-07     3.23499e-09
           6.38     1.02958e-07       3.275e-09
            6.4     1.04215e-07     3.29681e-09
           6.42     9.38704e-08     3.13014e-09
           6.44     9.04457e-08     3.07104e-09
           6.46     9.19503e-08     3.09718e-09
           6.48     8.82727e-08     3.03239e-09
            6.5     9.31731e-08     3.11553e-09
           6.52     8.62574e-08     2.99506e-09
           6.54     8.40529e-08     2.95801e-09
           6.56     8.65595e-08     3.00192e-09
           6.58     9.19319e-08     3.09302e-09
            6.6     8.50903e-08     2.97789e-09
           6.62     7.88629e-08     2.86536e-09
           6.64     8.04541e-08     2.89283e-09
           6.66     8.23782e-08     2.92629e-09
           6.68     8.06806e-08     2.89716e-09
            6.7     8.06824e-08     2.89721e-09
           6.72       8.172e-08     2.91576e-09
           6.74     8.20787e-08     2.91929e-09
           6.76     7.67844e-08     2.82543e-09
           6.78     7.14572e-08     2.72506e-09
            6.8     6.80567e-08     2.65999e-09
           6.82     6.64833e-08     2.62883e-09
           6.84     6.81198e-08     2.66043e-09
           6.86     6.64897e-08     2.62693e-09
           6.88     6.67348e-08     2.63252e-09
            6.9     6.64077e-08     2.62572e-09
           6.92     6.83451e-08     2.66517e-09
           6.94     6.92094e-08      2.6806e-09
           6.96     6.58148e-08     2.61464e-09
           6.98     6.42012e-08      2.5812e-09
              7     6.26259e-08     2.54892e-09
           7.02     6.37879e-08      2.5729e-09
           7.04     5.70385e-08     2.43278e-09
           7.06     5.88078e-08     2.47037e-09
           7.08     5.75888e-08     2.44522e-09
            7.1     5.74654e-08     2.43994e-09
           7.12      6.2397e-08      2.5438e-09
           7.14     5.46522e-08     2.38134e-09
           7.16     5.39398e-08     2.36144e-09
           7.18      5.0152e-08     2.27787e-09
            7.2     5.14511e-08     2.30849e-09
           7.22     5.09985e-08     2.29746e-09
           7.24     5.35604e-08     2.35391e-09
           7.26     5.19003e-08     2.31931e-09
           7.28     4.94008e-08     2.26248e-09
            7.3     4.83505e-08     2.23796e-09
           7.32     5.37627e-08     2.35822e-09
           7.34     4.75843e-08     2.21914e-09
           7.36      4.6889e-08     2.20115e-09
           7.38     4.55122e-08     2.16779e-09
            7.4     4.05472e-08     2.04844e-09
           7.42     4.73495e-08     2.21303e-09
           7.44     4.76274e-08     2.21631e-09
           7.46     4.15223e-08     2.07141e-09
           7.48      4.1803e-08     2.07767e-09
            7.5     4.04677e-08     2.04438e-09
           7.52     4.19572e-08     2.08281e-09
           7.54     3.92147e-08     2.01481e-09
           7.56     3.78608e-08     1.97675e-09
           7.58     4.09064e-08     2.05605e-09
            7.6     3.58718e-08     1.92333e-09
           7.62     4.10656e-08     2.05888e-09
           7.64     3.70238e-08     1.95177e-09
           7.66      3.7683e-08     1.97285e-09
           7.68     3.21672e-08     1.82149e-09
            7.7     3.55241e-08     1.91291e-09
           7.72     3.27568e-08      1.8373e-09
           7.74     3.55253e-08     1.91296e-09
           7.76     3.58685e-08     1.92312e-09
           7.78     3.06644e-08     1.77667e-09
            7.8     3.64116e-08      1.9384e-09
           7.82     2.84693e-08     1.71401e-09
           7.84     2.97911e-08     1.74973e-09
           7.86     3.03688e-08     1.76849e-09
           7.88     3.34509e-08     1.85876e-09
            7.9     3.02475e-08     1.76439e-09
           7.92     3.04462e-08     1.76999e-09
           7.94      2.8923e-08     1.72262e-09
           7.96     2.93128e-08     1.73665e-09
           7.98     2.32632e-08      1.5477e-09
              8     2.74197e-08     1.67835e-09
           8.02     2.64765e-08     1.64865e-09
           8.04     2.43488e-08     1.58192e-09
           8.06     2.63091e-08     1.64459e-09
           8.08     2.31394e-08      1.5429e-09
            8.1     2.41115e-08     1.57313e-09
           8.12     2.48666e-08     1.59876e-09
           8.14     2.19629e-08      1.5016e-09
           8.16     2.38747e-08     1.56429e-09
           8.18      2.0623e-08     1.45486e-09
            8.2     2.25127e-08     1.52154e-09
           8.22     2.11849e-08     1.47627e-09
           8.24     2.04897e-08     1.44907e-09
           8.26       2.121e-08     1.47439e-09
           8.28     2.04706e-08      1.4477e-09
            8.3     1.94958e-08      1.4146e-09
           8.32      2.0196e-08     1.43912e-09
           8.34     1.86428e-08      1.3821e-09
           8.36     1.75402e-08     1.34153e-09
           8.38     2.02846e-08     1.44174e-09
            8.4     1.88502e-08     1.38982e-09
           8.42     1.88381e-08     1.38895e-09
           8.44      1.7333e-08     1.33349e-09
           8.46      1.8238e-08     1.36717e-09
           8.48     1.58644e-08     1.27443e-09
            8.5     1.56886e-08     1.26852e-09
           8.52     1.78199e-08      1.3511e-09
           8.54     1.49232e-08     1.23522e-09
           8.56     1.54583e-08     1.25815e-09
           8.58     1.38137e-08     1.18905e-09
            8.6     1.26754e-08     1.13843e-09
           8.62     1.41888e-08     1.20363e-09
           8.64     1.31497e-08     1.15787e-09
           8.66     1.26432e-08      1.1355e-09
           8.68     1.23656e-08     1.12426e-09
            8.7     1.01248e-08      1.0177e-09
           8.72     1.26666e-08     1.13763e-09
           8.74     1.27617e-08     1.14157e-09
           8.76     1.24508e-08     1.12736e-09
           8.78     1.04238e-08     1.03221e-09
            8.8     1.16357e-08     1.08991e-09
           8.82     9.57835e-09     9.88013e-10
           8.84     1.19451e-08     1.10444e-09
           8.86     1.04008e-08     1.02991e-09
           8.88     8.86325e-09     9.50321e-10
            8.9     9.08702e-09     9.63328e-10
           8.92     9.67202e-09     9.92419e-10
           8.94     9.25536e-09     9.70299e-10
           8.96     1.07984e-08     1.04892e-09
           8.98     7.73285e-09     8.87094e-10
              9     8.24937e-09     9.16674e-10
           9.02     7.63616e-09     8.81829e-10
           9.04     6.51384e-09     8.14297e-10
           9.06     7.55233e-09     8.78011e-10
           9.08     9.68517e-09     9.93771e-10
            9.1      6.9107e-09     8.38094e-10
           9.12      7.1175e-09     8.50761e-10
           9.14     7.95378e-09     9.00662e-10
           9.16     6.90054e-09     8.36862e-10
           9.18     8.32221e-09       9.191e-10
            9.2     6.11683e-09     7.89735e-10
           9.22     6.19692e-09     7.93484e-10
           9.24     6.52113e-09     8.15202e-10
           9.26     4.97125e-09     7.10216e-10
           9.28     6.18232e-09     7.91605e-10
            9.3     4.77438e-09     6.96453e-10
           9.32     5.08374e-09     7.18991e-10
           9.34     5.58103e-09     7.52597e-10
           9.36     5.79401e-09     7.67497e-10
           9.38     5.89636e-09     7.74277e-10
            9.4     4.78257e-09     6.97674e-10
           9.42     4.86307e-09     7.01946e-10
           9.44     4.76956e-09     6.95757e-10
           9.46     4.56002e-09     6.79809e-10
           9.48     5.58801e-09     7.53532e-10
            9.5     4.46587e-09     6.73291e-10
           9.52     3.14728e-09     5.65304e-10
           9.54      5.0759e-09     7.17881e-10
           9.56     4.15865e-09     6.49506e-10
           9.58     4.38073e-09     6.68115e-10
            9.6     3.14464e-09     5.64812e-10
           9.62     4.25386e-09     6.56409e-10
           9.64     2.12802e-09     4.64393e-10
           9.66     3.33849e-09     5.81181e-10
           9.68     3.13324e-09     5.62766e-10
            9.7     3.34225e-09     5.81836e-10
           9.72     2.63918e-09     5.17616e-10
           9.74     3.03684e-09     5.54471e-10
           9.76     1.91573e-09      4.3951e-10
           9.78     3.43767e-09      5.8958e-10
            9.8      2.5309e-09     5.06208e-10
           9.82      2.6312e-09      5.1604e-10
           9.84     3.04001e-09     5.55052e-10
           9.86      2.4248e-09     4.94974e-10
           9.88     1.81266e-09     4.27253e-10
            9.9     2.63382e-09      5.1656e-10
           9.92      1.7256e-09     4.18532e-10
           9.94     1.82115e-09      4.2926e-10
           9.96     1.11312e-09     3.35631e-10
           9.98     1.71027e-09     4.14804e-10
             10     1.41594e-09     3.78438e-10
          10.02     1.10745e-09     3.33913e-10
          10.04     1.40872e-09     3.76499e-10
          10.06     1.41531e-09     3.78267e-10
          10.08     1.10965e-09     3.34579e-10
           10.1     1.10933e-09     3.34481e-10
          10.12     9.08959e-10      3.0299e-10
          10.14     1.11068e-09     3.34892e-10
          10.16     1.81605e-09     4.28059e-10
          10.18     6.08554e-10      2.4845e-10
           10.2     4.04343e-10     2.02175e-10
          10.22     1.00705e-09     3.18464e-10
          10.24     8.05447e-10     2.84771e-10
          10.26     1.71344e-09     4.15582e-10
          10.28     5.04541e-10     2.25648e-10
           10.3     5.03695e-10     2.25261e-10
          10.32     6.05412e-10     2.47161e-10
          10.34     3.04199e-10     1.75632e-10
          10.36     4.02664e-10     2.01333e-10
          10.38     9.09999e-10      3.0335e-10
           10.4     5.06242e-10     2.26414e-10
          10.42     7.05501e-10     2.66669e-10
          10.44     5.03708e-10      2.2527e-10
          10.46     3.02001e-10     1.74365e-10
          10.48      2.0232e-10     1.43062e-10
           10.5     2.03219e-10       1.437e-10
          10.52     2.01628e-10     1.42577e-10
          10.54     7.04537e-10     2.66293e-10
          10.56     4.02513e-10     2.01257e-10
          10.58     1.00369e-10     1.00369e-10
           10.6      5.0551e-10     2.26087e-10
          10.62     2.01234e-10     1.42294e-10
          10.64     1.00088e-10     1.00088e-10
          10.66     4.01476e-10     2.00739e-10
          10.68     1.00606e-10     1.00606e-10
           10.7      3.0104e-10     1.73806e-10
          10.72      2.0053e-10     1.41796e-10
          10.74     2.02405e-10     1.43123e-10
          10.76     3.00859e-10     1.73701e-10
          10.78     1.00045e-10     1.00045e-10
           10.8     1.00167e-10     1.00167e-10
          10.82     1.00297e-10     1.00297e-10
          10.84     1.00595e-10     1.00595e-10
          10.86     1.00563e-10     1.00563e-10
          10.88     1.00083e-10     1.00083e-10
           10.9               0               0
          10.92     1.00099e-10     1.00099e-10
          10.94     1.00441e-10     1.00441e-10
          10.96               0               0
          10.98     1.00024e-10     1.00024e-10
             11     2.01806e-10     1.42699e-10
          11.02               0               0
          11.04               0               0
          11.06      1.0001e-10      1.0001e-10
          11.08               0               0
           11.1     2.02596e-10     1.43258e-10
          11.12               0               0
          11.14               0               0
          11.16               0               0
          11.18      1.0019e-10      1.0019e-10
           11.2               0               0
          11.22               0               0
          11.24               0               0
          11.26               0               0
          11.28               0               0
           11.3               0               0
          11.32               0               0
          11.34               0               0
          11.36               0               0
          11.38               0               0
           11.4               0               0
          11.42               0               0
          11.44               0               0
          11.46               0               0
          11.48               0               0
           11.5               0               0
          11.52               0               0
          11.54               0               0
          11.56               0               0
          11.58               0               0
           11.6               0               0
          11.62               0               0
          11.64               0               0
          11.66               0               0
          11.68               0               0
           11.7               0               0
          11.72               0               0
          11.74               0               0
          11.76               0               0
          11.78               0               0
           11.8               0               0
          11.82               0               0
          11.84               0               0
          11.86               0               0
          11.88               0               0
           11.9               0               0
          11.92               0               0
          11.94               0               0
          11.96               0               0
          11.98               0               0
             12               0               0
          12.02               0               0
          12.04               0               0
          12.06               0               0
          12.08               0               0
           12.1               0               0
          12.12               0               0
          12.14               0               0
          12.16               0               0
          12.18               0               0
           12.2               0               0
          12.22               0               0
          12.24               0               0
          12.26               0               0
          12.28               0               0
           12.3               0               0
          12.32               0               0
          12.34               0               0
          12.36               0               0
          12.38               0               0
           12.4               0               0
          12.42               0               0
          12.44               0               0
          12.46               0               0
          12.48               0               0
           12.5               0               0
          12.52               0               0
          12.54               0               0
          12.56               0               0
          12.58               0               0
           12.6               0               0
          12.62               0               0
          12.64               0               0
          12.66               0               0
          12.68               0               0
           12.7               0               0
          12.72               0               0
          12.74               0               0
          12.76               0               0
          12.78               0               0
           12.8               0               0
          12.82               0               0
          12.84               0               0
          12.86               0               0
          12.88               0               0
           12.9               0               0
          12.92               0               0
          12.94               0               0
          12.96               0               0
          12.98               0               0
             13               0               0
          13.02               0               0
          13.04               0               0
          13.06               0               0
          13.08               0               0
           13.1               0               0
          13.12               0               0
          13.14               0               0
          13.16               0               0
          13.18               0               0
           13.2               0               0
          13.22               0               0
          13.24               0               0
          13.26               0               0
          13.28               0               0
           13.3               0               0
          13.32               0               0
          13.34               0               0
          13.36               0               0
          13.38               0               0
           13.4               0               0
          13.42               0               0
          13.44               0               0
          13.46               0               0
          13.48               0               0
           13.5               0               0
          13.52               0               0
          13.54               0               0
          13.56               0               0
          13.58               0               0
           13.6               0               0
          13.62               0               0
          13.64               0               0
          13.66               0               0
          13.68               0               0
           13.7               0               0
          13.72               0               0
          13.74               0               0
          13.76               0               0
          13.78               0               0
           13.8               0               0
          13.82               0               0
          13.84               0               0
          13.86               0               0
          13.88               0               0
           13.9               0               0
          13.92               0               0
          13.94               0               0
          13.96               0               0
          13.98               0               0
             14               0               0
          14.02               0               0
          14.04               0               0
          14.06               0               0
          14.08               0               0
           14.1               0               0
          14.12               0               0
          14.14               0               0
          14.16               0               0
          14.18               0               0
           14.2               0               0
          14.22               0               0
          14.24               0               0
          14.26               0               0
          14.28               0               0
           14.3               0               0
          14.32               0               0
          14.34               0               0
          14.36               0               0
          14.38               0               0
           14.4               0               0
          14.42               0               0
          14.44               0               0
          14.46               0               0
          14.48               0               0
           14.5               0               0
          14.52               0               0
          14.54               0               0
          14.56               0               0
          14.58               0               0
           14.6               0               0
          14.62               0               0
          14.64               0               0
          14.66               0               0
          14.68               0               0
           14.7               0               0
          14.72               0               0
          14.74               0               0
          14.76               0               0
          14.78               0               0
           14.8               0               0
          14.82               0               0
          14.84               0               0
          14.86               0               0
          14.88               0               0
           14.9               0               0
          14.92               0               0
          14.94               0               0
          14.96               0               0
          14.98               0               0
             15               0               0
          15.02               0               0
          15.04               0               0
          15.06               0               0
          15.08               0               0
           15.1               0               0
          15.12               0               0
          15.14               0               0
          15.16               0               0
          15.18               0               0
           15.2               0               0
          15.22               0               0
          15.24               0               0
          15.26               0               0
          15.28               0               0
           15.3               0               0
          15.32               0               0
          15.34               0               0
          15.36               0               0
          15.38               0               0
           15.4               0               0
          15.42               0               0
          15.44               0               0
          15.46               0               0
          15.48               0               0
           15.5               0               0
          15.52               0               0
          15.54               0               0
          15.56               0               0
          15.58               0               0
           15.6               0               0
          15.62               0               0
          15.64               0               0
          15.66               0               0
          15.68               0               0
           15.7               0               0
          15.72               0               0
          15.74               0               0
          15.76               0               0
          15.78               0               0
           15.8               0               0
          15.82               0               0
          15.84               0               0
          15.86               0               0
          15.88               0               0
           15.9               0               0
          15.92               0               0
          15.94               0               0
          15.96               0               0
          15.98               0               0
             16               0               0
          16.02               0               0
          16.04               0               0
          16.06               0               0
          16.08               0               0
           16.1               0               0
          16.12               0               0
          16.14               0               0
          16.16               0               0
          16.18               0               0
           16.2               0               0
          16.22               0               0
          16.24               0               0
          16.26               0               0
          16.28               0               0
           16.3               0               0
          16.32               0               0
          16.34               0               0
          16.36               0               0
          16.38               0               0
           16.4               0               0
          16.42               0               0
          16.44               0               0
          16.46               0               0
          16.48               0               0
           16.5               0               0
          16.52               0               0
          16.54               0               0
          16.56               0               0
          16.58               0               0
           16.6               0               0
          16.62               0               0
          16.64               0               0
          16.66               0               0
          16.68               0               0
           16.7               0               0
          16.72               0               0
          16.74               0               0
          16.76               0               0
          16.78               0               0
           16.8               0               0
          16.82               0               0
          16.84               0               0
          16.86               0               0
          16.88               0               0
           16.9               0               0
          16.92               0               0
          16.94               0               0
          16.96               0               0
          16.98               0               0
             17               0               0
          17.02               0               0
          17.04               0               0
          17.06               0               0
          17.08               0               0
           17.1               0               0
          17.12               0               0
          17.14               0               0
          17.16               0               0
          17.18               0               0
           17.2               0               0
          17.22               0               0
          17.24               0               0
          17.26               0               0
          17.28               0               0
           17.3               0               0
          17.32               0               0
          17.34               0               0
          17.36               0               0
          17.38               0               0
           17.4               0               0
          17.42               0               0
          17.44               0               0
          17.46               0               0
          17.48               0               0
           17.5               0               0
          17.52               0               0
          17.54               0               0
          17.56               0               0
          17.58               0               0
           17.6               0               0
          17.62               0               0
          17.64               0               0
          17.66               0               0
          17.68               0               0
           17.7               0               0
          17.72               0               0
          17.74               0               0
          17.76               0               0
          17.78               0               0
           17.8               0               0
          17.82               0               0
          17.84               0               0
          17.86               0               0
          17.88               0               0
           17.9               0               0
          17.92               0               0
          17.94               0               0
          17.96               0               0
          17.98               0               0
             18               0               0
          18.02               0               0
          18.04               0               0
          18.06               0               0
          18.08               0               0
           18.1               0               0
          18.12               0               0
          18.14               0               0
          18.16               0               0
          18.18               0               0
           18.2               0               0
          18.22               0               0
          18.24               0               0
          18.26               0               0
          18.28               0               0
           18.3               0               0
          18.32               0               0
          18.34               0               0
          18.36               0               0
          18.38               0               0
           18.4               0               0
          18.42               0               0
          18.44               0               0
          18.46               0               0
          18.48               0               0
           18.5               0               0
          18.52               0               0
          18.54               0               0
          18.56               0               0
          18.58               0               0
           18.6               0               0
          18.62               0               0
          18.64               0               0
          18.66               0               0
          18.68               0               0
           18.7               0               0
          18.72               0               0
          18.74               0               0
          18.76               0               0
          18.78               0               0
           18.8               0               0
          18.82               0               0
          18.84               0               0
          18.86               0               0
          18.88               0               0
           18.9               0               0
          18.92               0               0
          18.94               0               0
          18.96               0               0
          18.98               0               0
             19               0               0
          19.02               0               0
          19.04               0               0
          19.06               0               0
          19.08               0               0
           19.1               0               0
          19.12               0               0
          19.14               0               0
          19.16               0               0
          19.18               0               0
           19.2               0               0
          19.22               0               0
          19.24               0               0
          19.26               0               0
          19.28               0               0
           19.3               0               0
          19.32               0               0
          19.34               0               0
          19.36               0               0
          19.38               0               0
           19.4               0               0
          19.42               0               0
          19.44               0               0
          19.46               0               0
          19.48               0               0
           19.5               0               0
          19.52               0               0
          19.54               0               0
          19.56               0               0
          19.58               0               0
           19.6               0               0
          19.62               0               0
          19.64               0               0
          19.66               0               0
          19.68               0               0
           19.7               0               0
          19.72               0               0
          19.74               0               0
          19.76               0               0
          19.78               0               0
           19.8               0               0
          19.82               0               0
          19.84               0               0
          19.86               0               0
          19.88               0               0
           19.9               0               0
          19.92               0               0
          19.94               0               0
          19.96               0               0
          19.98               0               0
             20               0               0
          20.02               0               0

AFlux_Sample  1000  20
              0               0               0
           0.02       1.129e-07     1.06386e-11
           0.04     1.12867e-07      1.0575e-11
           0.06     1.12849e-07     1.05475e-11
           0.08     1.12837e-07     1.05312e-11
            0.1     1.12829e-07     1.05205e-11
           0.12     1.12824e-07     1.05125e-11
           0.14      1.1282e-07     1.05062e-11
           0.16     1.12818e-07     1.05014e-11
           0.18     1.12817e-07     1.04972e-11
            0.2     1.12818e-07     1.04939e-11
           0.22     1.12818e-07     1.04912e-11
           0.24      1.1282e-07     1.04887e-11
           0.26     1.12821e-07     1.04866e-11
           0.28     1.12824e-07     1.04845e-11
            0.3     1.12826e-07     1.04826e-11
           0.32     1.12829e-07      1.0481e-11
           0.34     1.12831e-07     1.04795e-11
           0.36     1.12834e-07     1.04781e-11
           0.38     1.12837e-07     1.04767e-11
            0.4     1.12839e-07     1.04755e-11
           0.42     1.12842e-07      1.0474e-11
           0.44     1.12845e-07     1.04726e-11
           0.46     1.12848e-07     1.04712e-11
           0.48     1.12851e-07     1.04699e-11
            0.5     1.12854e-07     1.04686e-11
           0.52     1.12857e-07     1.04674e-11
           0.54     1.12859e-07      1.0466e-11
           0.56     1.12862e-07     1.04646e-11
           0.58     1.12865e-07     1.04634e-11
            0.6     1.12868e-07     1.04622e-11
           0.62     1.12871e-07     1.04609e-11
           0.64     1.12874e-07     1.04594e-11
           0.66     1.12877e-07     1.04581e-11
           0.68      1.1288e-07     1.04566e-11
            0.7     1.12883e-07     1.04553e-11
           0.72     1.12886e-07     1.04538e-11
           0.74     1.12889e-07     1.04524e-11
           0.76     1.12893e-07     1.04508e-11
           0.78     1.12896e-07     1.04492e-11
            0.8       1.129e-07     1.04476e-11
           0.82     1.12903e-07     1.04462e-11
           0.84     1.12906e-07     1.04448e-11
           0.86     1.12909e-07     1.04433e-11
           0.88     1.12912e-07     1.04418e-11
            0.9     1.12915e-07     1.04405e-11
           0.92     1.12919e-07      1.0439e-11
           0.94     1.12922e-07     1.04376e-11
           0.96     1.12925e-07     1.04359e-11
           0.98     1.12929e-07     1.04344e-11
              1     1.12932e-07      1.0433e-11
           1.02     1.12936e-07     1.04315e-11
           1.04     1.12939e-07       1.043e-11
           1.06     1.12942e-07     1.04286e-11
           1.08     1.12946e-07     1.04273e-11
            1.1     1.12949e-07     1.04259e-11
           1.12     1.12952e-07     1.04244e-11
           1.14     1.12955e-07      1.0423e-11
           1.16     1.12959e-07     1.04214e-11
           1.18     1.12963e-07     1.04199e-11
            1.2     1.12966e-07     1.04184e-11
           1.22      1.1297e-07     1.04169e-11
           1.24     1.12973e-07     1.04155e-11
           1.26     1.12977e-07      1.0414e-11
           1.28      1.1298e-07     1.04127e-11
            1.3     1.12984e-07     1.04112e-11
           1.32     1.12987e-07     1.04097e-11
           1.34     1.12991e-07     1.04082e-11
           1.36     1.12994e-07     1.04067e-11
           1.38     1.12998e-07     1.04051e-11
            1.4     1.13002e-07     1.04036e-11
           1.42     1.13006e-07     1.04021e-11
           1.44      1.1301e-07     1.04005e-11
           1.46     1.13014e-07     1.03988e-11
           1.48     1.13018e-07     1.03973e-11
            1.5     1.13022e-07     1.03957e-11
           1.52     1.13026e-07      1.0394e-11
           1.54      1.1303e-07     1.03924e-11
           1.56     1.13034e-07     1.03909e-11
           1.58     1.13038e-07     1.03892e-11
            1.6     1.13042e-07     1.03876e-11
           1.62     1.13047e-07     1.03859e-11
           1.64     1.13051e-07     1.03844e-11
           1.66     1.13055e-07     1.03826e-11
           1.68     1.13059e-07      1.0381e-11
            1.7     1.13064e-07     1.03794e-11
           1.72     1.13068e-07     1.03779e-11
           1.74     1.13072e-07     1.03762e-11
           1.76     1.13076e-07     1.03749e-11
           1.78      1.1308e-07     1.03734e-11
            1.8     1.13085e-07      1.0372e-11
           1.82     1.13089e-07     1.03704e-11
           1.84     1.13095e-07     1.03691e-11
           1.86       1.131e-07      1.0368e-11
           1.88     1.13106e-07     1.03672e-11
            1.9     1.13114e-07      1.0367e-11
           1.92     1.13124e-07     1.03674e-11
           1.94     1.13137e-07     1.03692e-11
           1.96     1.13155e-07     1.03731e-11
           1.98      1.1318e-07     1.03799e-11
              2     1.13216e-07      1.0391e-11
           2.02     1.13268e-07     1.04084e-11
           2.04     1.13342e-07     1.04349e-11
           2.06     1.13449e-07      1.0474e-11
           2.08       1.136e-07     1.05309e-11
            2.1     1.13809e-07     1.06105e-11
           2.12     1.14096e-07     1.07198e-11
           2.14     1.14485e-07     1.08672e-11
           2.16     1.15003e-07     1.10618e-11
           2.18     1.15679e-07     1.13111e-11
            2.2     1.16547e-07     1.16232e-11
           2.22     1.17639e-07     1.20025e-11
           2.24     1.18992e-07     1.24501e-11
           2.26     1.20642e-07     1.29642e-11
           2.28     1.22609e-07     1.35349e-11
            2.3     1.24915e-07     1.41509e-11
           2.32     1.27564e-07     1.47943e-11
           2.34     1.30554e-07     1.54473e-11
           2.36     1.33875e-07     1.60902e-11
           2.38     1.37474e-07     1.67006e-11
            2.4     1.41305e-07     1.72596e-11
           2.42       1.453e-07     1.77525e-11
           2.44      1.4938e-07     1.81676e-11
           2.46      1.5347e-07     1.84991e-11
           2.48     1.57482e-07      1.8748e-11
            2.5     1.61338e-07     1.89195e-11
           2.52     1.64961e-07     1.90212e-11
           2.54     1.68302e-07     1.90672e-11
           2.56      1.7131e-07     1.90694e-11
           2.58     1.73969e-07     1.90418e-11
            2.6     1.76266e-07     1.89974e-11
           2.62     1.78204e-07     1.89453e-11
           2.64     1.79815e-07     1.88916e-11
           2.66     1.81119e-07     1.88419e-11
           2.68     1.82156e-07     1.87998e-11
            2.7     1.82959e-07     1.87645e-11
           2.72     1.83571e-07     1.87357e-11
           2.74     1.84031e-07     1.87126e-11
           2.76     1.84365e-07     1.86954e-11
           2.78     1.84602e-07      1.8683e-11
            2.8     1.84773e-07     1.86729e-11
           2.82     1.84883e-07     1.86677e-11
           2.84     1.84967e-07     1.86588e-11
           2.86      1.8503e-07     1.86495e-11
           2.88     1.85079e-07     1.86405e-11
            2.9     1.85117e-07     1.86317e-11
           2.92     1.85148e-07     1.86229e-11
           2.94     1.85176e-07     1.86143e-11
           2.96     1.85201e-07     1.86054e-11
           2.98     1.85224e-07     1.85969e-11
              3     1.85245e-07     1.85886e-11
           3.02     1.85266e-07     1.85802e-11
           3.04     1.85286e-07     1.85729e-11
           3.06     1.85303e-07     1.85659e-11
           3.08     1.85321e-07     1.85589e-11
            3.1     1.85338e-07     1.85518e-11
           3.12     1.85357e-07     1.85443e-11
           3.14     1.85375e-07     1.85369e-11
           3.16     1.85394e-07      1.8529e-11
           3.18     1.85413e-07     1.85218e-11
            3.2     1.85431e-07     1.85148e-11
           3.22     1.85446e-07      1.8509e-11
           3.24      1.8546e-07     1.85036e-11
           3.26     1.85471e-07     1.84995e-11
           3.28     1.85479e-07     1.84967e-11
            3.3     1.85485e-07     1.84948e-11
           3.32     1.85488e-07     1.84936e-11
           3.34     1.85492e-07      1.8492e-11
           3.36     1.85499e-07     1.84889e-11
           3.38     1.85509e-07     1.84844e-11
            3.4     1.85522e-07     1.84798e-11
           3.42      1.8553e-07     1.84767e-11
           3.44     1.85546e-07     1.84694e-11
           3.46     1.85568e-07     1.84603e-11
           3.48     1.85593e-07     1.84504e-11
            3.5      1.8562e-07     1.84401e-11
           3.52     1.85647e-07     1.84293e-11
           3.54     1.85675e-07     1.84185e-11
           3.56     1.85703e-07     1.84074e-11
           3.58     1.85733e-07     1.83961e-11
            3.6     1.85762e-07      1.8385e-11
           3.62     1.85791e-07     1.83736e-11
           3.64     1.85821e-07     1.83621e-11
           3.66     1.85851e-07     1.83505e-11
           3.68     1.85882e-07     1.83386e-11
            3.7     1.85913e-07     1.83266e-11
           3.72      1.8594e-07      1.8317e-11
           3.74     1.85968e-07     1.83056e-11
           3.76     1.85999e-07      1.8294e-11
           3.78      1.8603e-07     1.82819e-11
            3.8     1.86063e-07     1.82695e-11
           3.82     1.86095e-07     1.82573e-11
           3.84     1.86126e-07     1.82454e-11
           3.86     1.86159e-07     1.82331e-11
           3.88     1.86193e-07     1.82199e-11
            3.9     1.86225e-07     1.82081e-11
           3.92     1.86256e-07     1.81965e-11
           3.94     1.86288e-07      1.8184e-11
           3.96     1.86322e-07     1.81714e-11
           3.98     1.86355e-07     1.81591e-11
              4     1.86388e-07      1.8147e-11
           4.02      1.8642e-07     1.81351e-11
           4.04     1.86452e-07      1.8123e-11
           4.06     1.86485e-07      1.8111e-11
           4.08     1.86515e-07     1.80999e-11
            4.1     1.86544e-07      1.8089e-11
           4.12     1.86575e-07     1.80774e-11
           4.14     1.86609e-07     1.80648e-11
           4.16     1.86641e-07     1.80529e-11
           4.18     1.86675e-07     1.80405e-11
            4.2     1.86709e-07     1.80278e-11
           4.22     1.86743e-07     1.80157e-11
           4.24     1.86778e-07     1.80027e-11
           4.26     1.86811e-07     1.79906e-11
           4.28     1.86844e-07     1.79786e-11
            4.3     1.86878e-07     1.79661e-11
           4.32     1.86912e-07     1.79541e-11
           4.34     1.86943e-07     1.79428e-11
           4.36     1.86973e-07     1.79319e-11
           4.38     1.86998e-07     1.79245e-11
            4.4     1.87009e-07     1.79211e-11
           4.42     1.87031e-07     1.79113e-11
           4.44     1.87064e-07     1.78988e-11
           4.46     1.87099e-07     1.78864e-11
           4.48     1.87134e-07     1.78738e-11
            4.5      1.8717e-07     1.78604e-11
           4.52     1.87207e-07     1.78477e-11
           4.54     1.87241e-07     1.78353e-11
           4.56     1.87275e-07     1.78236e-11
           4.58     1.87305e-07      1.7814e-11
            4.6     1.87317e-07     1.78115e-11
           4.62     1.87334e-07     1.78035e-11
           4.64     1.87365e-07     1.77916e-11
           4.66     1.87399e-07     1.77796e-11
           4.68     1.87433e-07     1.77678e-11
            4.7     1.87466e-07     1.77564e-11
           4.72     1.87497e-07     1.77455e-11
           4.74     1.87528e-07     1.77347e-11
           4.76     1.87559e-07     1.77237e-11
           4.78     1.87591e-07     1.77125e-11
            4.8     1.87623e-07     1.77015e-11
           4.82     1.87654e-07     1.76908e-11
           4.84     1.87686e-07     1.76792e-11
           4.86     1.87719e-07     1.76681e-11
           4.88     1.87751e-07      1.7657e-11
            4.9     1.87783e-07     1.76459e-11
           4.92     1.87813e-07      1.7636e-11
           4.94     1.87838e-07     1.76281e-11
           4.96     1.87859e-07     1.76218e-11
           4.98     1.87872e-07     1.76184e-11
              5     1.87882e-07     1.76155e-11
           5.02     1.87895e-07     1.76114e-11
           5.04     1.87917e-07     1.76061e-11
           5.06     1.87946e-07     1.76017e-11
           5.08     1.87989e-07     1.76001e-11
            5.1     1.88055e-07     1.76057e-11
           5.12     1.88166e-07     1.76237e-11
           5.14     1.88361e-07     1.76635e-11
           5.16     1.88697e-07      1.7741e-11
           5.18     1.89261e-07     1.78767e-11
            5.2     1.90175e-07     1.80985e-11
           5.22     1.91575e-07     1.84351e-11
           5.24     1.93618e-07     1.89125e-11
           5.26     1.96453e-07     1.95401e-11
           5.28     2.00197e-07      2.0303e-11
            5.3     2.04876e-07      2.1154e-11
           5.32     2.10437e-07     2.20298e-11
           5.34     2.16682e-07     2.28534e-11
           5.36     2.23365e-07     2.35575e-11
           5.38      2.3015e-07     2.41011e-11
            5.4      2.3667e-07     2.44738e-11
           5.42     2.42606e-07       2.469e-11
           5.44     2.47766e-07     2.47893e-11
           5.46     2.51993e-07     2.48138e-11
           5.48     2.55287e-07     2.48003e-11
            5.5     2.57725e-07     2.47712e-11
           5.52     2.59446e-07     2.47389e-11
           5.54     2.60602e-07     2.47097e-11
           5.56     2.61351e-07     2.46826e-11
           5.58     2.61822e-07      2.4657e-11
            5.6     2.62112e-07     2.46317e-11
           5.62     2.62294e-07      2.4607e-11
           5.64     2.62413e-07     2.45826e-11
           5.66     2.62499e-07     2.45575e-11
           5.68     2.62568e-07      2.4532e-11
            5.7     2.62629e-07     2.45065e-11
           5.72     2.62685e-07     2.44815e-11
           5.74      2.6274e-07     2.44568e-11
           5.76     2.62791e-07     2.44329e-11
           5.78      2.6284e-07       2.441e-11
            5.8     2.62889e-07     2.43875e-11
           5.82     2.62936e-07     2.43655e-11
           5.84     2.62979e-07     2.43457e-11
           5.86     2.63018e-07     2.43279e-11
           5.88     2.63051e-07     2.43137e-11
            5.9     2.63071e-07      2.4306e-11
           5.92     2.63075e-07     2.43054e-11
           5.94     2.63075e-07     2.43054e-11
           5.96     2.63075e-07     2.43054e-11
           5.98     2.63075e-07     2.43054e-11
              6     2.63075e-07     2.43054e-11
           6.02     2.63075e-07     2.43054e-11
           6.04     2.63075e-07     2.43054e-11
           6.06     2.63081e-07     2.43012e-11
           6.08     2.63102e-07     2.42906e-11
            6.1     2.63131e-07     2.42767e-11
           6.12     2.63162e-07     2.42623e-11
           6.14     2.63193e-07      2.4248e-11
           6.16     2.63223e-07     2.42341e-11
           6.18     2.63253e-07     2.42208e-11
            6.2     2.63281e-07     2.42082e-11
           6.22      2.6331e-07     2.41943e-11
           6.24     2.63342e-07     2.41793e-11
           6.26     2.63375e-07     2.41644e-11
           6.28     2.63409e-07     2.41487e-11
            6.3     2.63445e-07     2.41323e-11
           6.32      2.6348e-07     2.41156e-11
           6.34     2.63518e-07      2.4098e-11
           6.36     2.63559e-07     2.40794e-11
           6.38     2.63599e-07     2.40611e-11
            6.4      2.6364e-07     2.40423e-11
           6.42     2.63681e-07     2.40237e-11
           6.44     2.63722e-07     2.40046e-11
           6.46     2.63766e-07     2.39841e-11
           6.48      2.6381e-07     2.39639e-11
            6.5     2.63856e-07     2.39429e-11
           6.52     2.63902e-07     2.39217e-11
           6.54     2.63947e-07     2.39013e-11
           6.56     2.63995e-07     2.38788e-11
           6.58     2.64044e-07     2.38564e-11
            6.6     2.64093e-07     2.38343e-11
           6.62     2.64141e-07      2.3812e-11
           6.64     2.64189e-07     2.37904e-11
           6.66     2.64236e-07     2.37691e-11
           6.68      2.6428e-07     2.37494e-11
            6.7     2.64321e-07      2.3731e-11
           6.72      2.6436e-07     2.37132e-11
           6.74     2.64399e-07     2.36954e-11
           6.76     2.64435e-07     2.36795e-11
           6.78      2.6447e-07      2.3664e-11
            6.8     2.64502e-07     2.36493e-11
           6.82     2.64535e-07     2.36348e-11
           6.84     2.64565e-07     2.36214e-11
           6.86     2.64592e-07     2.36093e-11
           6.88     2.64618e-07     2.35977e-11
            6.9     2.64642e-07     2.35872e-11
           6.92     2.64662e-07     2.35785e-11
           6.94     2.64679e-07      2.3571e-11
           6.96     2.64695e-07     2.35644e-11
           6.98     2.64708e-07     2.35587e-11
              7     2.64718e-07     2.35545e-11
           7.02     2.64727e-07     2.35507e-11
           7.04     2.64734e-07     2.35474e-11
           7.06     2.64741e-07     2.35446e-11
           7.08     2.64746e-07     2.35423e-11
            7.1     2.64751e-07     2.35403e-11
           7.12     2.64754e-07     2.35392e-11
           7.14     2.64756e-07     2.35384e-11
           7.16     2.64757e-07     2.35382e-11
           7.18     2.64757e-07     2.35382e-11
            7.2     2.64757e-07     2.35382e-11
           7.22     2.64757e-07     2.35383e-11
           7.24     2.64757e-07     2.35383e-11
           7.26     2.64757e-07     2.35383e-11
           7.28     2.64757e-07     2.35384e-11
            7.3     2.64757e-07     2.35384e-11
           7.32     2.64757e-07     2.35385e-11
           7.34     2.64757e-07     2.35385e-11
           7.36     2.64757e-07     2.35386e-11
           7.38     2.64757e-07     2.35386e-11
            7.4     2.64757e-07     2.35386e-11
           7.42     2.64757e-07     2.35386e-11
           7.44     2.64757e-07     2.35387e-11
           7.46     2.64757e-07     2.35387e-11
           7.48     2.64757e-07     2.35388e-11
            7.5     2.64757e-07     2.35388e-11
           7.52     2.64757e-07     2.35388e-11
           7.54     2.64757e-07     2.35388e-11
           7.56     2.64757e-07     2.35388e-11
           7.58      2.6476e-07     2.35387e-11
            7.6     2.64771e-07     2.35384e-11
           7.62     2.64809e-07     2.35375e-11
           7.64     2.64922e-07     2.35359e-11
           7.66     2.65223e-07     2.35361e-11
           7.68     2.65926e-07     2.35483e-11
            7.7     2.67387e-07     2.35851e-11
           7.72     2.70051e-07     2.36656e-11
           7.74     2.74316e-07     2.37941e-11
           7.76      2.8036e-07      2.3929e-11
           7.78     2.87919e-07     2.39894e-11
            7.8     2.96225e-07     2.38966e-11
           7.82     3.04275e-07     2.36542e-11
           7.84     3.11145e-07     2.33259e-11
           7.86     3.16331e-07     2.30173e-11
           7.88     3.19775e-07     2.27979e-11
            7.9     3.21796e-07     2.26772e-11
           7.92     3.22833e-07     2.26246e-11
           7.94     3.23307e-07     2.26064e-11
           7.96     3.23496e-07      2.2602e-11
           7.98     3.23565e-07     2.26017e-11
              8     3.23586e-07     2.26022e-11
           8.02     3.23591e-07     2.26024e-11
           8.04     3.23593e-07     2.26025e-11
           8.06     3.23593e-07     2.26025e-11
           8.08     3.23593e-07     2.26025e-11
            8.1     3.23593e-07     2.26025e-11
           8.12     3.23593e-07     2.26023e-11
           8.14     3.23593e-07     2.26022e-11
           8.16     3.23594e-07     2.26019e-11
           8.18     3.23594e-07     2.26015e-11
            8.2     3.23595e-07     2.26009e-11
           8.22     3.23597e-07     2.25999e-11
           8.24     3.23598e-07     2.25992e-11
           8.26     3.23599e-07     2.25983e-11
           8.28     3.23601e-07     2.25972e-11
            8.3     3.23602e-07     2.25962e-11
           8.32     3.23604e-07     2.25951e-11
           8.34     3.23606e-07     2.25935e-11
           8.36     3.23608e-07     2.25919e-11
           8.38     3.23611e-07     2.25899e-11
            8.4     3.23614e-07     2.25878e-11
           8.42     3.23618e-07     2.25858e-11
           8.44      3.2362e-07     2.25839e-11
           8.46     3.23623e-07      2.2582e-11
           8.48     3.23626e-07       2.258e-11
            8.5      3.2363e-07     2.25778e-11
           8.52     3.23633e-07     2.25758e-11
           8.54     3.23635e-07     2.25739e-11
           8.56     3.23639e-07     2.25714e-11
           8.58     3.23643e-07     2.25688e-11
            8.6     3.23646e-07     2.25667e-11
           8.62      3.2365e-07     2.25643e-11
           8.64     3.23654e-07     2.25614e-11
           8.66     3.23658e-07     2.25591e-11
           8.68     3.23662e-07     2.25563e-11
            8.7     3.23667e-07      2.2553e-11
           8.72     3.23672e-07     2.25499e-11
           8.74     3.23676e-07     2.25473e-11
           8.76      3.2368e-07     2.25442e-11
           8.78     3.23685e-07     2.25411e-11
            8.8      3.2369e-07     2.25376e-11
           8.82     3.23695e-07     2.25342e-11
           8.84     3.23701e-07     2.25309e-11
           8.86     3.23706e-07     2.25274e-11
           8.88     3.23711e-07     2.25238e-11
            8.9     3.23716e-07     2.25207e-11
           8.92     3.23722e-07     2.25171e-11
           8.94     3.23727e-07     2.25138e-11
           8.96     3.23732e-07     2.25106e-11
           8.98     3.23738e-07      2.2507e-11
              9     3.23743e-07     2.25034e-11
           9.02     3.23749e-07     2.24998e-11
           9.04     3.23754e-07     2.24959e-11
           9.06      3.2376e-07     2.24928e-11
           9.08     3.23764e-07     2.24895e-11
            9.1      3.2377e-07     2.24861e-11
           9.12     3.23776e-07     2.24821e-11
           9.14     3.23781e-07     2.24788e-11
           9.16     3.23786e-07     2.24754e-11
           9.18     3.23792e-07     2.24715e-11
            9.2     3.23798e-07     2.24677e-11
           9.22     3.23804e-07     2.24637e-11
           9.24      3.2381e-07       2.246e-11
           9.26     3.23816e-07     2.24561e-11
           9.28     3.23822e-07     2.24524e-11
            9.3     3.23828e-07     2.24487e-11
           9.32     3.23834e-07      2.2445e-11
           9.34      3.2384e-07     2.24408e-11
           9.36     3.23847e-07     2.24368e-11
           9.38     3.23853e-07     2.24327e-11
            9.4     3.23859e-07     2.24287e-11
           9.42     3.23866e-07     2.24245e-11
           9.44     3.23872e-07     2.24204e-11
           9.46     3.23879e-07     2.24164e-11
           9.48     3.23885e-07     2.24119e-11
            9.5     3.23892e-07     2.24078e-11
           9.52     3.23898e-07     2.24038e-11
           9.54     3.23904e-07     2.23999e-11
           9.56     3.23911e-07     2.23959e-11
           9.58     3.23917e-07     2.23924e-11
            9.6     3.23922e-07     2.23889e-11
           9.62     3.23928e-07     2.23852e-11
           9.64     3.23934e-07     2.23815e-11
           9.66     3.23939e-07     2.23783e-11
           9.68     3.23943e-07     2.23756e-11
            9.7     3.23948e-07     2.23725e-11
           9.72     3.23953e-07     2.23696e-11
           9.74     3.23957e-07     2.23666e-11
           9.76     3.23962e-07      2.2364e-11
           9.78     3.23966e-07     2.23611e-11
            9.8     3.23971e-07     2.23584e-11
           9.82     3.23975e-07      2.2356e-11
           9.84     3.23978e-07      2.2354e-11
           9.86     3.23981e-07     2.23522e-11
           9.88     3.23984e-07     2.23506e-11
            9.9     3.23986e-07     2.23492e-11
           9.92     3.23988e-07     2.23481e-11
           9.94      3.2399e-07     2.23472e-11
           9.96     3.23991e-07     2.23466e-11
           9.98     3.23991e-07     2.23461e-11
             10     3.23992e-07      2.2346e-11
          10.02               0               0
          10.04               0               0
          10.06               0               0
          10.08               0               0
           10.1               0               0
          10.12               0               0
          10.14               0               0
          10.16               0               0
          10.18               0               0
           10.2               0               0
          10.22               0               0
          10.24               0               0
          10.26               0               0
          10.28               0               0
           10.3               0               0
          10.32               0               0
          10.34               0               0
          10.36               0               0
          10.38               0               0
           10.4               0               0
          10.42               0               0
          10.44               0               0
          10.46               0               0
          10.48               0               0
           10.5               0               0
          10.52               0               0
          10.54               0               0
          10.56               0               0
          10.58               0               0
           10.6               0               0
          10.62               0               0
          10.64               0               0
          10.66               0               0
          10.68               0               0
           10.7               0               0
          10.72               0               0
          10.74               0               0
          10.76               0               0
          10.78               0               0
           10.8               0               0
          10.82               0               0
          10.84               0               0
          10.86               0               0
          10.88               0               0
           10.9               0               0
          10.92               0               0
          10.94               0               0
          10.96               0               0
          10.98               0               0
             11               0               0
          11.02               0               0
          11.04               0               0
          11.06               0               0
          11.08               0               0
           11.1               0               0
          11.12               0               0
          11.14               0               0
          11.16               0               0
          11.18               0               0
           11.2               0               0
          11.22               0               0
          11.24               0               0
          11.26               0               0
          11.28               0               0
           11.3               0               0
          11.32               0               0
          11.34               0               0
          11.36               0               0
          11.38               0               0
           11.4               0               0
          11.42               0               0
          11.44               0               0
          11.46               0               0
          11.48               0               0
           11.5               0               0
          11.52               0               0
          11.54               0               0
          11.56               0               0
          11.58               0               0
           11.6               0               0
          11.62               0               0
          11.64               0               0
          11.66               0               0
          11.68               0               0
           11.7               0               0
          11.72               0               0
          11.74               0               0
          11.76               0               0
          11.78               0               0
           11.8               0               0
          11.82               0               0
          11.84               0               0
          11.86               0               0
          11.88               0               0
           11.9               0               0
          11.92               0               0
          11.94               0               0
          11.96               0               0
          11.98               0               0
             12               0               0
          12.02               0               0
          12.04               0               0
          12.06               0               0
          12.08               0               0
           12.1               0               0
          12.12               0               0
          12.14               0               0
          12.16               0               0
          12.18               0               0
           12.2               0               0
          12.22               0               0
          12.24               0               0
          12.26               0               0
          12.28               0               0
           12.3               0               0
          12.32               0               0
          12.34               0               0
          12.36               0               0
          12.38               0               0
           12.4               0               0
          12.42               0               0
          12.44               0               0
          12.46               0               0
          12.48               0               0
           12.5               0               0
          12.52               0               0
          12.54               0               0
          12.56               0               0
          12.58               0               0
           12.6               0               0
          12.62               0               0
          12.64               0               0
          12.66               0               0
          12.68               0               0
           12.7               0               0
          12.72               0               0
          12.74               0               0
          12.76               0               0
          12.78               0               0
           12.8               0               0
          12.82               0               0
          12.84               0               0
          12.86               0               0
          12.88               0               0
           12.9               0               0
          12.92               0               0
          12.94               0               0
          12.96               0               0
          12.98               0               0
             13               0               0
          13.02               0               0
          13.04               0               0
          13.06               0               0
          13.08               0               0
           13.1               0               0
          13.12               0               0
          13.14               0               0
          13.16               0               0
          13.18               0               0
           13.2               0               0
          13.22               0               0
          13.24               0               0
          13.26               0               0
          13.28               0               0
           13.3               0               0
          13.32               0               0
          13.34               0               0
          13.36               0               0
          13.38               0               0
           13.4               0               0
          13.42               0               0
          13.44               0               0
          13.46               0               0
          13.48               0               0
           13.5               0               0
          13.52               0               0
          13.54               0               0
          13.56               0               0
          13.58               0               0
           13.6               0               0
          13.62               0               0
          13.64               0               0
          13.66               0               0
          13.68               0               0
           13.7               0               0
          13.72               0               0
          13.74               0               0
          13.76               0               0
          13.78               0               0
           13.8               0               0
          13.82               0               0
          13.84               0               0
          13.86               0               0
          13.88               0               0
           13.9               0               0
          13.92               0               0
          13.94               0               0
          13.96               0               0
          13.98               0               0
             14               0               0
          14.02               0               0
          14.04               0               0
          14.06               0               0
          14.08               0               0
           14.1               0               0
          14.12               0               0
          14.14               0               0
          14.16               0               0
          14.18               0               0
           14.2               0               0
          14.22               0               0
          14.24               0               0
          14.26               0               0
          14.28               0               0
           14.3               0               0
          14.32               0               0
          14.34               0               0
          14.36               0               0
          14.38               0               0
           14.4               0               0
          14.42               0               0
          14.44               0               0
          14.46               0               0
          14.48               0               0
           14.5               0               0
          14.52               0               0
          14.54               0               0
          14.56               0               0
          14.58               0               0
           14.6               0               0
          14.62               0               0
          14.64               0               0
          14.66               0               0
          14.68               0               0
           14.7               0               0
          14.72               0               0
          14.74               0               0
          14.76               0               0
          14.78               0               0
           14.8               0               0
          14.82               0               0
          14.84               0               0
          14.86               0               0
          14.88               0               0
           14.9               0               0
          14.92               0               0
          14.94               0               0
          14.96               0               0
          14.98               0               0
             15               0               0
          15.02               0               0
          15.04               0               0
          15.06               0               0
          15.08               0               0
           15.1               0               0
          15.12               0               0
          15.14               0               0
          15.16               0               0
          15.18               0               0
           15.2               0               0
          15.22               0               0
          15.24               0               0
          15.26               0               0
          15.28               0               0
           15.3               0               0
          15.32               0               0
          15.34               0               0
          15.36               0               0
          15.38               0               0
           15.4               0               0
          15.42               0               0
          15.44               0               0
          15.46               0               0
          15.48               0               0
           15.5               0               0
          15.52               0               0
          15.54               0               0
          15.56               0               0
          15.58               0               0
           15.6               0               0
          15.62               0               0
          15.64               0               0
          15.66               0               0
          15.68               0               0
           15.7               0               0
          15.72               0               0
          15.74               0               0
          15.76               0               0
          15.78               0               0
           15.8               0               0
          15.82               0               0
          15.84               0               0
          15.86               0               0
          15.88               0               0
           15.9               0               0
          15.92               0               0
          15.94               0               0
          15.96               0               0
          15.98               0               0
             16               0               0
          16.02               0               0
          16.04               0               0
          16.06               0               0
          16.08               0               0
           16.1               0               0
          16.12               0               0
          16.14               0               0
          16.16               0               0
          16.18               0               0
           16.2               0               0
          16.22               0               0
          16.24               0               0
          16.26               0               0
          16.28               0               0
           16.3               0               0
          16.32               0               0
          16.34               0               0
          16.36               0               0
          16.38               0               0
           16.4               0               0
          16.42               0               0
          16.44               0               0
          16.46               0               0
          16.48               0               0
           16.5               0               0
          16.52               0               0
          16.54               0               0
          16.56               0               0
          16.58               0               0
           16.6               0               0
          16.62               0               0
          16.64               0               0
          16.66               0               0
          16.68               0               0
           16.7               0               0
          16.72               0               0
          16.74               0               0
          16.76               0               0
          16.78               0               0
           16.8               0               0
          16.82               0               0
          16.84               0               0
          16.86               0               0
          16.88               0               0
           16.9               0               0
          16.92               0               0
          16.94               0               0
          16.96               0               0
          16.98               0               0
             17               0               0
          17.02               0               0
          17.04               0               0
          17.06               0               0
          17.08               0               0
           17.1               0               0
          17.12               0               0
          17.14               0               0
          17.16               0               0
          17.18               0               0
           17.2               0               0
          17.22               0               0
          17.24               0               0
          17.26               0               0
          17.28               0               0
           17.3               0               0
          17.32               0               0
          17.34               0               0
          17.36               0               0
          17.38               0               0
           17.4               0               0
          17.42               0               0
          17.44               0               0
          17.46               0               0
          17.48               0               0
           17.5               0               0
          17.52               0               0
          17.54               0               0
          17.56               0               0
          17.58               0               0
           17.6               0               0
          17.62               0               0
          17.64               0               0
          17.66               0               0
          17.68               0               0
           17.7               0               0
          17.72               0               0
          17.74               0               0
          17.76               0               0
          17.78               0               0
           17.8               0               0
          17.82               0               0
          17.84               0               0
          17.86               0               0
          17.88               0               0
           17.9               0               0
          17.92               0               0
          17.94               0               0
          17.96               0               0
          17.98               0               0
             18               0               0
          18.02               0               0
          18.04               0               0
          18.06               0               0
          18.08               0               0
           18.1               0               0
          18.12               0               0
          18.14               0               0
          18.16               0               0
          18.18               0               0
           18.2               0               0
          18.22               0               0
          18.24               0               0
          18.26               0               0
          18.28               0               0
           18.3               0               0
          18.32               0               0
          18.34               0               0
          18.36               0               0
          18.38               0               0
           18.4               0               0
          18.42               0               0
          18.44               0               0
          18.46               0               0
          18.48               0               0
           18.5               0               0
          18.52               0               0
          18.54               0               0
          18.56               0               0
          18.58               0               0
           18.6               0               0
          18.62               0               0
          18.64               0               0
          18.66               0               0
          18.68               0               0
           18.7               0               0
          18.72               0               0
          18.74               0               0
          18.76               0               0
          18.78               0               0
           18.8               0               0
          18.82               0               0
          18.84               0               0
          18.86               0               0
          18.88               0               0
           18.9               0               0
          18.92               0               0
          18.94               0               0
          18.96               0               0
          18.98               0               0
             19               0               0
          19.02               0               0
          19.04               0               0
          19.06               0               0
          19.08               0               0
           19.1               0               0
          19.12               0               0
          19.14               0               0
          19.16               0               0
          19.18               0               0
           19.2               0               0
          19.22               0               0
          19.24               0               0
          19.26               0               0
          19.28               0               0
           19.3               0               0
          19.32               0               0
          19.34               0               0
          19.36               0               0
          19.38               0               0
           19.4               0               0
          19.42               0               0
          19.44               0               0
          19.46               0               0
          19.48               0               0
           19.5               0               0
          19.52               0               0
          19.54               0               0
          19.56               0               0
          19.58               0               0
           19.6               0               0
          19.62               0               0
          19.64               0               0
          19.66               0               0
          19.68               0               0
           19.7               0               0
          19.72               0               0
          19.74               0               0
          19.76               0               0
          19.78               0               0
           19.8               0               0
          19.82               0               0
          19.84               0               0
          19.86               0               0
          19.88               0               0
           19.9               0               0
          19.92               0               0
          19.94               0               0
          19.96               0               0
          19.98               0               0
             20               0               0
          20.02               0               0

Source_00  1000  20
              0               0               0
           0.02               0               0
           0.04               0               0
           0.06               0               0
           0.08               0               0
            0.1               0               0
           0.12               0               0
           0.14               0               0
           0.16               0               0
           0.18               0               0
            0.2               0               0
           0.22               0               0
           0.24               0               0
           0.26               0               0
           0.28               0               0
            0.3               0               0
           0.32               0               0
           0.34               0               0
           0.36               0               0
           0.38               0               0
            0.4               0               0
           0.42               0               0
           0.44               0               0
           0.46               0               0
           0.48               0               0
            0.5               0               0
           0.52               0               0
           0.54               0               0
           0.56               0               0
           0.58               0               0
            0.6               0               0
           0.62               0               0
           0.64               0               0
           0.66               0               0
           0.68               0               0
            0.7               0               0
           0.72               0               0
           0.74               0               0
           0.76               0               0
           0.78               0               0
            0.8               0               0
           0.82               0               0
           0.84               0               0
           0.86               0               0
           0.88               0               0
            0.9               0               0
           0.92               0               0
           0.94               0               0
           0.96               0               0
           0.98               0               0
              1               0               0
           1.02               0               0
           1.04               0               0
           1.06               0               0
           1.08               0               0
            1.1               0               0
           1.12               0               0
           1.14               0               0
           1.16               0               0
           1.18               0               0
            1.2               0               0
           1.22               0               0
           1.24               0               0
           1.26               0               0
           1.28               0               0
            1.3               0               0
           1.32               0               0
           1.34               0               0
           1.36               0               0
           1.38               0               0
            1.4               0               0
           1.42               0               0
           1.44               0               0
           1.46               0               0
           1.48               0               0
            1.5               0               0
           1.52               0               0
           1.54               0               0
           1.56               0               0
           1.58               0               0
            1.6               0               0
           1.62               0               0
           1.64               0               0
           1.66               0               0
           1.68               0               0
            1.7               0               0
           1.72               0               0
           1.74               0               0
           1.76               0               0
           1.78               0               0
            1.8               0               0
           1.82               0               0
           1.84               0               0
           1.86               0               0
           1.88               0               0
            1.9               0               0
           1.92               0               0
           1.94               0               0
           1.96               0               0
           1.98               0               0
              2               0               0
           2.02               0               0
           2.04               0               0
           2.06               0               0
           2.08               0               0
            2.1               0               0
           2.12               0               0
           2.14               0               0
           2.16               0               0
           2.18               0               0
            2.2               0               0
           2.22               0               0
           2.24               0               0
           2.26               0               0
           2.28               0               0
            2.3               0               0
           2.32               0               0
           2.34               0               0
           2.36               0               0
           2.38               0               0
            2.4               0               0
           2.42               0               0
           2.44               0               0
           2.46               0               0
           2.48               0               0
            2.5               0               0
           2.52               0               0
           2.54               0               0
           2.56               0               0
           2.58               0               0
            2.6               0               0
           2.62               0               0
           2.64               0               0
           2.66               0               0
           2.68               0               0
            2.7               0               0
           2.72               0               0
           2.74               0               0
           2.76               0               0
           2.78               0               0
            2.8               0               0
           2.82               0               0
           2.84               0               0
           2.86               0               0
           2.88               0               0
            2.9               0               0
           2.92               0               0
           2.94               0               0
           2.96               0               0
           2.98               0               0
              3               0               0
           3.02               0               0
           3.04               0               0
           3.06               0               0
           3.08               0               0
            3.1               0               0
           3.12               0               0
           3.14               0               0
           3.16               0               0
           3.18               0               0
            3.2               0               0
           3.22               0               0
           3.24               0               0
           3.26               0               0
           3.28               0               0
            3.3               0               0
           3.32               0               0
           3.34               0               0
           3.36               0               0
           3.38               0               0
            3.4               0               0
           3.42               0               0
           3.44               0               0
           3.46               0               0
           3.48               0               0
            3.5               0               0
           3.52               0               0
           3.54               0               0
           3.56               0               0
           3.58               0               0
            3.6               0               0
           3.62               0               0
           3.64               0               0
           3.66               0               0
           3.68               0               0
            3.7               0               0
           3.72               0               0
           3.74               0               0
           3.76               0               0
           3.78               0               0
            3.8               0               0
           3.82               0               0
           3.84               0               0
           3.86               0               0
           3.88               0               0
            3.9               0               0
           3.92               0               0
           3.94               0               0
           3.96               0               0
           3.98               0               0
              4               0               0
           4.02               0               0
           4.04               0               0
           4.06               0               0
           4.08               0               0
            4.1               0               0
           4.12               0               0
           4.14               0               0
           4.16               0               0
           4.18               0               0
            4.2               0               0
           4.22               0               0
           4.24               0               0
           4.26               0               0
           4.28               0               0
            4.3               0               0
           4.32               0               0
           4.34               0               0
           4.36               0               0
           4.38               0               0
            4.4               0               0
           4.42               0               0
           4.44               0               0
           4.46               0               0
           4.48               0               0
            4.5               0               0
           4.52               0               0
           4.54               0               0
           4.56               0               0
           4.58               0               0
            4.6               0               0
           4.62               0               0
           4.64               0               0
           4.66               0               0
           4.68               0               0
            4.7               0               0
           4.72               0               0
           4.74               0               0
           4.76               0               0
           4.78               0               0
            4.8               0               0
           4.82               0               0
           4.84               0               0
           4.86               0               0
           4.88               0               0
            4.9               0               0
           4.92               0               0
           4.94               0               0
           4.96               0               0
           4.98               0               0
              5               0               0
           5.02               0               0
           5.04               0               0
           5.06               0               0
           5.08               0               0
            5.1               0               0
           5.12               0               0
           5.14               0               0
           5.16               0               0
           5.18               0               0
            5.2               0               0
           5.22               0               0
           5.24               0               0
           5.26               0               0
           5.28               0               0
            5.3               0               0
           5.32               0               0
           5.34               0               0
           5.36               0               0
           5.38               0               0
            5.4               0               0
           5.42               0               0
           5.44               0               0
           5.46               0               0
           5.48               0               0
            5.5               0               0
           5.52               0               0
           5.54               0               0
           5.56               0               0
           5.58               0               0
            5.6               0               0
           5.62               0               0
           5.64               0               0
           5.66               0               0
           5.68               0               0
            5.7               0               0
           5.72               0               0
           5.74               0               0
           5.76               0               0
           5.78               0               0
            5.8               0               0
           5.82               0               0
           5.84               0               0
           5.86               0               0
           5.88               0               0
            5.9               0               0
           5.92               0               0
           5.94               0               0
           5.96               0               0
           5.98               0               0
              6               0               0
           6.02               0               0
           6.04               0               0
           6.06               0               0
           6.08               0               0
            6.1               0               0
           6.12               0               0
           6.14               0               0
           6.16               0               0
           6.18               0               0
            6.2               0               0
           6.22               0               0
           6.24               0               0
           6.26               0               0
           6.28               0               0
            6.3               0               0
           6.32               0               0
           6.34               0               0
           6.36               0               0
           6.38               0               0
            6.4               0               0
           6.42               0               0
           6.44               0               0
           6.46               0               0
           6.48               0               0
            6.5               0               0
           6.52               0               0
           6.54               0               0
           6.56               0               0
           6.58               0               0
            6.6               0               0
           6.62               0               0
           6.64               0               0
           6.66               0               0
           6.68               0               0
            6.7               0               0
           6.72               0               0
           6.74               0               0
           6.76               0               0
           6.78               0               0
            6.8               0               0
           6.82               0               0
           6.84               0               0
           6.86               0               0
           6.88               0               0
            6.9               0               0
           6.92               0               0
           6.94               0               0
           6.96               0               0
           6.98               0               0
              7               0               0
           7.02               0               0
           7.04               0               0
           7.06               0               0
           7.08               0               0
            7.1               0               0
           7.12               0               0
           7.14               0               0
           7.16               0               0
           7.18               0               0
            7.2               0               0
           7.22               0               0
           7.24               0               0
           7.26               0               0
           7.28               0               0
            7.3               0               0
           7.32               0               0
           7.34               0               0
           7.36               0               0
           7.38               0               0
            7.4               0               0
           7.42               0               0
           7.44               0               0
           7.46               0               0
           7.48               0               0
            7.5               0               0
           7.52               0               0
           7.54               0               0
           7.56               0               0
           7.58               0               0
            7.6               0               0
           7.62               0               0
           7.64               0               0
           7.66               0               0
           7.68               0               0
            7.7               0               0
           7.72               0               0
           7.74               0               0
           7.76               0               0
           7.78               0               0
            7.8               0               0
           7.82               0               0
           7.84               0               0
           7.86               0               0
           7.88               0               0
            7.9               0               0
           7.92               0               0
           7.94               0               0
           7.96               0               0
           7.98               0               0
              8               0               0
           8.02               0               0
           8.04               0               0
           8.06               0               0
           8.08               0               0
            8.1               0               0
           8.12               0               0
           8.14               0               0
           8.16               0               0
           8.18               0               0
            8.2               0               0
           8.22               0               0
           8.24               0               0
           8.26               0               0
           8.28               0               0
            8.3               0               0
           8.32               0               0
           8.34               0               0
           8.36               0               0
           8.38               0               0
            8.4               0               0
           8.42               0               0
           8.44               0               0
           8.46               0               0
           8.48               0               0
            8.5               0               0
           8.52               0               0
           8.54               0               0
           8.56               0               0
           8.58               0               0
            8.6               0               0
           8.62               0               0
           8.64               0               0
           8.66               0               0
           8.68               0               0
            8.7               0               0
           8.72               0               0
           8.74               0               0
           8.76               0               0
           8.78               0               0
            8.8               0               0
           8.82               0               0
           8.84               0               0
           8.86               0               0
           8.88               0               0
            8.9               0               0
           8.92               0               0
           8.94               0               0
           8.96               0               0
           8.98               0               0
              9               0               0
           9.02               0               0
           9.04               0               0
           9.06               0               0
           9.08               0               0
            9.1               0               0
           9.12               0               0
           9.14               0               0
           9.16               0               0
           9.18               0               0
            9.2               0               0
           9.22               0               0
           9.24               0               0
           9.26               0               0
           9.28               0               0
            9.3               0               0
           9.32               0               0
           9.34               0               0
           9.36               0               0
           9.38               0               0
            9.4               0               0
           9.42               0               0
           9.44               0               0
           9.46               0               0
           9.48               0               0
            9.5               0               0
           9.52               0               0
           9.54               0               0
           9.56               0               0
           9.58               0               0
            9.6               0               0
           9.62               0               0
           9.64               0               0
           9.66               0               0
           9.68               0               0
            9.7               0               0
           9.72               0               0
           9.74               0               0
           9.76               0               0
           9.78               0               0
            9.8               0               0
           9.82               0               0
           9.84               0               0
           9.86               0               0
           9.88               0               0
            9.9               0               0
           9.92               0               0
           9.94               0               0
           9.96               0               0
           9.98               0               0
             10               0               0
          10.02               1     0.000316228
          10.04               0               0
          10.06               0               0
          10.08               0               0
           10.1               0               0
          10.12               0               0
          10.14               0               0
          10.16               0               0
          10.18               0               0
           10.2               0               0
          10.22               0               0
          10.24               0               0
          10.26               0               0
          10.28               0               0
           10.3               0               0
          10.32               0               0
          10.34               0               0
          10.36               0               0
          10.38               0               0
           10.4               0               0
          10.42               0               0
          10.44               0               0
          10.46               0               0
          10.48               0               0
           10.5               0               0
          10.52               0               0
          10.54               0               0
          10.56               0               0
          10.58               0               0
           10.6               0               0
          10.62               0               0
          10.64               0               0
          10.66               0               0
          10.68               0               0
           10.7               0               0
          10.72               0               0
          10.74               0               0
          10.76               0               0
          10.78               0               0
           10.8               0               0
          10.82               0               0
          10.84               0               0
          10.86               0               0
          10.88               0               0
           10.9               0               0
          10.92               0               0
          10.94               0               0
          10.96               0               0
          10.98               0               0
             11               0               0
          11.02               0               0
          11.04               0               0
          11.06               0               0
          11.08               0               0
           11.1               0               0
          11.12               0               0
          11.14               0               0
          11.16               0               0
          11.18               0               0
           11.2               0               0
          11.22               0               0
          11.24               0               0
          11.26               0               0
          11.28               0               0
           11.3               0               0
          11.32               0               0
          11.34               0               0
          11.36               0               0
          11.38               0               0
           11.4               0               0
          11.42               0               0
          11.44               0               0
          11.46               0               0
          11.48               0               0
           11.5               0               0
          11.52               0               0
          11.54               0               0
          11.56               0               0
          11.58               0               0
           11.6               0               0
          11.62               0               0
          11.64               0               0
          11.66               0               0
          11.68               0               0
           11.7               0               0
          11.72               0               0
          11.74               0               0
          11.76               0               0
          11.78               0               0
           11.8               0               0
          11.82               0               0
          11.84               0               0
          11.86               0               0
          11.88               0               0
           11.9               0               0
          11.92               0               0
          11.94               0               0
          11.96               0               0
          11.98               0               0
             12               0               0
          12.02               0               0
          12.04               0               0
          12.06               0               0
          12.08               0               0
           12.1               0               0
          12.12               0               0
          12.14               0               0
          12.16               0               0
          12.18               0               0
           12.2               0               0
          12.22               0               0
          12.24               0               0
          12.26               0               0
          12.28               0               0
           12.3               0               0
          12.32               0               0
          12.34               0               0
          12.36               0               0
          12.38               0               0
           12.4               0               0
          12.42               0               0
          12.44               0               0
          12.46               0               0
          12.48               0               0
           12.5               0               0
          12.52               0               0
          12.54               0               0
          12.56               0               0
          12.58               0               0
           12.6               0               0
          12.62               0               0
          12.64               0               0
          12.66               0               0
          12.68               0               0
           12.7               0               0
          12.72               0               0
          12.74               0               0
          12.76               0               0
          12.78               0               0
           12.8               0               0
          12.82               0               0
          12.84               0               0
          12.86               0               0
          12.88               0               0
           12.9               0               0
          12.92               0               0
          12.94               0               0
          12.96               0               0
          12.98               0               0
             13               0               0
          13.02               0               0
          13.04               0               0
          13.06               0               0
          13.08               0               0
           13.1               0               0
          13.12               0               0
          13.14               0               0
          13.16               0               0
          13.18               0               0
           13.2               0               0
          13.22               0               0
          13.24               0               0
          13.26               0               0
          13.28               0               0
           13.3               0               0
          13.32               0               0
          13.34               0               0
          13.36               0               0
          13.38               0               0
           13.4               0               0
          13.42               0               0
          13.44               0               0
          13.46               0               0
          13.48               0               0
           13.5               0               0
          13.52               0               0
          13.54               0               0
          13.56               0               0
          13.58               0               0
           13.6               0               0
          13.62               0               0
          13.64               0               0
          13.66               0               0
          13.68               0               0
           13.7               0               0
          13.72               0               0
          13.74               0               0
          13.76               0               0
          13.78               0               0
           13.8               0               0
          13.82               0               0
          13.84               0               0
          13.86               0               0
          13.88               0               0
           13.9               0               0
          13.92               0               0
          13.94               0               0
          13.96               0               0
          13.98               0               0
             14               0               0
          14.02               0               0
          14.04               0               0
          14.06               0               0
          14.08               0               0
           14.1               0               0
          14.12               0               0
          14.14               0               0
          14.16               0               0
          14.18               0               0
           14.2               0               0
          14.22               0               0
          14.24               0               0
          14.26               0               0
          14.28               0               0
           14.3               0               0
          14.32               0               0
          14.34               0               0
          14.36               0               0
          14.38               0               0
           14.4               0               0
          14.42               0               0
          14.44               0               0
          14.46               0               0
          14.48               0               0
           14.5               0               0
          14.52               0               0
          14.54               0               0
          14.56               0               0
          14.58               0               0
           14.6               0               0
          14.62               0               0
          14.64               0               0
          14.66               0               0
          14.68               0               0
           14.7               0               0
          14.72               0               0
          14.74               0               0
          14.76               0               0
          14.78               0               0
           14.8               0               0
          14.82               0               0
          14.84               0               0
          14.86               0               0
          14.88               0               0
           14.9               0               0
          14.92               0               0
          14.94               0               0
          14.96               0               0
          14.98               0               0
             15               0               0
          15.02               0               0
          15.04               0               0
          15.06               0               0
          15.08               0               0
           15.1               0               0
          15.12               0               0
          15.14               0               0
          15.16               0               0
          15.18               0               0
           15.2               0               0
          15.22               0               0
          15.24               0               0
          15.26               0               0
          15.28               0               0
           15.3               0               0
          15.32               0               0
          15.34               0               0
          15.36               0               0
          15.38               0               0
           15.4               0               0
          15.42               0               0
          15.44               0               0
          15.46               0               0
          15.48               0               0
           15.5               0               0
          15.52               0               0
          15.54               0               0
          15.56               0               0
          15.58               0               0
           15.6               0               0
          15.62               0               0
          15.64               0               0
          15.66               0               0
          15.68               0               0
           15.7               0               0
          15.72               0               0
          15.74               0               0
          15.76               0               0
          15.78               0               0
           15.8               0               0
          15.82               0               0
          15.84               0               0
          15.86               0               0
          15.88               0               0
           15.9               0               0
          15.92               0               0
          15.94               0               0
          15.96               0               0
          15.98               0               0
             16               0               0
          16.02               0               0
          16.04               0               0
          16.06               0               0
          16.08               0               0
           16.1               0               0
          16.12               0               0
          16.14               0               0
          16.16               0               0
          16.18               0               0
           16.2               0               0
          16.22               0               0
          16.24               0               0
          16.26               0               0
          16.28               0               0
           16.3               0               0
          16.32               0               0
          16.34               0               0
          16.36               0               0
          16.38               0               0
           16.4               0               0
          16.42               0               0
          16.44               0               0
          16.46               0               0
          16.48               0               0
           16.5               0               0
          16.52               0               0
          16.54               0               0
          16.56               0               0
          16.58               0               0
           16.6               0               0
          16.62               0               0
          16.64               0               0
          16.66               0               0
          16.68               0               0
           16.7               0               0
          16.72               0               0
          16.74               0               0
          16.76               0               0
          16.78               0               0
           16.8               0               0
          16.82               0               0
          16.84               0               0
          16.86               0               0
          16.88               0               0
           16.9               0               0
          16.92               0               0
          16.94               0               0
          16.96               0               0
          16.98               0               0
             17               0               0
          17.02               0               0
          17.04               0               0
          17.06               0               0
          17.08               0               0
           17.1               0               0
          17.12               0               0
          17.14               0               0
          17.16               0               0
          17.18               0               0
           17.2               0               0
          17.22               0               0
          17.24               0               0
          17.26               0               0
          17.28               0               0
           17.3               0               0
          17.32               0               0
          17.34               0               0
          17.36               0               0
          17.38               0               0
           17.4               0               0
          17.42               0               0
          17.44               0               0
          17.46               0               0
          17.48               0               0
           17.5               0               0
          17.52               0               0
          17.54               0               0
          17.56               0               0
          17.58               0               0
           17.6               0               0
          17.62               0               0
          17.64               0               0
          17.66               0               0
          17.68               0               0
           17.7               0               0
          17.72               0               0
          17.74               0               0
          17.76               0               0
          17.78               0               0
           17.8               0               0
          17.82               0               0
          17.84               0               0
          17.86               0               0
          17.88               0               0
           17.9               0               0
          17.92               0               0
          17.94               0               0
          17.96               0               0
          17.98               0               0
             18               0               0
          18.02               0               0
          18.04               0               0
          18.06               0               0
          18.08               0               0
           18.1               0               0
          18.12               0               0
          18.14               0               0
          18.16               0               0
          18.18               0               0
           18.2               0               0
          18.22               0               0
          18.24               0               0
          18.26               0               0
          18.28               0               0
           18.3               0               0
          18.32               0               0
          18.34               0               0
          18.36               0               0
          18.38               0               0
           18.4               0               0
          18.42               0               0
          18.44               0               0
          18.46               0               0
          18.48               0               0
           18.5               0               0
          18.52               0               0
          18.54               0               0
          18.56               0               0
          18.58               0               0
           18.6               0               0
          18.62               0               0
          18.64               0               0
          18.66               0               0
          18.68               0               0
           18.7               0               0
          18.72               0               0
          18.74               0               0
          18.76               0               0
          18.78               0               0
           18.8               0               0
          18.82               0               0
          18.84               0               0
          18.86               0               0
          18.88               0               0
           18.9               0               0
          18.92               0               0
          18.94               0               0
          18.96               0               0
          18.98               0               0
             19               0               0
          19.02               0               0
          19.04               0               0
          19.06               0               0
          19.08               0               0
           19.1               0               0
          19.12               0               0
          19.14               0               0
          19.16               0               0
          19.18               0               0
           19.2               0               0
          19.22               0               0
          19.24               0               0
          19.26               0               0
          19.28               0               0
           19.3               0               0
          19.32               0               0
          19.34               0               0
          19.36               0               0
          19.38               0               0
           19.4               0               0
          19.42               0               0
          19.44               0               0
          19.46               0               0
          19.48               0               0
           19.5               0               0
          19.52               0               0
          19.54               0               0
          19.56               0               0
          19.58               0               0
           19.6               0               0
          19.62               0               0
          19.64               0               0
          19.66               0               0
          19.68               0               0
           19.7               0               0
          19.72               0               0
          19.74               0               0
          19.76               0               0
          19.78               0               0
           19.8               0               0
          19.82               0               0
          19.84               0               0
          19.86               0               0
          19.88               0               0
           19.9               0               0
          19.92               0               0
          19.94               0               0
          19.96               0               0
          19.98               0               0
             20               0               0
          20.02               0               0

