NSpec_Sample  1000  20
              0     2.22068e-05     4.74183e-08
           0.02     6.74283e-08     2.62073e-09
           0.04     1.25049e-07     3.56856e-09
           0.06     1.54262e-07     3.96206e-09
           0.08     1.80131e-07     4.28168e-09
            0.1     2.01287e-07     4.52486e-09
           0.12     2.15328e-07     4.68007e-09
           0.14     2.26732e-07     4.80144e-09
           0.16     2.41965e-07     4.95995e-09
           0.18     2.40373e-07     4.94291e-09
            0.2     2.47704e-07     5.01681e-09
           0.22     2.48393e-07     5.02358e-09
           0.24     2.56746e-07     5.10655e-09
           0.26     2.65262e-07     5.19041e-09
           0.28     2.58222e-07     5.12075e-09
            0.3     2.55535e-07     5.09357e-09
           0.32     2.66668e-07     5.20301e-09
           0.34      2.6282e-07     5.16542e-09
           0.36     2.67739e-07       5.213e-09
           0.38     2.63882e-07     5.17533e-09
            0.4     2.70108e-07     5.23537e-09
           0.42     2.76336e-07     5.29575e-09
           0.44     2.60274e-07     5.13927e-09
           0.46     2.63563e-07     5.17205e-09
           0.48     2.61463e-07     5.15171e-09
            0.5     2.64937e-07     5.18506e-09
           0.52     2.68872e-07      5.2232e-09
           0.54     2.66047e-07     5.19586e-09
           0.56     2.57123e-07       5.108e-09
           0.58     2.56789e-07     5.10438e-09
            0.6     2.70151e-07     5.23621e-09
           0.62     2.51327e-07     5.04999e-09
           0.64     2.51741e-07     5.05421e-09
           0.66     2.49434e-07     5.03026e-09
           0.68     2.52099e-07     5.05734e-09
            0.7     2.32846e-07     4.86062e-09
           0.72     2.43984e-07     4.97528e-09
           0.74     2.46733e-07     5.00333e-09
           0.76     2.36133e-07     4.89414e-09
           0.78     2.34925e-07     4.88172e-09
            0.8     2.39308e-07     4.92727e-09
           0.82     2.39256e-07     4.92621e-09
           0.84     2.46331e-07     4.99826e-09
           0.86      2.3147e-07     4.84457e-09
           0.88     2.29945e-07     4.82852e-09
            0.9     2.32236e-07      4.8521e-09
           0.92     2.17988e-07     4.70138e-09
           0.94     2.16938e-07     4.68965e-09
           0.96     2.11181e-07     4.62725e-09
           0.98     2.13553e-07      4.6525e-09
              1     2.16038e-07     4.67896e-09
           1.02     2.00892e-07     4.51255e-09
           1.04     2.07141e-07     4.58181e-09
           1.06     2.02198e-07     4.52706e-09
           1.08     2.00683e-07     4.50898e-09
            1.1     1.97968e-07     4.47864e-09
           1.12     1.91868e-07     4.40883e-09
           1.14     1.87727e-07     4.36115e-09
           1.16     1.90335e-07     4.39104e-09
           1.18      1.8844e-07     4.36829e-09
            1.2     1.91302e-07     4.40164e-09
           1.22     1.82459e-07     4.29832e-09
           1.24     1.76074e-07     4.22236e-09
           1.26      1.7886e-07     4.25505e-09
           1.28     1.83589e-07     4.31061e-09
            1.3     1.64315e-07     4.07876e-09
           1.32     1.67561e-07     4.11768e-09
           1.34     1.67081e-07     4.11209e-09
           1.36     1.62371e-07     4.05304e-09
           1.38     1.64591e-07     4.08058e-09
            1.4     1.58973e-07     4.01094e-09
           1.42     1.52215e-07     3.92374e-09
           1.44     1.55683e-07     3.96854e-09
           1.46     1.48751e-07     3.87848e-09
           1.48     1.54702e-07     3.95511e-09
            1.5     1.43557e-07     3.80968e-09
           1.52      1.3992e-07     3.76115e-09
           1.54     1.36054e-07     3.70849e-09
           1.56     1.37636e-07     3.72949e-09
           1.58     1.34003e-07     3.68003e-09
            1.6      1.4055e-07     3.76855e-09
           1.62     1.31327e-07     3.64241e-09
           1.64       1.274e-07     3.58773e-09
           1.66     1.27099e-07     3.58352e-09
           1.68     1.21809e-07     3.50763e-09
            1.7     1.24232e-07     3.54233e-09
           1.72     1.16733e-07     3.43339e-09
           1.74     1.20244e-07     3.48429e-09
           1.76     1.14678e-07     3.40251e-09
           1.78     1.09639e-07     3.32703e-09
            1.8     1.08693e-07     3.31207e-09
           1.82     1.11114e-07     3.34875e-09
           1.84     1.10868e-07     3.34437e-09
           1.86     1.12623e-07     3.37134e-09
           1.88     1.00073e-07     3.17737e-09
            1.9     1.06389e-07     3.27548e-09
           1.92     9.61001e-08     3.11304e-09
           1.94     9.98368e-08     3.17306e-09
           1.96     9.60943e-08     3.11284e-09
           1.98     9.18855e-08     3.04434e-09
              2     8.90052e-08      2.9953e-09
           2.02     9.08136e-08     3.02547e-09
           2.04     8.89978e-08     2.99505e-09
           2.06     8.29386e-08     2.89109e-09
           2.08     8.16282e-08     2.86816e-09
            2.1     8.29338e-08     2.89092e-09
           2.12     7.41565e-08     2.73348e-09
           2.14     7.66295e-08     2.77785e-09
           2.16     7.56603e-08     2.76092e-09
           2.18     7.40106e-08     2.72995e-09
            2.2     6.93824e-08     2.64329e-09
           2.22     7.81283e-08     2.80467e-09
           2.24     7.07704e-08     2.66919e-09
           2.26      7.3873e-08     2.72673e-09
           2.28     6.66506e-08     2.59047e-09
            2.3     6.42218e-08     2.54259e-09
           2.32      6.5704e-08     2.57122e-09
           2.34     6.26049e-08     2.51025e-09
           2.36     6.05606e-08     2.46829e-09
           2.38      5.7738e-08     2.40996e-09
            2.4     6.22668e-08     2.50273e-09
           2.42     5.97473e-08     2.45148e-09
           2.44     5.89279e-08     2.43431e-09
           2.46      5.0865e-08     2.26124e-09
           2.48     5.03941e-08     2.25146e-09
            2.5     5.10698e-08     2.26587e-09
           2.52      4.9555e-08     2.23186e-09
           2.54     4.81475e-08     2.19993e-09
           2.56     4.77419e-08     2.19056e-09
           2.58     4.81403e-08      2.1996e-09
            2.6     4.38021e-08     2.09775e-09
           2.62     4.39006e-08     2.10006e-09
           2.64     4.49003e-08     2.12372e-09
           2.66     4.20949e-08     2.05648e-09
           2.68     4.16865e-08     2.04632e-09
            2.7     3.67665e-08     1.92183e-09
           2.72     3.52403e-08       1.881e-09
           2.74       3.856e-08     1.96777e-09
           2.76     3.54566e-08     1.88718e-09
           2.78     3.16203e-08     1.78161e-09
            2.8     3.18245e-08     1.78745e-09
           2.82     3.17117e-08     1.78393e-09
           2.84     3.21175e-08     1.79543e-09
           2.86     3.19084e-08     1.78934e-09
           2.88     2.88017e-08     1.70012e-09
            2.9     2.84919e-08     1.69069e-09
           2.92     2.69844e-08     1.64527e-09
           2.94     2.93996e-08     1.71755e-09
           2.96     2.61861e-08     1.62088e-09
           2.98     2.38751e-08     1.54759e-09
              3     2.41774e-08     1.55741e-09
           3.02     2.19673e-08     1.48442e-09
           3.04     2.44744e-08     1.56682e-09
           3.06     2.14621e-08     1.46712e-09
           3.08     2.23649e-08     1.49767e-09
            3.1     2.20572e-08      1.4871e-09
           3.12     2.01557e-08     1.42168e-09
           3.14     1.86506e-08     1.36753e-09
           3.16     1.71433e-08     1.31099e-09
           3.18     1.62471e-08     1.27649e-09
            3.2     1.72402e-08     1.31455e-09
           3.22     1.57318e-08     1.25554e-09
           3.24     1.41334e-08     1.19025e-09
           3.26     1.49392e-08     1.22387e-09
           3.28     1.42338e-08     1.19448e-09
            3.3     1.15241e-08     1.07463e-09
           3.32     1.04233e-08     1.02209e-09
           3.34     1.07221e-08     1.03654e-09
           3.36     9.92163e-09     9.97162e-10
           3.38     8.61716e-09     9.29213e-10
            3.4     9.72151e-09     9.87071e-10
           3.42      7.5141e-09     8.67655e-10
           3.44     6.21199e-09     7.88925e-10
           3.46     6.31307e-09     7.95372e-10
           3.48     6.91142e-09     8.32038e-10
            3.5     4.90837e-09     7.01196e-10
           3.52     6.31007e-09     7.94994e-10
           3.54     5.71286e-09     7.56688e-10
           3.56     4.90907e-09     7.01296e-10
           3.58     2.20437e-09     4.69973e-10
            3.6     3.30601e-09     5.75503e-10
           3.62     2.90461e-09     5.39373e-10
           3.64     3.60551e-09     6.00919e-10
           3.66     2.00488e-09     4.48306e-10
           3.68     1.80335e-09     4.25054e-10
            3.7     1.80387e-09     4.25176e-10
           3.72     9.01481e-10     3.00494e-10
           3.74     9.01349e-10      3.0045e-10
           3.76     8.01261e-10     2.83289e-10
           3.78     1.20166e-09      3.4689e-10
            3.8      5.0065e-10     2.23898e-10
           3.82     8.01308e-10     2.83305e-10
           3.84     3.00057e-10     1.73238e-10
           3.86     1.00172e-10     1.00172e-10
           3.88     3.00441e-10      1.7346e-10
            3.9     1.00089e-10     1.00089e-10
           3.92     4.00193e-10     2.00097e-10
           3.94      4.0017e-10     2.00085e-10
           3.96               0               0
           3.98     1.00103e-10     1.00103e-10
              4      1.0002e-10      1.0002e-10
           4.02               0               0
           4.04               0               0
           4.06               0               0
           4.08               0               0
            4.1               0               0
           4.12               0               0
           4.14               0               0
           4.16               0               0
           4.18               0               0
            4.2               0               0
           4.22               0               0
           4.24               0               0
           4.26               0               0
           4.28               0               0
            4.3               0               0
           4.32               0               0
           4.34               0               0
           4.36               0               0
           4.38               0               0
            4.4               0               0
           4.42               0               0
           4.44               0               0
           4.46               0               0
           4.48               0               0
            4.5               0               0
           4.52               0               0
           4.54               0               0
           4.56               0               0
           4.58               0               0
            4.6               0               0
           4.62               0               0
           4.64               0               0
           4.66               0               0
           4.68               0               0
            4.7               0               0
           4.72               0               0
           4.74               0               0
           4.76               0               0
           4.78               0               0
            4.8               0               0
           4.82               0               0
           4.84               0               0
           4.86               0               0
           4.88               0               0
            4.9               0               0
           4.92               0               0
           4.94               0               0
           4.96               0               0
           4.98               0               0
              5               0               0
           5.02               0               0
           5.04               0               0
           5.06               0               0
           5.08               0               0
            5.1               0               0
           5.12               0               0
           5.14               0               0
           5.16               0               0
           5.18               0               0
            5.2               0               0
           5.22               0               0
           5.24               0               0
           5.26               0               0
           5.28               0               0
            5.3               0               0
           5.32               0               0
           5.34               0               0
           5.36               0               0
           5.38               0               0
            5.4               0               0
           5.42               0               0
           5.44               0               0
           5.46               0               0
           5.48               0               0
            5.5               0               0
           5.52               0               0
           5.54               0               0
           5.56               0               0
           5.58               0               0
            5.6               0               0
           5.62               0               0
           5.64               0               0
           5.66               0               0
           5.68               0               0
            5.7               0               0
           5.72               0               0
           5.74               0               0
           5.76               0               0
           5.78               0               0
            5.8               0               0
           5.82               0               0
           5.84               0               0
           5.86               0               0
           5.88               0               0
            5.9               0               0
           5.92               0               0
           5.94               0               0
           5.96               0               0
           5.98               0               0
              6               0               0
           6.02               0               0
           6.04               0               0
           6.06               0               0
           6.08               0               0
            6.1               0               0
           6.12               0               0
           6.14               0               0
           6.16               0               0
           6.18               0               0
            6.2               0               0
           6.22               0               0
           6.24               0               0
           6.26               0               0
           6.28               0               0
            6.3               0               0
           6.32               0               0
           6.34               0               0
           6.36               0               0
           6.38               0               0
            6.4               0               0
           6.42               0               0
           6.44               0               0
           6.46               0               0
           6.48               0               0
            6.5               0               0
           6.52               0               0
           6.54               0               0
           6.56               0               0
           6.58               0               0
            6.6               0               0
           6.62               0               0
           6.64               0               0
           6.66               0               0
           6.68               0               0
            6.7               0               0
           6.72               0               0
           6.74               0               0
           6.76               0               0
           6.78               0               0
            6.8               0               0
           6.82               0               0
           6.84               0               0
           6.86               0               0
           6.88               0               0
            6.9               0               0
           6.92               0               0
           6.94               0               0
           6.96               0               0
           6.98               0               0
              7               0               0
           7.02               0               0
           7.04               0               0
           7.06               0               0
           7.08               0               0
            7.1               0               0
           7.12               0               0
           7.14               0               0
           7.16               0               0
           7.18               0               0
            7.2               0               0
           7.22               0               0
           7.24               0               0
           7.26               0               0
           7.28               0               0
            7.3               0               0
           7.32               0               0
           7.34               0               0
           7.36               0               0
           7.38               0               0
            7.4               0               0
           7.42               0               0
           7.44               0               0
           7.46               0               0
           7.48               0               0
            7.5               0               0
           7.52               0               0
           7.54               0               0
           7.56               0               0
           7.58               0               0
            7.6               0               0
           7.62               0               0
           7.64               0               0
           7.66               0               0
           7.68               0               0
            7.7               0               0
           7.72               0               0
           7.74               0               0
           7.76               0               0
           7.78               0               0
            7.8               0               0
           7.82               0               0
           7.84               0               0
           7.86               0               0
           7.88               0               0
            7.9               0               0
           7.92               0               0
           7.94               0               0
           7.96               0               0
           7.98               0               0
              8               0               0
           8.02               0               0
           8.04               0               0
           8.06               0               0
           8.08               0               0
            8.1               0               0
           8.12               0               0
           8.14               0               0
           8.16               0               0
           8.18               0               0
            8.2               0               0
           8.22               0               0
           8.24               0               0
           8.26               0               0
           8.28               0               0
            8.3               0               0
           8.32               0               0
           8.34               0               0
           8.36               0               0
           8.38               0               0
            8.4               0               0
           8.42               0               0
           8.44               0               0
           8.46               0               0
           8.48               0               0
            8.5               0               0
           8.52               0               0
           8.54               0               0
           8.56               0               0
           8.58               0               0
            8.6               0               0
           8.62               0               0
           8.64               0               0
           8.66               0               0
           8.68               0               0
            8.7               0               0
           8.72               0               0
           8.74               0               0
           8.76               0               0
           8.78               0               0
            8.8               0               0
           8.82               0               0
           8.84               0               0
           8.86               0               0
           8.88               0               0
            8.9               0               0
           8.92               0               0
           8.94               0               0
           8.96               0               0
           8.98               0               0
              9               0               0
           9.02               0               0
           9.04               0               0
           9.06               0               0
           9.08               0               0
            9.1               0               0
           9.12               0               0
           9.14               0               0
           9.16               0               0
           9.18               0               0
            9.2               0               0
           9.22               0               0
           9.24               0               0
           9.26               0               0
           9.28               0               0
            9.3               0               0
           9.32               0               0
           9.34               0               0
           9.36               0               0
           9.38               0               0
            9.4               0               0
           9.42               0               0
           9.44               0               0
           9.46               0               0
           9.48               0               0
            9.5               0               0
           9.52               0               0
           9.54               0               0
           9.56               0               0
           9.58               0               0
            9.6               0               0
           9.62               0               0
           9.64               0               0
           9.66               0               0
           9.68               0               0
            9.7               0               0
           9.72               0               0
           9.74               0               0
           9.76               0               0
           9.78               0               0
            9.8               0               0
           9.82               0               0
           9.84               0               0
           9.86               0               0
           9.88               0               0
            9.9               0               0
           9.92               0               0
           9.94               0               0
           9.96               0               0
           9.98               0               0
             10               0               0
          10.02               0               0
          10.04               0               0
          10.06               0               0
          10.08               0               0
           10.1               0               0
          10.12               0               0
          10.14               0               0
          10.16               0               0
          10.18               0               0
           10.2               0               0
          10.22               0               0
          10.24               0               0
          10.26               0               0
          10.28               0               0
           10.3               0               0
          10.32               0               0
          10.34               0               0
          10.36               0               0
          10.38               0               0
           10.4               0               0
          10.42               0               0
          10.44               0               0
          10.46               0               0
          10.48               0               0
           10.5               0               0
          10.52               0               0
          10.54               0               0
          10.56               0               0
          10.58               0               0
           10.6               0               0
          10.62               0               0
          10.64               0               0
          10.66               0               0
          10.68               0               0
           10.7               0               0
          10.72               0               0
          10.74               0               0
          10.76               0               0
          10.78               0               0
           10.8               0               0
          10.82               0               0
          10.84               0               0
          10.86               0               0
          10.88               0               0
           10.9               0               0
          10.92               0               0
          10.94               0               0
          10.96               0               0
          10.98               0               0
             11               0               0
          11.02               0               0
          11.04               0               0
          11.06               0               0
          11.08               0               0
           11.1               0               0
          11.12               0               0
          11.14               0               0
          11.16               0               0
          11.18               0               0
           11.2               0               0
          11.22               0               0
          11.24               0               0
          11.26               0               0
          11.28               0               0
           11.3               0               0
          11.32               0               0
          11.34               0               0
          11.36               0               0
          11.38               0               0
           11.4               0               0
          11.42               0               0
          11.44               0               0
          11.46               0               0
          11.48               0               0
           11.5               0               0
          11.52               0               0
          11.54               0               0
          11.56               0               0
          11.58               0               0
           11.6               0               0
          11.62               0               0
          11.64               0               0
          11.66               0               0
          11.68               0               0
           11.7               0               0
          11.72               0               0
          11.74               0               0
          11.76               0               0
          11.78               0               0
           11.8               0               0
          11.82               0               0
          11.84               0               0
          11.86               0               0
          11.88               0               0
           11.9               0               0
          11.92               0               0
          11.94               0               0
          11.96               0               0
          11.98               0               0
             12               0               0
          12.02               0               0
          12.04               0               0
          12.06               0               0
          12.08               0               0
           12.1               0               0
          12.12               0               0
          12.14               0               0
          12.16               0               0
          12.18               0               0
           12.2               0               0
          12.22               0               0
          12.24               0               0
          12.26               0               0
          12.28               0               0
           12.3               0               0
          12.32               0               0
          12.34               0               0
          12.36               0               0
          12.38               0               0
           12.4               0               0
          12.42               0               0
          12.44               0               0
          12.46               0               0
          12.48               0               0
           12.5               0               0
          12.52               0               0
          12.54               0               0
          12.56               0               0
          12.58               0               0
           12.6               0               0
          12.62               0               0
          12.64               0               0
          12.66               0               0
          12.68               0               0
           12.7               0               0
          12.72               0               0
          12.74               0               0
          12.76               0               0
          12.78               0               0
           12.8               0               0
          12.82               0               0
          12.84               0               0
          12.86               0               0
          12.88               0               0
           12.9               0               0
          12.92               0               0
          12.94               0               0
          12.96               0               0
          12.98               0               0
             13               0               0
          13.02               0               0
          13.04               0               0
          13.06               0               0
          13.08               0               0
           13.1               0               0
          13.12               0               0
          13.14               0               0
          13.16               0               0
          13.18               0               0
           13.2               0               0
          13.22               0               0
          13.24               0               0
          13.26               0               0
          13.28               0               0
           13.3               0               0
          13.32               0               0
          13.34               0               0
          13.36               0               0
          13.38               0               0
           13.4               0               0
          13.42               0               0
          13.44               0               0
          13.46               0               0
          13.48               0               0
           13.5               0               0
          13.52               0               0
          13.54               0               0
          13.56               0               0
          13.58               0               0
           13.6               0               0
          13.62               0               0
          13.64               0               0
          13.66               0               0
          13.68               0               0
           13.7               0               0
          13.72               0               0
          13.74               0               0
          13.76               0               0
          13.78               0               0
           13.8               0               0
          13.82               0               0
          13.84               0               0
          13.86               0               0
          13.88               0               0
           13.9               0               0
          13.92               0               0
          13.94               0               0
          13.96               0               0
          13.98               0               0
             14               0               0
          14.02               0               0
          14.04               0               0
          14.06               0               0
          14.08               0               0
           14.1               0               0
          14.12               0               0
          14.14               0               0
          14.16               0               0
          14.18               0               0
           14.2               0               0
          14.22               0               0
          14.24               0               0
          14.26               0               0
          14.28               0               0
           14.3               0               0
          14.32               0               0
          14.34               0               0
          14.36               0               0
          14.38               0               0
           14.4               0               0
          14.42               0               0
          14.44               0               0
          14.46               0               0
          14.48               0               0
           14.5               0               0
          14.52               0               0
          14.54               0               0
          14.56               0               0
          14.58               0               0
           14.6               0               0
          14.62               0               0
          14.64               0               0
          14.66               0               0
          14.68               0               0
           14.7               0               0
          14.72               0               0
          14.74               0               0
          14.76               0               0
          14.78               0               0
           14.8               0               0
          14.82               0               0
          14.84               0               0
          14.86               0               0
          14.88               0               0
           14.9               0               0
          14.92               0               0
          14.94               0               0
          14.96               0               0
          14.98               0               0
             15               0               0
          15.02               0               0
          15.04               0               0
          15.06               0               0
          15.08               0               0
           15.1               0               0
          15.12               0               0
          15.14               0               0
          15.16               0               0
          15.18               0               0
           15.2               0               0
          15.22               0               0
          15.24               0               0
          15.26               0               0
          15.28               0               0
           15.3               0               0
          15.32               0               0
          15.34               0               0
          15.36               0               0
          15.38               0               0
           15.4               0               0
          15.42               0               0
          15.44               0               0
          15.46               0               0
          15.48               0               0
           15.5               0               0
          15.52               0               0
          15.54               0               0
          15.56               0               0
          15.58               0               0
           15.6               0               0
          15.62               0               0
          15.64               0               0
          15.66               0               0
          15.68               0               0
           15.7               0               0
          15.72               0               0
          15.74               0               0
          15.76               0               0
          15.78               0               0
           15.8               0               0
          15.82               0               0
          15.84               0               0
          15.86               0               0
          15.88               0               0
           15.9               0               0
          15.92               0               0
          15.94               0               0
          15.96               0               0
          15.98               0               0
             16               0               0
          16.02               0               0
          16.04               0               0
          16.06               0               0
          16.08               0               0
           16.1               0               0
          16.12               0               0
          16.14               0               0
          16.16               0               0
          16.18               0               0
           16.2               0               0
          16.22               0               0
          16.24               0               0
          16.26               0               0
          16.28               0               0
           16.3               0               0
          16.32               0               0
          16.34               0               0
          16.36               0               0
          16.38               0               0
           16.4               0               0
          16.42               0               0
          16.44               0               0
          16.46               0               0
          16.48               0               0
           16.5               0               0
          16.52               0               0
          16.54               0               0
          16.56               0               0
          16.58               0               0
           16.6               0               0
          16.62               0               0
          16.64               0               0
          16.66               0               0
          16.68               0               0
           16.7               0               0
          16.72               0               0
          16.74               0               0
          16.76               0               0
          16.78               0               0
           16.8               0               0
          16.82               0               0
          16.84               0               0
          16.86               0               0
          16.88               0               0
           16.9               0               0
          16.92               0               0
          16.94               0               0
          16.96               0               0
          16.98               0               0
             17               0               0
          17.02               0               0
          17.04               0               0
          17.06               0               0
          17.08               0               0
           17.1               0               0
          17.12               0               0
          17.14               0               0
          17.16               0               0
          17.18               0               0
           17.2               0               0
          17.22               0               0
          17.24               0               0
          17.26               0               0
          17.28               0               0
           17.3               0               0
          17.32               0               0
          17.34               0               0
          17.36               0               0
          17.38               0               0
           17.4               0               0
          17.42               0               0
          17.44               0               0
          17.46               0               0
          17.48               0               0
           17.5               0               0
          17.52               0               0
          17.54               0               0
          17.56               0               0
          17.58               0               0
           17.6               0               0
          17.62               0               0
          17.64               0               0
          17.66               0               0
          17.68               0               0
           17.7               0               0
          17.72               0               0
          17.74               0               0
          17.76               0               0
          17.78               0               0
           17.8               0               0
          17.82               0               0
          17.84               0               0
          17.86               0               0
          17.88               0               0
           17.9               0               0
          17.92               0               0
          17.94               0               0
          17.96               0               0
          17.98               0               0
             18               0               0
          18.02               0               0
          18.04               0               0
          18.06               0               0
          18.08               0               0
           18.1               0               0
          18.12               0               0
          18.14               0               0
          18.16               0               0
          18.18               0               0
           18.2               0               0
          18.22               0               0
          18.24               0               0
          18.26               0               0
          18.28               0               0
           18.3               0               0
          18.32               0               0
          18.34               0               0
          18.36               0               0
          18.38               0               0
           18.4               0               0
          18.42               0               0
          18.44               0               0
          18.46               0               0
          18.48               0               0
           18.5               0               0
          18.52               0               0
          18.54               0               0
          18.56               0               0
          18.58               0               0
           18.6               0               0
          18.62               0               0
          18.64               0               0
          18.66               0               0
          18.68               0               0
           18.7               0               0
          18.72               0               0
          18.74               0               0
          18.76               0               0
          18.78               0               0
           18.8               0               0
          18.82               0               0
          18.84               0               0
          18.86               0               0
          18.88               0               0
           18.9               0               0
          18.92               0               0
          18.94               0               0
          18.96               0               0
          18.98               0               0
             19               0               0
          19.02               0               0
          19.04               0               0
          19.06               0               0
          19.08               0               0
           19.1               0               0
          19.12               0               0
          19.14               0               0
          19.16               0               0
          19.18               0               0
           19.2               0               0
          19.22               0               0
          19.24               0               0
          19.26               0               0
          19.28               0               0
           19.3               0               0
          19.32               0               0
          19.34               0               0
          19.36               0               0
          19.38               0               0
           19.4               0               0
          19.42               0               0
          19.44               0               0
          19.46               0               0
          19.48               0               0
           19.5               0               0
          19.52               0               0
          19.54               0               0
          19.56               0               0
          19.58               0               0
           19.6               0               0
          19.62               0               0
          19.64               0               0
          19.66               0               0
          19.68               0               0
           19.7               0               0
          19.72               0               0
          19.74               0               0
          19.76               0               0
          19.78               0               0
           19.8               0               0
          19.82               0               0
          19.84               0               0
          19.86               0               0
          19.88               0               0
           19.9               0               0
          19.92               0               0
          19.94               0               0
          19.96               0               0
          19.98               0               0
             20               0               0
          20.02               0               0

AFlux_Sample  1000  20
              0               0               0
           0.02     1.24044e-07     1.69858e-11
           0.04     1.21324e-07     1.39085e-11
           0.06     1.19523e-07     1.23832e-11
           0.08     1.18034e-07     1.13379e-11
            0.1     1.16701e-07     1.05277e-11
           0.12      1.1548e-07     9.86652e-12
           0.14      1.1434e-07     9.30765e-12
           0.16     1.13268e-07     8.82394e-12
           0.18     1.12256e-07     8.39954e-12
            0.2     1.11298e-07     8.02199e-12
           0.22     1.10388e-07     7.68271e-12
           0.24     1.09533e-07     7.37895e-12
           0.26     1.08728e-07     7.10459e-12
           0.28     1.07977e-07      6.8579e-12
            0.3     1.07285e-07     6.63829e-12
           0.32     1.06652e-07     6.44356e-12
           0.34     1.06082e-07     6.27317e-12
           0.36     1.05577e-07      6.1264e-12
           0.38     1.05137e-07     6.00199e-12
            0.4     1.04765e-07     5.89984e-12
           0.42      1.0446e-07     5.81869e-12
           0.44     1.04223e-07      5.7578e-12
           0.46     1.04054e-07     5.71603e-12
           0.48     1.03953e-07     5.69194e-12
            0.5     1.03917e-07      5.6839e-12
           0.52     1.03945e-07     5.69003e-12
           0.54     1.04033e-07     5.70826e-12
           0.56     1.04179e-07     5.73658e-12
           0.58     1.04378e-07     5.77311e-12
            0.6     1.04626e-07     5.81548e-12
           0.62     1.04918e-07     5.86199e-12
           0.64     1.05249e-07       5.911e-12
           0.66     1.05613e-07     5.96077e-12
           0.68     1.06007e-07     6.01014e-12
            0.7     1.06425e-07     6.05816e-12
           0.72     1.06861e-07     6.10357e-12
           0.74     1.07311e-07     6.14608e-12
           0.76     1.07769e-07      6.1852e-12
           0.78     1.08232e-07     6.22046e-12
            0.8     1.08694e-07     6.25185e-12
           0.82      1.0915e-07     6.27954e-12
           0.84     1.09598e-07     6.30324e-12
           0.86     1.10034e-07     6.32361e-12
           0.88     1.10455e-07     6.34089e-12
            0.9     1.10859e-07     6.35503e-12
           0.92     1.11246e-07     6.36698e-12
           0.94     1.11611e-07      6.3767e-12
           0.96     1.11957e-07     6.38472e-12
           0.98      1.1228e-07     6.39134e-12
              1     1.12579e-07     6.39688e-12
           1.02     1.12857e-07     6.40141e-12
           1.04     1.13112e-07     6.40551e-12
           1.06     1.13347e-07       6.409e-12
           1.08     1.13561e-07     6.41229e-12
            1.1     1.13754e-07     6.41546e-12
           1.12     1.13929e-07     6.41837e-12
           1.14     1.14085e-07     6.42151e-12
           1.16     1.14224e-07     6.42435e-12
           1.18     1.14348e-07     6.42731e-12
            1.2     1.14457e-07     6.43022e-12
           1.22     1.14554e-07     6.43303e-12
           1.24     1.14639e-07     6.43587e-12
           1.26     1.14713e-07     6.43874e-12
           1.28     1.14777e-07     6.44143e-12
            1.3     1.14832e-07     6.44402e-12
           1.32     1.14879e-07     6.44652e-12
           1.34     1.14919e-07     6.44883e-12
           1.36     1.14953e-07     6.45096e-12
           1.38     1.14982e-07     6.45296e-12
            1.4     1.15007e-07     6.45481e-12
           1.42     1.15028e-07     6.45648e-12
           1.44     1.15045e-07       6.458e-12
           1.46     1.15059e-07     6.45933e-12
           1.48     1.15071e-07     6.46061e-12
            1.5     1.15081e-07     6.46163e-12
           1.52     1.15089e-07     6.46261e-12
           1.54     1.15095e-07     6.46345e-12
           1.56       1.151e-07      6.4641e-12
           1.58     1.15105e-07     6.46465e-12
            1.6     1.15109e-07     6.46523e-12
           1.62     1.15112e-07     6.46569e-12
           1.64     1.15114e-07     6.46609e-12
           1.66     1.15116e-07     6.46643e-12
           1.68     1.15117e-07     6.46666e-12
            1.7     1.15118e-07     6.46688e-12
           1.72      1.1512e-07     6.46709e-12
           1.74      1.1512e-07     6.46723e-12
           1.76     1.15121e-07     6.46735e-12
           1.78     1.15122e-07     6.46745e-12
            1.8     1.15122e-07     6.46757e-12
           1.82     1.15123e-07     6.46767e-12
           1.84     1.15123e-07      6.4677e-12
           1.86     1.15123e-07     6.46775e-12
           1.88     1.15123e-07     6.46782e-12
            1.9     1.15124e-07     6.46788e-12
           1.92     1.15124e-07     6.46794e-12
           1.94     1.15124e-07     6.46803e-12
           1.96     1.15124e-07     6.46808e-12
           1.98     1.15125e-07      6.4681e-12
              2     1.15125e-07     6.46814e-12
           2.02     1.15125e-07     6.46819e-12
           2.04     1.15125e-07     6.46824e-12
           2.06     1.15125e-07     6.46828e-12
           2.08     1.15126e-07     6.46831e-12
            2.1     1.15126e-07     6.46838e-12
           2.12     1.15126e-07     6.46842e-12
           2.14     1.15126e-07     6.46848e-12
           2.16     1.15126e-07      6.4685e-12
           2.18     1.15127e-07     6.46855e-12
            2.2     1.15127e-07     6.46863e-12
           2.22     1.15127e-07     6.46867e-12
           2.24     1.15127e-07     6.46871e-12
           2.26     1.15127e-07     6.46877e-12
           2.28     1.15128e-07     6.46882e-12
            2.3     1.15128e-07     6.46888e-12
           2.32     1.15128e-07     6.46893e-12
           2.34     1.15128e-07     6.46898e-12
           2.36     1.15129e-07     6.46904e-12
           2.38     1.15129e-07     6.46913e-12
            2.4     1.15129e-07     6.46919e-12
           2.42     1.15129e-07     6.46924e-12
           2.44     1.15129e-07     6.46932e-12
           2.46     1.15129e-07     6.46938e-12
           2.48      1.1513e-07     6.46945e-12
            2.5      1.1513e-07     6.46951e-12
           2.52      1.1513e-07      6.4696e-12
           2.54      1.1513e-07     6.46969e-12
           2.56     1.15131e-07     6.46977e-12
           2.58     1.15131e-07     6.46985e-12
            2.6     1.15131e-07     6.46993e-12
           2.62     1.15131e-07     6.46999e-12
           2.64     1.15131e-07     6.47008e-12
           2.66     1.15132e-07     6.47016e-12
           2.68     1.15132e-07     6.47024e-12
            2.7     1.15132e-07     6.47033e-12
           2.72     1.15132e-07     6.47043e-12
           2.74     1.15132e-07     6.47055e-12
           2.76     1.15133e-07     6.47065e-12
           2.78     1.15133e-07     6.47073e-12
            2.8     1.15133e-07     6.47081e-12
           2.82     1.15133e-07     6.47089e-12
           2.84     1.15133e-07     6.47101e-12
           2.86     1.15134e-07     6.47117e-12
           2.88     1.15134e-07      6.4713e-12
            2.9     1.15134e-07     6.47142e-12
           2.92     1.15134e-07     6.47154e-12
           2.94     1.15135e-07     6.47166e-12
           2.96     1.15135e-07     6.47177e-12
           2.98     1.15135e-07     6.47187e-12
              3     1.15135e-07     6.47197e-12
           3.02     1.15135e-07     6.47206e-12
           3.04     1.15136e-07     6.47219e-12
           3.06     1.15136e-07      6.4723e-12
           3.08     1.15136e-07      6.4724e-12
            3.1     1.15136e-07      6.4725e-12
           3.12     1.15136e-07     6.47263e-12
           3.14     1.15137e-07     6.47271e-12
           3.16     1.15137e-07     6.47285e-12
           3.18     1.15137e-07     6.47302e-12
            3.2     1.15137e-07     6.47314e-12
           3.22     1.15138e-07      6.4733e-12
           3.24     1.15138e-07     6.47339e-12
           3.26     1.15138e-07     6.47349e-12
           3.28     1.15138e-07     6.47364e-12
            3.3     1.15138e-07     6.47375e-12
           3.32     1.15139e-07      6.4739e-12
           3.34     1.15139e-07     6.47402e-12
           3.36     1.15139e-07     6.47412e-12
           3.38     1.15139e-07     6.47422e-12
            3.4     1.15139e-07      6.4744e-12
           3.42      1.1514e-07     6.47454e-12
           3.44      1.1514e-07     6.47465e-12
           3.46      1.1514e-07     6.47476e-12
           3.48      1.1514e-07     6.47487e-12
            3.5      1.1514e-07     6.47503e-12
           3.52      1.1514e-07     6.47522e-12
           3.54     1.15141e-07     6.47535e-12
           3.56     1.15141e-07     6.47553e-12
           3.58     1.15141e-07     6.47571e-12
            3.6     1.15141e-07     6.47587e-12
           3.62     1.15141e-07     6.47598e-12
           3.64     1.15142e-07     6.47611e-12
           3.66     1.15142e-07     6.47627e-12
           3.68     1.15142e-07     6.47642e-12
            3.7     1.15142e-07     6.47658e-12
           3.72     1.15142e-07     6.47671e-12
           3.74     1.15142e-07     6.47686e-12
           3.76     1.15143e-07     6.47703e-12
           3.78     1.15143e-07     6.47718e-12
            3.8     1.15143e-07     6.47733e-12
           3.82     1.15143e-07     6.47745e-12
           3.84     1.15143e-07     6.47762e-12
           3.86     1.15144e-07      6.4778e-12
           3.88     1.15144e-07     6.47798e-12
            3.9     1.15144e-07     6.47819e-12
           3.92     1.15145e-07     6.47844e-12
           3.94     1.15145e-07      6.4788e-12
           3.96     1.15146e-07     6.47938e-12
           3.98     1.15149e-07     6.48055e-12
              4     1.15153e-07     6.48264e-12
           4.02     1.15161e-07     6.48668e-12
           4.04     1.15177e-07     6.49438e-12
           4.06     1.15205e-07     6.50848e-12
           4.08     1.15255e-07     6.53398e-12
            4.1     1.15342e-07     6.57889e-12
           4.12     1.15484e-07     6.65283e-12
           4.14     1.15713e-07      6.7722e-12
           4.16     1.16071e-07     6.95655e-12
           4.18     1.16613e-07     7.23048e-12
            4.2     1.17406e-07     7.61372e-12
           4.22     1.18536e-07     8.12619e-12
           4.24      1.2009e-07     8.77564e-12
           4.26     1.22154e-07      9.5492e-12
           4.28     1.24815e-07     1.04243e-11
            4.3     1.28143e-07     1.13622e-11
           4.32      1.3216e-07      1.2313e-11
           4.34      1.3685e-07     1.32158e-11
           4.36     1.42157e-07     1.40139e-11
           4.38     1.47979e-07     1.46599e-11
            4.4     1.54133e-07     1.51103e-11
           4.42      1.6044e-07     1.53435e-11
           4.44     1.66699e-07     1.53574e-11
           4.46     1.72691e-07     1.51713e-11
           4.48     1.78251e-07     1.48175e-11
            4.5     1.83237e-07      1.4347e-11
           4.52     1.87559e-07     1.38119e-11
           4.54     1.91189e-07     1.32659e-11
           4.56     1.94143e-07     1.27527e-11
           4.58      1.9645e-07     1.23078e-11
            4.6     1.98202e-07     1.19417e-11
           4.62     1.99491e-07     1.16601e-11
           4.64       2.004e-07     1.14553e-11
           4.66     2.01025e-07     1.13124e-11
           4.68     2.01442e-07     1.12163e-11
            4.7     2.01711e-07     1.11535e-11
           4.72      2.0188e-07     1.11124e-11
           4.74     2.01988e-07     1.10847e-11
           4.76     2.02054e-07     1.10662e-11
           4.78     2.02095e-07     1.10521e-11
            4.8     2.02121e-07     1.10411e-11
           4.82     2.02139e-07     1.10315e-11
           4.84     2.02154e-07     1.10217e-11
           4.86     2.02167e-07     1.10122e-11
           4.88     2.02179e-07     1.10033e-11
            4.9     2.02189e-07     1.09947e-11
           4.92       2.022e-07     1.09855e-11
           4.94      2.0221e-07     1.09773e-11
           4.96     2.02219e-07     1.09692e-11
           4.98     2.02231e-07     1.09596e-11
              5     2.02241e-07     1.09507e-11
           5.02     2.02251e-07     1.09424e-11
           5.04     2.02262e-07     1.09332e-11
           5.06     2.02272e-07     1.09248e-11
           5.08     2.02283e-07     1.09157e-11
            5.1     2.02293e-07     1.09067e-11
           5.12     2.02304e-07     1.08977e-11
           5.14     2.02315e-07     1.08885e-11
           5.16     2.02326e-07     1.08793e-11
           5.18     2.02336e-07     1.08705e-11
            5.2     2.02347e-07     1.08616e-11
           5.22     2.02357e-07     1.08526e-11
           5.24     2.02368e-07     1.08434e-11
           5.26     2.02379e-07     1.08345e-11
           5.28      2.0239e-07     1.08252e-11
            5.3       2.024e-07     1.08161e-11
           5.32     2.02412e-07     1.08066e-11
           5.34     2.02423e-07     1.07975e-11
           5.36     2.02434e-07     1.07879e-11
           5.38     2.02445e-07     1.07786e-11
            5.4     2.02456e-07     1.07694e-11
           5.42     2.02467e-07     1.07599e-11
           5.44     2.02479e-07     1.07504e-11
           5.46     2.02489e-07     1.07412e-11
           5.48       2.025e-07      1.0732e-11
            5.5     2.02512e-07     1.07221e-11
           5.52     2.02524e-07     1.07122e-11
           5.54     2.02535e-07     1.07024e-11
           5.56     2.02547e-07     1.06931e-11
           5.58     2.02558e-07     1.06832e-11
            5.6     2.02569e-07      1.0674e-11
           5.62     2.02582e-07     1.06633e-11
           5.64     2.02593e-07     1.06537e-11
           5.66     2.02605e-07     1.06444e-11
           5.68     2.02616e-07     1.06349e-11
            5.7     2.02628e-07     1.06249e-11
           5.72     2.02639e-07     1.06153e-11
           5.74     2.02651e-07     1.06056e-11
           5.76     2.02663e-07     1.05956e-11
           5.78     2.02674e-07     1.05858e-11
            5.8     2.02686e-07     1.05759e-11
           5.82     2.02698e-07     1.05656e-11
           5.84     2.02711e-07     1.05554e-11
           5.86     2.02723e-07     1.05453e-11
           5.88     2.02734e-07     1.05356e-11
            5.9     2.02746e-07     1.05253e-11
           5.92     2.02759e-07     1.05148e-11
           5.94     2.02771e-07     1.05044e-11
           5.96     2.02785e-07     1.04929e-11
           5.98     2.02798e-07     1.04818e-11
              6     2.02811e-07     1.04715e-11
           6.02     2.02824e-07     1.04604e-11
           6.04     2.02837e-07     1.04496e-11
           6.06      2.0285e-07     1.04385e-11
           6.08     2.02863e-07     1.04275e-11
            6.1     2.02877e-07     1.04159e-11
           6.12      2.0289e-07     1.04051e-11
           6.14     2.02903e-07     1.03943e-11
           6.16     2.02916e-07     1.03835e-11
           6.18     2.02929e-07     1.03723e-11
            6.2     2.02942e-07     1.03611e-11
           6.22     2.02955e-07     1.03501e-11
           6.24     2.02969e-07     1.03392e-11
           6.26     2.02981e-07     1.03284e-11
           6.28     2.02995e-07     1.03175e-11
            6.3     2.03008e-07     1.03061e-11
           6.32     2.03021e-07     1.02953e-11
           6.34     2.03035e-07     1.02838e-11
           6.36     2.03048e-07     1.02726e-11
           6.38     2.03061e-07     1.02618e-11
            6.4     2.03075e-07     1.02499e-11
           6.42     2.03089e-07     1.02386e-11
           6.44     2.03102e-07     1.02271e-11
           6.46     2.03116e-07     1.02156e-11
           6.48      2.0313e-07      1.0204e-11
            6.5     2.03144e-07     1.01929e-11
           6.52     2.03157e-07     1.01819e-11
           6.54      2.0317e-07     1.01711e-11
           6.56     2.03183e-07     1.01601e-11
           6.58     2.03196e-07     1.01492e-11
            6.6     2.03209e-07     1.01384e-11
           6.62     2.03222e-07     1.01271e-11
           6.64     2.03236e-07     1.01158e-11
           6.66      2.0325e-07      1.0104e-11
           6.68     2.03263e-07     1.00926e-11
            6.7     2.03277e-07     1.00813e-11
           6.72      2.0329e-07     1.00702e-11
           6.74     2.03303e-07     1.00591e-11
           6.76     2.03317e-07     1.00473e-11
           6.78     2.03332e-07     1.00351e-11
            6.8     2.03346e-07     1.00236e-11
           6.82      2.0336e-07      1.0012e-11
           6.84     2.03373e-07     1.00017e-11
           6.86     2.03385e-07      9.9919e-12
           6.88     2.03395e-07     9.98324e-12
            6.9     2.03405e-07     9.97522e-12
           6.92     2.03414e-07     9.96817e-12
           6.94     2.03422e-07     9.96105e-12
           6.96     2.03431e-07     9.95417e-12
           6.98     2.03439e-07     9.94755e-12
              7     2.03446e-07     9.94145e-12
           7.02     2.03454e-07     9.93511e-12
           7.04     2.03461e-07     9.92945e-12
           7.06     2.03467e-07     9.92415e-12
           7.08     2.03474e-07     9.91875e-12
            7.1     2.03481e-07     9.91392e-12
           7.12     2.03487e-07        9.91e-12
           7.14     2.03497e-07     9.90695e-12
           7.16     2.03516e-07     9.90528e-12
           7.18     2.03559e-07     9.90859e-12
            7.2     2.03658e-07     9.92343e-12
           7.22      2.0388e-07      9.9649e-12
           7.24     2.04342e-07     1.00604e-11
           7.26      2.0522e-07     1.02498e-11
           7.28     2.06755e-07     1.05787e-11
            7.3      2.0922e-07     1.10773e-11
           7.32     2.12843e-07     1.17271e-11
           7.34     2.17716e-07     1.24461e-11
           7.36     2.23712e-07     1.31052e-11
           7.38     2.30467e-07     1.35756e-11
            7.4     2.37433e-07     1.37827e-11
           7.42     2.44022e-07     1.37341e-11
           7.44     2.49714e-07     1.35061e-11
           7.46     2.54219e-07     1.32082e-11
           7.48     2.57482e-07     1.29292e-11
            7.5     2.59652e-07     1.27173e-11
           7.52     2.60976e-07     1.25777e-11
           7.54     2.61723e-07     1.24941e-11
           7.56     2.62112e-07     1.24441e-11
           7.58     2.62305e-07      1.2409e-11
            7.6     2.62404e-07     1.23787e-11
           7.62     2.62459e-07     1.23515e-11
           7.64     2.62495e-07     1.23259e-11
           7.66     2.62523e-07     1.23008e-11
           7.68     2.62547e-07     1.22767e-11
            7.7     2.62571e-07     1.22522e-11
           7.72     2.62594e-07     1.22282e-11
           7.74     2.62618e-07     1.22037e-11
           7.76     2.62641e-07     1.21801e-11
           7.78     2.62665e-07     1.21555e-11
            7.8     2.62688e-07      1.2132e-11
           7.82      2.6271e-07     1.21088e-11
           7.84     2.62732e-07     1.20863e-11
           7.86     2.62755e-07     1.20618e-11
           7.88     2.62778e-07     1.20381e-11
            7.9       2.628e-07     1.20154e-11
           7.92      2.6282e-07     1.19946e-11
           7.94     2.62841e-07      1.1973e-11
           7.96     2.62861e-07     1.19524e-11
           7.98      2.6288e-07     1.19317e-11
              8     2.62901e-07     1.19095e-11
           8.02     2.62923e-07     1.18872e-11
           8.04     2.62944e-07     1.18649e-11
           8.06     2.62965e-07     1.18433e-11
           8.08     2.62986e-07     1.18213e-11
            8.1     2.63007e-07     1.17994e-11
           8.12     2.63028e-07     1.17768e-11
           8.14     2.63048e-07     1.17557e-11
           8.16     2.63067e-07     1.17358e-11
           8.18     2.63087e-07      1.1715e-11
            8.2     2.63106e-07     1.16941e-11
           8.22     2.63126e-07     1.16739e-11
           8.24     2.63144e-07     1.16552e-11
           8.26     2.63161e-07     1.16369e-11
           8.28     2.63179e-07     1.16175e-11
            8.3     2.63197e-07     1.15982e-11
           8.32     2.63215e-07     1.15784e-11
           8.34     2.63233e-07       1.156e-11
           8.36      2.6325e-07     1.15412e-11
           8.38     2.63268e-07      1.1522e-11
            8.4     2.63285e-07      1.1504e-11
           8.42     2.63302e-07     1.14859e-11
           8.44     2.63319e-07     1.14683e-11
           8.46     2.63334e-07      1.1452e-11
           8.48     2.63349e-07     1.14357e-11
            8.5     2.63364e-07     1.14202e-11
           8.52     2.63379e-07     1.14042e-11
           8.54     2.63393e-07     1.13887e-11
           8.56     2.63408e-07     1.13733e-11
           8.58     2.63422e-07     1.13584e-11
            8.6     2.63435e-07     1.13444e-11
           8.62     2.63448e-07     1.13305e-11
           8.64      2.6346e-07     1.13174e-11
           8.66     2.63472e-07     1.13042e-11
           8.68     2.63484e-07     1.12912e-11
            8.7     2.63496e-07     1.12788e-11
           8.72     2.63507e-07     1.12669e-11
           8.74     2.63517e-07     1.12561e-11
           8.76     2.63527e-07     1.12459e-11
           8.78     2.63536e-07     1.12361e-11
            8.8     2.63545e-07     1.12263e-11
           8.82     2.63554e-07     1.12166e-11
           8.84     2.63562e-07     1.12081e-11
           8.86     2.63569e-07     1.12006e-11
           8.88     2.63576e-07     1.11933e-11
            8.9     2.63583e-07     1.11863e-11
           8.92     2.63589e-07     1.11793e-11
           8.94     2.63595e-07     1.11731e-11
           8.96     2.63601e-07     1.11671e-11
           8.98     2.63606e-07     1.11615e-11
              9     2.63611e-07     1.11562e-11
           9.02     2.63615e-07     1.11523e-11
           9.04     2.63618e-07     1.11483e-11
           9.06     2.63622e-07     1.11444e-11
           9.08     2.63625e-07     1.11412e-11
            9.1     2.63628e-07     1.11383e-11
           9.12      2.6363e-07     1.11357e-11
           9.14     2.63632e-07     1.11338e-11
           9.16     2.63634e-07     1.11314e-11
           9.18     2.63636e-07     1.11294e-11
            9.2     2.63638e-07     1.11277e-11
           9.22     2.63639e-07     1.11265e-11
           9.24      2.6364e-07     1.11251e-11
           9.26     2.63641e-07     1.11241e-11
           9.28     2.63642e-07      1.1123e-11
            9.3     2.63643e-07     1.11223e-11
           9.32     2.63644e-07     1.11217e-11
           9.34     2.63644e-07     1.11208e-11
           9.36     2.63645e-07     1.11197e-11
           9.38     2.63646e-07     1.11187e-11
            9.4     2.63647e-07      1.1118e-11
           9.42     2.63648e-07     1.11172e-11
           9.44     2.63648e-07     1.11165e-11
           9.46     2.63649e-07     1.11157e-11
           9.48      2.6365e-07     1.11147e-11
            9.5     2.63651e-07     1.11134e-11
           9.52     2.63653e-07      1.1112e-11
           9.54     2.63654e-07     1.11105e-11
           9.56     2.63656e-07     1.11086e-11
           9.58     2.63658e-07     1.11065e-11
            9.6      2.6366e-07     1.11044e-11
           9.62     2.63662e-07     1.11022e-11
           9.64     2.63664e-07        1.11e-11
           9.66     2.63666e-07     1.10977e-11
           9.68     2.63668e-07     1.10956e-11
            9.7      2.6367e-07     1.10931e-11
           9.72     2.63673e-07     1.10906e-11
           9.74     2.63675e-07     1.10878e-11
           9.76     2.63678e-07     1.10854e-11
           9.78      2.6368e-07      1.1083e-11
            9.8     2.63683e-07     1.10797e-11
           9.82     2.63686e-07     1.10771e-11
           9.84     2.63688e-07     1.10751e-11
           9.86      2.6369e-07     1.10729e-11
           9.88     2.63692e-07     1.10707e-11
            9.9     2.63694e-07     1.10692e-11
           9.92     2.63695e-07     1.10678e-11
           9.94     2.63696e-07     1.10669e-11
           9.96     2.63697e-07     1.10662e-11
           9.98     2.63697e-07     1.10658e-11
             10     2.63698e-07     1.10656e-11
          10.02               0               0
          10.04               0               0
          10.06               0               0
          10.08               0               0
           10.1               0               0
          10.12               0               0
          10.14               0               0
          10.16               0               0
          10.18               0               0
           10.2               0               0
          10.22               0               0
          10.24               0               0
          10.26               0               0
          10.28               0               0
           10.3               0               0
          10.32               0               0
          10.34               0               0
          10.36               0               0
          10.38               0               0
           10.4               0               0
          10.42               0               0
          10.44               0               0
          10.46               0               0
          10.48               0               0
           10.5               0               0
          10.52               0               0
          10.54               0               0
          10.56               0               0
          10.58               0               0
           10.6               0               0
          10.62               0               0
          10.64               0               0
          10.66               0               0
          10.68               0               0
           10.7               0               0
          10.72               0               0
          10.74               0               0
          10.76               0               0
          10.78               0               0
           10.8               0               0
          10.82               0               0
          10.84               0               0
          10.86               0               0
          10.88               0               0
           10.9               0               0
          10.92               0               0
          10.94               0               0
          10.96               0               0
          10.98               0               0
             11               0               0
          11.02               0               0
          11.04               0               0
          11.06               0               0
          11.08               0               0
           11.1               0               0
          11.12               0               0
          11.14               0               0
          11.16               0               0
          11.18               0               0
           11.2               0               0
          11.22               0               0
          11.24               0               0
          11.26               0               0
          11.28               0               0
           11.3               0               0
          11.32               0               0
          11.34               0               0
          11.36               0               0
          11.38               0               0
           11.4               0               0
          11.42               0               0
          11.44               0               0
          11.46               0               0
          11.48               0               0
           11.5               0               0
          11.52               0               0
          11.54               0               0
          11.56               0               0
          11.58               0               0
           11.6               0               0
          11.62               0               0
          11.64               0               0
          11.66               0               0
          11.68               0               0
           11.7               0               0
          11.72               0               0
          11.74               0               0
          11.76               0               0
          11.78               0               0
           11.8               0               0
          11.82               0               0
          11.84               0               0
          11.86               0               0
          11.88               0               0
           11.9               0               0
          11.92               0               0
          11.94               0               0
          11.96               0               0
          11.98               0               0
             12               0               0
          12.02               0               0
          12.04               0               0
          12.06               0               0
          12.08               0               0
           12.1               0               0
          12.12               0               0
          12.14               0               0
          12.16               0               0
          12.18               0               0
           12.2               0               0
          12.22               0               0
          12.24               0               0
          12.26               0               0
          12.28               0               0
           12.3               0               0
          12.32               0               0
          12.34               0               0
          12.36               0               0
          12.38               0               0
           12.4               0               0
          12.42               0               0
          12.44               0               0
          12.46               0               0
          12.48               0               0
           12.5               0               0
          12.52               0               0
          12.54               0               0
          12.56               0               0
          12.58               0               0
           12.6               0               0
          12.62               0               0
          12.64               0               0
          12.66               0               0
          12.68               0               0
           12.7               0               0
          12.72               0               0
          12.74               0               0
          12.76               0               0
          12.78               0               0
           12.8               0               0
          12.82               0               0
          12.84               0               0
          12.86               0               0
          12.88               0               0
           12.9               0               0
          12.92               0               0
          12.94               0               0
          12.96               0               0
          12.98               0               0
             13               0               0
          13.02               0               0
          13.04               0               0
          13.06               0               0
          13.08               0               0
           13.1               0               0
          13.12               0               0
          13.14               0               0
          13.16               0               0
          13.18               0               0
           13.2               0               0
          13.22               0               0
          13.24               0               0
          13.26               0               0
          13.28               0               0
           13.3               0               0
          13.32               0               0
          13.34               0               0
          13.36               0               0
          13.38               0               0
           13.4               0               0
          13.42               0               0
          13.44               0               0
          13.46               0               0
          13.48               0               0
           13.5               0               0
          13.52               0               0
          13.54               0               0
          13.56               0               0
          13.58               0               0
           13.6               0               0
          13.62               0               0
          13.64               0               0
          13.66               0               0
          13.68               0               0
           13.7               0               0
          13.72               0               0
          13.74               0               0
          13.76               0               0
          13.78               0               0
           13.8               0               0
          13.82               0               0
          13.84               0               0
          13.86               0               0
          13.88               0               0
           13.9               0               0
          13.92               0               0
          13.94               0               0
          13.96               0               0
          13.98               0               0
             14               0               0
          14.02               0               0
          14.04               0               0
          14.06               0               0
          14.08               0               0
           14.1               0               0
          14.12               0               0
          14.14               0               0
          14.16               0               0
          14.18               0               0
           14.2               0               0
          14.22               0               0
          14.24               0               0
          14.26               0               0
          14.28               0               0
           14.3               0               0
          14.32               0               0
          14.34               0               0
          14.36               0               0
          14.38               0               0
           14.4               0               0
          14.42               0               0
          14.44               0               0
          14.46               0               0
          14.48               0               0
           14.5               0               0
          14.52               0               0
          14.54               0               0
          14.56               0               0
          14.58               0               0
           14.6               0               0
          14.62               0               0
          14.64               0               0
          14.66               0               0
          14.68               0               0
           14.7               0               0
          14.72               0               0
          14.74               0               0
          14.76               0               0
          14.78               0               0
           14.8               0               0
          14.82               0               0
          14.84               0               0
          14.86               0               0
          14.88               0               0
           14.9               0               0
          14.92               0               0
          14.94               0               0
          14.96               0               0
          14.98               0               0
             15               0               0
          15.02               0               0
          15.04               0               0
          15.06               0               0
          15.08               0               0
           15.1               0               0
          15.12               0               0
          15.14               0               0
          15.16               0               0
          15.18               0               0
           15.2               0               0
          15.22               0               0
          15.24               0               0
          15.26               0               0
          15.28               0               0
           15.3               0               0
          15.32               0               0
          15.34               0               0
          15.36               0               0
          15.38               0               0
           15.4               0               0
          15.42               0               0
          15.44               0               0
          15.46               0               0
          15.48               0               0
           15.5               0               0
          15.52               0               0
          15.54               0               0
          15.56               0               0
          15.58               0               0
           15.6               0               0
          15.62               0               0
          15.64               0               0
          15.66               0               0
          15.68               0               0
           15.7               0               0
          15.72               0               0
          15.74               0               0
          15.76               0               0
          15.78               0               0
           15.8               0               0
          15.82               0               0
          15.84               0               0
          15.86               0               0
          15.88               0               0
           15.9               0               0
          15.92               0               0
          15.94               0               0
          15.96               0               0
          15.98               0               0
             16               0               0
          16.02               0               0
          16.04               0               0
          16.06               0               0
          16.08               0               0
           16.1               0               0
          16.12               0               0
          16.14               0               0
          16.16               0               0
          16.18               0               0
           16.2               0               0
          16.22               0               0
          16.24               0               0
          16.26               0               0
          16.28               0               0
           16.3               0               0
          16.32               0               0
          16.34               0               0
          16.36               0               0
          16.38               0               0
           16.4               0               0
          16.42               0               0
          16.44               0               0
          16.46               0               0
          16.48               0               0
           16.5               0               0
          16.52               0               0
          16.54               0               0
          16.56               0               0
          16.58               0               0
           16.6               0               0
          16.62               0               0
          16.64               0               0
          16.66               0               0
          16.68               0               0
           16.7               0               0
          16.72               0               0
          16.74               0               0
          16.76               0               0
          16.78               0               0
           16.8               0               0
          16.82               0               0
          16.84               0               0
          16.86               0               0
          16.88               0               0
           16.9               0               0
          16.92               0               0
          16.94               0               0
          16.96               0               0
          16.98               0               0
             17               0               0
          17.02               0               0
          17.04               0               0
          17.06               0               0
          17.08               0               0
           17.1               0               0
          17.12               0               0
          17.14               0               0
          17.16               0               0
          17.18               0               0
           17.2               0               0
          17.22               0               0
          17.24               0               0
          17.26               0               0
          17.28               0               0
           17.3               0               0
          17.32               0               0
          17.34               0               0
          17.36               0               0
          17.38               0               0
           17.4               0               0
          17.42               0               0
          17.44               0               0
          17.46               0               0
          17.48               0               0
           17.5               0               0
          17.52               0               0
          17.54               0               0
          17.56               0               0
          17.58               0               0
           17.6               0               0
          17.62               0               0
          17.64               0               0
          17.66               0               0
          17.68               0               0
           17.7               0               0
          17.72               0               0
          17.74               0               0
          17.76               0               0
          17.78               0               0
           17.8               0               0
          17.82               0               0
          17.84               0               0
          17.86               0               0
          17.88               0               0
           17.9               0               0
          17.92               0               0
          17.94               0               0
          17.96               0               0
          17.98               0               0
             18               0               0
          18.02               0               0
          18.04               0               0
          18.06               0               0
          18.08               0               0
           18.1               0               0
          18.12               0               0
          18.14               0               0
          18.16               0               0
          18.18               0               0
           18.2               0               0
          18.22               0               0
          18.24               0               0
          18.26               0               0
          18.28               0               0
           18.3               0               0
          18.32               0               0
          18.34               0               0
          18.36               0               0
          18.38               0               0
           18.4               0               0
          18.42               0               0
          18.44               0               0
          18.46               0               0
          18.48               0               0
           18.5               0               0
          18.52               0               0
          18.54               0               0
          18.56               0               0
          18.58               0               0
           18.6               0               0
          18.62               0               0
          18.64               0               0
          18.66               0               0
          18.68               0               0
           18.7               0               0
          18.72               0               0
          18.74               0               0
          18.76               0               0
          18.78               0               0
           18.8               0               0
          18.82               0               0
          18.84               0               0
          18.86               0               0
          18.88               0               0
           18.9               0               0
          18.92               0               0
          18.94               0               0
          18.96               0               0
          18.98               0               0
             19               0               0
          19.02               0               0
          19.04               0               0
          19.06               0               0
          19.08               0               0
           19.1               0               0
          19.12               0               0
          19.14               0               0
          19.16               0               0
          19.18               0               0
           19.2               0               0
          19.22               0               0
          19.24               0               0
          19.26               0               0
          19.28               0               0
           19.3               0               0
          19.32               0               0
          19.34               0               0
          19.36               0               0
          19.38               0               0
           19.4               0               0
          19.42               0               0
          19.44               0               0
          19.46               0               0
          19.48               0               0
           19.5               0               0
          19.52               0               0
          19.54               0               0
          19.56               0               0
          19.58               0               0
           19.6               0               0
          19.62               0               0
          19.64               0               0
          19.66               0               0
          19.68               0               0
           19.7               0               0
          19.72               0               0
          19.74               0               0
          19.76               0               0
          19.78               0               0
           19.8               0               0
          19.82               0               0
          19.84               0               0
          19.86               0               0
          19.88               0               0
           19.9               0               0
          19.92               0               0
          19.94               0               0
          19.96               0               0
          19.98               0               0
             20               0               0
          20.02               0               0

Source_00  1000  20
              0               0               0
           0.02               0               0
           0.04               0               0
           0.06               0               0
           0.08               0               0
            0.1               0               0
           0.12               0               0
           0.14               0               0
           0.16               0               0
           0.18               0               0
            0.2               0               0
           0.22               0               0
           0.24               0               0
           0.26               0               0
           0.28               0               0
            0.3               0               0
           0.32               0               0
           0.34               0               0
           0.36               0               0
           0.38               0               0
            0.4               0               0
           0.42               0               0
           0.44               0               0
           0.46               0               0
           0.48               0               0
            0.5               0               0
           0.52               0               0
           0.54               0               0
           0.56               0               0
           0.58               0               0
            0.6               0               0
           0.62               0               0
           0.64               0               0
           0.66               0               0
           0.68               0               0
            0.7               0               0
           0.72               0               0
           0.74               0               0
           0.76               0               0
           0.78               0               0
            0.8               0               0
           0.82               0               0
           0.84               0               0
           0.86               0               0
           0.88               0               0
            0.9               0               0
           0.92               0               0
           0.94               0               0
           0.96               0               0
           0.98               0               0
              1               0               0
           1.02               0               0
           1.04               0               0
           1.06               0               0
           1.08               0               0
            1.1               0               0
           1.12               0               0
           1.14               0               0
           1.16               0               0
           1.18               0               0
            1.2               0               0
           1.22               0               0
           1.24               0               0
           1.26               0               0
           1.28               0               0
            1.3               0               0
           1.32               0               0
           1.34               0               0
           1.36               0               0
           1.38               0               0
            1.4               0               0
           1.42               0               0
           1.44               0               0
           1.46               0               0
           1.48               0               0
            1.5               0               0
           1.52               0               0
           1.54               0               0
           1.56               0               0
           1.58               0               0
            1.6               0               0
           1.62               0               0
           1.64               0               0
           1.66               0               0
           1.68               0               0
            1.7               0               0
           1.72               0               0
           1.74               0               0
           1.76               0               0
           1.78               0               0
            1.8               0               0
           1.82               0               0
           1.84               0               0
           1.86               0               0
           1.88               0               0
            1.9               0               0
           1.92               0               0
           1.94               0               0
           1.96               0               0
           1.98               0               0
              2               0               0
           2.02               0               0
           2.04               0               0
           2.06               0               0
           2.08               0               0
            2.1               0               0
           2.12               0               0
           2.14               0               0
           2.16               0               0
           2.18               0               0
            2.2               0               0
           2.22               0               0
           2.24               0               0
           2.26               0               0
           2.28               0               0
            2.3               0               0
           2.32               0               0
           2.34               0               0
           2.36               0               0
           2.38               0               0
            2.4               0               0
           2.42               0               0
           2.44               0               0
           2.46               0               0
           2.48               0               0
            2.5               0               0
           2.52               0               0
           2.54               0               0
           2.56               0               0
           2.58               0               0
            2.6               0               0
           2.62               0               0
           2.64               0               0
           2.66               0               0
           2.68               0               0
            2.7               0               0
           2.72               0               0
           2.74               0               0
           2.76               0               0
           2.78               0               0
            2.8               0               0
           2.82               0               0
           2.84               0               0
           2.86               0               0
           2.88               0               0
            2.9               0               0
           2.92               0               0
           2.94               0               0
           2.96               0               0
           2.98               0               0
              3               0               0
           3.02               0               0
           3.04               0               0
           3.06               0               0
           3.08               0               0
            3.1               0               0
           3.12               0               0
           3.14               0               0
           3.16               0               0
           3.18               0               0
            3.2               0               0
           3.22               0               0
           3.24               0               0
           3.26               0               0
           3.28               0               0
            3.3               0               0
           3.32               0               0
           3.34               0               0
           3.36               0               0
           3.38               0               0
            3.4               0               0
           3.42               0               0
           3.44               0               0
           3.46               0               0
           3.48               0               0
            3.5               0               0
           3.52               0               0
           3.54               0               0
           3.56               0               0
           3.58               0               0
            3.6               0               0
           3.62               0               0
           3.64               0               0
           3.66               0               0
           3.68               0               0
            3.7               0               0
           3.72               0               0
           3.74               0               0
           3.76               0               0
           3.78               0               0
            3.8               0               0
           3.82               0               0
           3.84               0               0
           3.86               0               0
           3.88               0               0
            3.9               0               0
           3.92               0               0
           3.94               0               0
           3.96               0               0
           3.98               0               0
              4               0               0
           4.02               0               0
           4.04               0               0
           4.06               0               0
           4.08               0               0
            4.1               0               0
           4.12               0               0
           4.14               0               0
           4.16               0               0
           4.18               0               0
            4.2               0               0
           4.22               0               0
           4.24               0               0
           4.26               0               0
           4.28               0               0
            4.3               0               0
           4.32               0               0
           4.34               0               0
           4.36               0               0
           4.38               0               0
            4.4               0               0
           4.42               0               0
           4.44               0               0
           4.46               0               0
           4.48               0               0
            4.5               0               0
           4.52               0               0
           4.54               0               0
           4.56               0               0
           4.58               0               0
            4.6               0               0
           4.62               0               0
           4.64               0               0
           4.66               0               0
           4.68               0               0
            4.7               0               0
           4.72               0               0
           4.74               0               0
           4.76               0               0
           4.78               0               0
            4.8               0               0
           4.82               0               0
           4.84               0               0
           4.86               0               0
           4.88               0               0
            4.9               0               0
           4.92               0               0
           4.94               0               0
           4.96               0               0
           4.98               0               0
              5               0               0
           5.02               0               0
           5.04               0               0
           5.06               0               0
           5.08               0               0
            5.1               0               0
           5.12               0               0
           5.14               0               0
           5.16               0               0
           5.18               0               0
            5.2               0               0
           5.22               0               0
           5.24               0               0
           5.26               0               0
           5.28               0               0
            5.3               0               0
           5.32               0               0
           5.34               0               0
           5.36               0               0
           5.38               0               0
            5.4               0               0
           5.42               0               0
           5.44               0               0
           5.46               0               0
           5.48               0               0
            5.5               0               0
           5.52               0               0
           5.54               0               0
           5.56               0               0
           5.58               0               0
            5.6               0               0
           5.62               0               0
           5.64               0               0
           5.66               0               0
           5.68               0               0
            5.7               0               0
           5.72               0               0
           5.74               0               0
           5.76               0               0
           5.78               0               0
            5.8               0               0
           5.82               0               0
           5.84               0               0
           5.86               0               0
           5.88               0               0
            5.9               0               0
           5.92               0               0
           5.94               0               0
           5.96               0               0
           5.98               0               0
              6               0               0
           6.02               0               0
           6.04               0               0
           6.06               0               0
           6.08               0               0
            6.1               0               0
           6.12               0               0
           6.14               0               0
           6.16               0               0
           6.18               0               0
            6.2               0               0
           6.22               0               0
           6.24               0               0
           6.26               0               0
           6.28               0               0
            6.3               0               0
           6.32               0               0
           6.34               0               0
           6.36               0               0
           6.38               0               0
            6.4               0               0
           6.42               0               0
           6.44               0               0
           6.46               0               0
           6.48               0               0
            6.5               0               0
           6.52               0               0
           6.54               0               0
           6.56               0               0
           6.58               0               0
            6.6               0               0
           6.62               0               0
           6.64               0               0
           6.66               0               0
           6.68               0               0
            6.7               0               0
           6.72               0               0
           6.74               0               0
           6.76               0               0
           6.78               0               0
            6.8               0               0
           6.82               0               0
           6.84               0               0
           6.86               0               0
           6.88               0               0
            6.9               0               0
           6.92               0               0
           6.94               0               0
           6.96               0               0
           6.98               0               0
              7               0               0
           7.02               0               0
           7.04               0               0
           7.06               0               0
           7.08               0               0
            7.1               0               0
           7.12               0               0
           7.14               0               0
           7.16               0               0
           7.18               0               0
            7.2               0               0
           7.22               0               0
           7.24               0               0
           7.26               0               0
           7.28               0               0
            7.3               0               0
           7.32               0               0
           7.34               0               0
           7.36               0               0
           7.38               0               0
            7.4               0               0
           7.42               0               0
           7.44               0               0
           7.46               0               0
           7.48               0               0
            7.5               0               0
           7.52               0               0
           7.54               0               0
           7.56               0               0
           7.58               0               0
            7.6               0               0
           7.62               0               0
           7.64               0               0
           7.66               0               0
           7.68               0               0
            7.7               0               0
           7.72               0               0
           7.74               0               0
           7.76               0               0
           7.78               0               0
            7.8               0               0
           7.82               0               0
           7.84               0               0
           7.86               0               0
           7.88               0               0
            7.9               0               0
           7.92               0               0
           7.94               0               0
           7.96               0               0
           7.98               0               0
              8               0               0
           8.02               0               0
           8.04               0               0
           8.06               0               0
           8.08               0               0
            8.1               0               0
           8.12               0               0
           8.14               0               0
           8.16               0               0
           8.18               0               0
            8.2               0               0
           8.22               0               0
           8.24               0               0
           8.26               0               0
           8.28               0               0
            8.3               0               0
           8.32               0               0
           8.34               0               0
           8.36               0               0
           8.38               0               0
            8.4               0               0
           8.42               0               0
           8.44               0               0
           8.46               0               0
           8.48               0               0
            8.5               0               0
           8.52               0               0
           8.54               0               0
           8.56               0               0
           8.58               0               0
            8.6               0               0
           8.62               0               0
           8.64               0               0
           8.66               0               0
           8.68               0               0
            8.7               0               0
           8.72               0               0
           8.74               0               0
           8.76               0               0
           8.78               0               0
            8.8               0               0
           8.82               0               0
           8.84               0               0
           8.86               0               0
           8.88               0               0
            8.9               0               0
           8.92               0               0
           8.94               0               0
           8.96               0               0
           8.98               0               0
              9               0               0
           9.02               0               0
           9.04               0               0
           9.06               0               0
           9.08               0               0
            9.1               0               0
           9.12               0               0
           9.14               0               0
           9.16               0               0
           9.18               0               0
            9.2               0               0
           9.22               0               0
           9.24               0               0
           9.26               0               0
           9.28               0               0
            9.3               0               0
           9.32               0               0
           9.34               0               0
           9.36               0               0
           9.38               0               0
            9.4               0               0
           9.42               0               0
           9.44               0               0
           9.46               0               0
           9.48               0               0
            9.5               0               0
           9.52               0               0
           9.54               0               0
           9.56               0               0
           9.58               0               0
            9.6               0               0
           9.62               0               0
           9.64               0               0
           9.66               0               0
           9.68               0               0
            9.7               0               0
           9.72               0               0
           9.74               0               0
           9.76               0               0
           9.78               0               0
            9.8               0               0
           9.82               0               0
           9.84               0               0
           9.86               0               0
           9.88               0               0
            9.9               0               0
           9.92               0               0
           9.94               0               0
           9.96               0               0
           9.98               0               0
             10               0               0
          10.02               1     0.000316228
          10.04               0               0
          10.06               0               0
          10.08               0               0
           10.1               0               0
          10.12               0               0
          10.14               0               0
          10.16               0               0
          10.18               0               0
           10.2               0               0
          10.22               0               0
          10.24               0               0
          10.26               0               0
          10.28               0               0
           10.3               0               0
          10.32               0               0
          10.34               0               0
          10.36               0               0
          10.38               0               0
           10.4               0               0
          10.42               0               0
          10.44               0               0
          10.46               0               0
          10.48               0               0
           10.5               0               0
          10.52               0               0
          10.54               0               0
          10.56               0               0
          10.58               0               0
           10.6               0               0
          10.62               0               0
          10.64               0               0
          10.66               0               0
          10.68               0               0
           10.7               0               0
          10.72               0               0
          10.74               0               0
          10.76               0               0
          10.78               0               0
           10.8               0               0
          10.82               0               0
          10.84               0               0
          10.86               0               0
          10.88               0               0
           10.9               0               0
          10.92               0               0
          10.94               0               0
          10.96               0               0
          10.98               0               0
             11               0               0
          11.02               0               0
          11.04               0               0
          11.06               0               0
          11.08               0               0
           11.1               0               0
          11.12               0               0
          11.14               0               0
          11.16               0               0
          11.18               0               0
           11.2               0               0
          11.22               0               0
          11.24               0               0
          11.26               0               0
          11.28               0               0
           11.3               0               0
          11.32               0               0
          11.34               0               0
          11.36               0               0
          11.38               0               0
           11.4               0               0
          11.42               0               0
          11.44               0               0
          11.46               0               0
          11.48               0               0
           11.5               0               0
          11.52               0               0
          11.54               0               0
          11.56               0               0
          11.58               0               0
           11.6               0               0
          11.62               0               0
          11.64               0               0
          11.66               0               0
          11.68               0               0
           11.7               0               0
          11.72               0               0
          11.74               0               0
          11.76               0               0
          11.78               0               0
           11.8               0               0
          11.82               0               0
          11.84               0               0
          11.86               0               0
          11.88               0               0
           11.9               0               0
          11.92               0               0
          11.94               0               0
          11.96               0               0
          11.98               0               0
             12               0               0
          12.02               0               0
          12.04               0               0
          12.06               0               0
          12.08               0               0
           12.1               0               0
          12.12               0               0
          12.14               0               0
          12.16               0               0
          12.18               0               0
           12.2               0               0
          12.22               0               0
          12.24               0               0
          12.26               0               0
          12.28               0               0
           12.3               0               0
          12.32               0               0
          12.34               0               0
          12.36               0               0
          12.38               0               0
           12.4               0               0
          12.42               0               0
          12.44               0               0
          12.46               0               0
          12.48               0               0
           12.5               0               0
          12.52               0               0
          12.54               0               0
          12.56               0               0
          12.58               0               0
           12.6               0               0
          12.62               0               0
          12.64               0               0
          12.66               0               0
          12.68               0               0
           12.7               0               0
          12.72               0               0
          12.74               0               0
          12.76               0               0
          12.78               0               0
           12.8               0               0
          12.82               0               0
          12.84               0               0
          12.86               0               0
          12.88               0               0
           12.9               0               0
          12.92               0               0
          12.94               0               0
          12.96               0               0
          12.98               0               0
             13               0               0
          13.02               0               0
          13.04               0               0
          13.06               0               0
          13.08               0               0
           13.1               0               0
          13.12               0               0
          13.14               0               0
          13.16               0               0
          13.18               0               0
           13.2               0               0
          13.22               0               0
          13.24               0               0
          13.26               0               0
          13.28               0               0
           13.3               0               0
          13.32               0               0
          13.34               0               0
          13.36               0               0
          13.38               0               0
           13.4               0               0
          13.42               0               0
          13.44               0               0
          13.46               0               0
          13.48               0               0
           13.5               0               0
          13.52               0               0
          13.54               0               0
          13.56               0               0
          13.58               0               0
           13.6               0               0
          13.62               0               0
          13.64               0               0
          13.66               0               0
          13.68               0               0
           13.7               0               0
          13.72               0               0
          13.74               0               0
          13.76               0               0
          13.78               0               0
           13.8               0               0
          13.82               0               0
          13.84               0               0
          13.86               0               0
          13.88               0               0
           13.9               0               0
          13.92               0               0
          13.94               0               0
          13.96               0               0
          13.98               0               0
             14               0               0
          14.02               0               0
          14.04               0               0
          14.06               0               0
          14.08               0               0
           14.1               0               0
          14.12               0               0
          14.14               0               0
          14.16               0               0
          14.18               0               0
           14.2               0               0
          14.22               0               0
          14.24               0               0
          14.26               0               0
          14.28               0               0
           14.3               0               0
          14.32               0               0
          14.34               0               0
          14.36               0               0
          14.38               0               0
           14.4               0               0
          14.42               0               0
          14.44               0               0
          14.46               0               0
          14.48               0               0
           14.5               0               0
          14.52               0               0
          14.54               0               0
          14.56               0               0
          14.58               0               0
           14.6               0               0
          14.62               0               0
          14.64               0               0
          14.66               0               0
          14.68               0               0
           14.7               0               0
          14.72               0               0
          14.74               0               0
          14.76               0               0
          14.78               0               0
           14.8               0               0
          14.82               0               0
          14.84               0               0
          14.86               0               0
          14.88               0               0
           14.9               0               0
          14.92               0               0
          14.94               0               0
          14.96               0               0
          14.98               0               0
             15               0               0
          15.02               0               0
          15.04               0               0
          15.06               0               0
          15.08               0               0
           15.1               0               0
          15.12               0               0
          15.14               0               0
          15.16               0               0
          15.18               0               0
           15.2               0               0
          15.22               0               0
          15.24               0               0
          15.26               0               0
          15.28               0               0
           15.3               0               0
          15.32               0               0
          15.34               0               0
          15.36               0               0
          15.38               0               0
           15.4               0               0
          15.42               0               0
          15.44               0               0
          15.46               0               0
          15.48               0               0
           15.5               0               0
          15.52               0               0
          15.54               0               0
          15.56               0               0
          15.58               0               0
           15.6               0               0
          15.62               0               0
          15.64               0               0
          15.66               0               0
          15.68               0               0
           15.7               0               0
          15.72               0               0
          15.74               0               0
          15.76               0               0
          15.78               0               0
           15.8               0               0
          15.82               0               0
          15.84               0               0
          15.86               0               0
          15.88               0               0
           15.9               0               0
          15.92               0               0
          15.94               0               0
          15.96               0               0
          15.98               0               0
             16               0               0
          16.02               0               0
          16.04               0               0
          16.06               0               0
          16.08               0               0
           16.1               0               0
          16.12               0               0
          16.14               0               0
          16.16               0               0
          16.18               0               0
           16.2               0               0
          16.22               0               0
          16.24               0               0
          16.26               0               0
          16.28               0               0
           16.3               0               0
          16.32               0               0
          16.34               0               0
          16.36               0               0
          16.38               0               0
           16.4               0               0
          16.42               0               0
          16.44               0               0
          16.46               0               0
          16.48               0               0
           16.5               0               0
          16.52               0               0
          16.54               0               0
          16.56               0               0
          16.58               0               0
           16.6               0               0
          16.62               0               0
          16.64               0               0
          16.66               0               0
          16.68               0               0
           16.7               0               0
          16.72               0               0
          16.74               0               0
          16.76               0               0
          16.78               0               0
           16.8               0               0
          16.82               0               0
          16.84               0               0
          16.86               0               0
          16.88               0               0
           16.9               0               0
          16.92               0               0
          16.94               0               0
          16.96               0               0
          16.98               0               0
             17               0               0
          17.02               0               0
          17.04               0               0
          17.06               0               0
          17.08               0               0
           17.1               0               0
          17.12               0               0
          17.14               0               0
          17.16               0               0
          17.18               0               0
           17.2               0               0
          17.22               0               0
          17.24               0               0
          17.26               0               0
          17.28               0               0
           17.3               0               0
          17.32               0               0
          17.34               0               0
          17.36               0               0
          17.38               0               0
           17.4               0               0
          17.42               0               0
          17.44               0               0
          17.46               0               0
          17.48               0               0
           17.5               0               0
          17.52               0               0
          17.54               0               0
          17.56               0               0
          17.58               0               0
           17.6               0               0
          17.62               0               0
          17.64               0               0
          17.66               0               0
          17.68               0               0
           17.7               0               0
          17.72               0               0
          17.74               0               0
          17.76               0               0
          17.78               0               0
           17.8               0               0
          17.82               0               0
          17.84               0               0
          17.86               0               0
          17.88               0               0
           17.9               0               0
          17.92               0               0
          17.94               0               0
          17.96               0               0
          17.98               0               0
             18               0               0
          18.02               0               0
          18.04               0               0
          18.06               0               0
          18.08               0               0
           18.1               0               0
          18.12               0               0
          18.14               0               0
          18.16               0               0
          18.18               0               0
           18.2               0               0
          18.22               0               0
          18.24               0               0
          18.26               0               0
          18.28               0               0
           18.3               0               0
          18.32               0               0
          18.34               0               0
          18.36               0               0
          18.38               0               0
           18.4               0               0
          18.42               0               0
          18.44               0               0
          18.46               0               0
          18.48               0               0
           18.5               0               0
          18.52               0               0
          18.54               0               0
          18.56               0               0
          18.58               0               0
           18.6               0               0
          18.62               0               0
          18.64               0               0
          18.66               0               0
          18.68               0               0
           18.7               0               0
          18.72               0               0
          18.74               0               0
          18.76               0               0
          18.78               0               0
           18.8               0               0
          18.82               0               0
          18.84               0               0
          18.86               0               0
          18.88               0               0
           18.9               0               0
          18.92               0               0
          18.94               0               0
          18.96               0               0
          18.98               0               0
             19               0               0
          19.02               0               0
          19.04               0               0
          19.06               0               0
          19.08               0               0
           19.1               0               0
          19.12               0               0
          19.14               0               0
          19.16               0               0
          19.18               0               0
           19.2               0               0
          19.22               0               0
          19.24               0               0
          19.26               0               0
          19.28               0               0
           19.3               0               0
          19.32               0               0
          19.34               0               0
          19.36               0               0
          19.38               0               0
           19.4               0               0
          19.42               0               0
          19.44               0               0
          19.46               0               0
          19.48               0               0
           19.5               0               0
          19.52               0               0
          19.54               0               0
          19.56               0               0
          19.58               0               0
           19.6               0               0
          19.62               0               0
          19.64               0               0
          19.66               0               0
          19.68               0               0
           19.7               0               0
          19.72               0               0
          19.74               0               0
          19.76               0               0
          19.78               0               0
           19.8               0               0
          19.82               0               0
          19.84               0               0
          19.86               0               0
          19.88               0               0
           19.9               0               0
          19.92               0               0
          19.94               0               0
          19.96               0               0
          19.98               0               0
             20               0               0
          20.02               0               0

