NSpec_Sample  1000  20
              0      0.00021216     1.54007e-07
           0.02     5.63076e-08     2.53241e-09
           0.04      1.4902e-07     4.12237e-09
           0.06     1.90196e-07     4.66258e-09
           0.08     2.35683e-07     5.19078e-09
            0.1      2.5102e-07     5.35613e-09
           0.12     2.97859e-07     5.82495e-09
           0.14     3.58888e-07     6.39758e-09
           0.16     4.03771e-07      6.7813e-09
           0.18     4.56582e-07     7.21855e-09
            0.2     4.79428e-07     7.41436e-09
           0.22     5.08617e-07     7.62863e-09
           0.24     5.99471e-07     8.27582e-09
           0.26     6.44881e-07     8.59418e-09
           0.28     6.93015e-07     8.90852e-09
            0.3       7.499e-07     9.26612e-09
           0.32     7.78473e-07     9.43382e-09
           0.34     8.24688e-07     9.72163e-09
           0.36     8.75052e-07     1.00057e-08
           0.38     9.06728e-07     1.01839e-08
            0.4     9.47134e-07     1.04205e-08
           0.42     9.63697e-07     1.05058e-08
           0.44     1.02015e-06     1.08036e-08
           0.46     1.04385e-06     1.09267e-08
           0.48     1.07848e-06     1.11256e-08
            0.5     1.13512e-06     1.14046e-08
           0.52      1.1674e-06     1.15646e-08
           0.54      1.1916e-06     1.16861e-08
           0.56     1.20737e-06     1.17599e-08
           0.58      1.2613e-06     1.20223e-08
            0.6      1.2706e-06     1.20652e-08
           0.62     1.28562e-06      1.2124e-08
           0.64     1.32646e-06     1.23189e-08
           0.66     1.35101e-06      1.2437e-08
           0.68     1.37157e-06     1.25278e-08
            0.7     1.39403e-06     1.26202e-08
           0.72     1.39679e-06      1.2634e-08
           0.74     1.41674e-06     1.27215e-08
           0.76       1.428e-06     1.27736e-08
           0.78     1.45352e-06     1.28869e-08
            0.8     1.46049e-06     1.29093e-08
           0.82       1.476e-06     1.29861e-08
           0.84     1.48826e-06     1.30358e-08
           0.86     1.50089e-06     1.30856e-08
           0.88     1.48291e-06      1.3009e-08
            0.9     1.52738e-06     1.31932e-08
           0.92     1.52962e-06     1.32054e-08
           0.94     1.53232e-06       1.322e-08
           0.96     1.54148e-06     1.32495e-08
           0.98     1.55406e-06     1.33082e-08
              1     1.56191e-06     1.33307e-08
           1.02     1.56676e-06     1.33565e-08
           1.04     1.55722e-06     1.33161e-08
           1.06     1.53574e-06     1.32207e-08
           1.08     1.54467e-06      1.3258e-08
            1.1     1.54535e-06     1.32592e-08
           1.12     1.55467e-06     1.32977e-08
           1.14     1.56309e-06     1.33289e-08
           1.16     1.53893e-06     1.32189e-08
           1.18     1.55248e-06     1.32785e-08
            1.2     1.54738e-06     1.32534e-08
           1.22     1.54428e-06     1.32322e-08
           1.24        1.53e-06      1.3172e-08
           1.26     1.51405e-06     1.31024e-08
           1.28     1.51557e-06     1.31044e-08
            1.3     1.50589e-06     1.30667e-08
           1.32     1.50762e-06     1.30723e-08
           1.34     1.52548e-06     1.31409e-08
           1.36     1.49267e-06     1.29964e-08
           1.38      1.5217e-06     1.31238e-08
            1.4     1.49712e-06     1.30158e-08
           1.42     1.48166e-06     1.29454e-08
           1.44     1.48706e-06     1.29585e-08
           1.46     1.47314e-06     1.28973e-08
           1.48     1.46934e-06     1.28844e-08
            1.5     1.43637e-06     1.27295e-08
           1.52     1.43979e-06     1.27526e-08
           1.54     1.43563e-06     1.27199e-08
           1.56     1.40812e-06     1.26025e-08
           1.58      1.4266e-06     1.26831e-08
            1.6     1.38665e-06      1.2501e-08
           1.62     1.39178e-06     1.25295e-08
           1.64     1.38532e-06     1.24896e-08
           1.66     1.39039e-06     1.25122e-08
           1.68     1.38843e-06     1.25061e-08
            1.7     1.34813e-06     1.23129e-08
           1.72     1.34742e-06     1.23027e-08
           1.74     1.36158e-06     1.23683e-08
           1.76     1.30775e-06     1.21179e-08
           1.78     1.34015e-06     1.22687e-08
            1.8      1.3273e-06     1.22107e-08
           1.82      1.2982e-06     1.20661e-08
           1.84     1.30918e-06     1.21181e-08
           1.86     1.29975e-06      1.2075e-08
           1.88     1.28061e-06     1.19796e-08
            1.9     1.26408e-06     1.19087e-08
           1.92     1.25248e-06     1.18518e-08
           1.94     1.24501e-06     1.18108e-08
           1.96     1.24574e-06       1.181e-08
           1.98     1.22258e-06     1.16944e-08
              2     1.19801e-06     1.15786e-08
           2.02     1.20547e-06     1.16095e-08
           2.04     1.20073e-06     1.15799e-08
           2.06     1.17456e-06     1.14514e-08
           2.08     1.17387e-06     1.14475e-08
            2.1     1.16912e-06     1.14277e-08
           2.12     1.16514e-06      1.1405e-08
           2.14     1.12157e-06     1.11846e-08
           2.16     1.11598e-06     1.11537e-08
           2.18     1.13872e-06      1.1261e-08
            2.2     1.10243e-06     1.10823e-08
           2.22     1.12096e-06     1.11749e-08
           2.24     1.09172e-06     1.10226e-08
           2.26     1.06497e-06     1.08891e-08
           2.28     1.08514e-06     1.09837e-08
            2.3      1.0654e-06     1.08841e-08
           2.32     1.03159e-06     1.07089e-08
           2.34     1.03536e-06     1.07284e-08
           2.36     1.03309e-06     1.07127e-08
           2.38     1.02699e-06     1.06741e-08
            2.4     1.00066e-06       1.054e-08
           2.42     9.92125e-07     1.04913e-08
           2.44     9.89971e-07     1.04745e-08
           2.46     9.68582e-07     1.03599e-08
           2.48     9.70785e-07     1.03788e-08
            2.5     9.60752e-07     1.03226e-08
           2.52     9.28718e-07     1.01417e-08
           2.54     9.37376e-07       1.019e-08
           2.56     9.23215e-07     1.01112e-08
           2.58     9.09105e-07     1.00301e-08
            2.6      9.0651e-07      1.0013e-08
           2.62     8.93083e-07     9.93715e-09
           2.64     8.96885e-07     9.95663e-09
           2.66     8.84988e-07     9.88431e-09
           2.68     8.47375e-07     9.68036e-09
            2.7      8.4387e-07     9.64625e-09
           2.72     8.44361e-07     9.65121e-09
           2.74     8.29789e-07     9.56961e-09
           2.76     8.00711e-07     9.39597e-09
           2.78     8.17414e-07     9.49175e-09
            2.8     8.21893e-07     9.51486e-09
           2.82     8.06643e-07     9.42471e-09
           2.84     7.98833e-07     9.37806e-09
           2.86      7.6198e-07     9.15794e-09
           2.88     7.64355e-07     9.16946e-09
            2.9     7.42321e-07     9.03298e-09
           2.92     7.37956e-07     9.00789e-09
           2.94     7.33795e-07     8.97742e-09
           2.96     7.53209e-07     9.09655e-09
           2.98     7.15178e-07     8.87007e-09
              3     7.11205e-07     8.83616e-09
           3.02     6.97613e-07     8.74685e-09
           3.04     7.00881e-07     8.76513e-09
           3.06     6.57629e-07     8.49218e-09
           3.08     6.84466e-07     8.65833e-09
            3.1     6.67719e-07     8.55064e-09
           3.12     6.47255e-07     8.41611e-09
           3.14     6.59737e-07     8.49921e-09
           3.16     6.49679e-07     8.43108e-09
           3.18     6.26749e-07     8.28467e-09
            3.2     6.39727e-07     8.37041e-09
           3.22     6.06295e-07     8.14076e-09
           3.24     5.99728e-07     8.09099e-09
           3.26       6.005e-07     8.10251e-09
           3.28     5.95845e-07     8.06263e-09
            3.3     5.85379e-07     7.99867e-09
           3.32     5.88822e-07     8.01348e-09
           3.34     5.52949e-07     7.76411e-09
           3.36     5.62584e-07     7.83191e-09
           3.38     5.46863e-07     7.72051e-09
            3.4     5.52912e-07      7.7635e-09
           3.42     5.30905e-07     7.59461e-09
           3.44     5.25582e-07     7.56759e-09
           3.46      5.2919e-07     7.58464e-09
           3.48     5.05836e-07     7.41828e-09
            3.5     5.04602e-07     7.40417e-09
           3.52      4.9959e-07     7.36622e-09
           3.54     5.06395e-07     7.41924e-09
           3.56     4.81972e-07     7.23369e-09
           3.58     4.87981e-07     7.27663e-09
            3.6     4.79235e-07      7.2103e-09
           3.62     4.63743e-07      7.0875e-09
           3.64     4.61446e-07     7.06999e-09
           3.66     4.65345e-07     7.10291e-09
           3.68     4.50963e-07     6.98738e-09
            3.7     4.33292e-07     6.85277e-09
           3.72     4.21328e-07     6.75357e-09
           3.74     4.23181e-07     6.76663e-09
           3.76     4.03736e-07     6.60572e-09
           3.78     4.09894e-07     6.65057e-09
            3.8     4.01923e-07     6.58835e-09
           3.82     3.94921e-07     6.53048e-09
           3.84     3.86779e-07     6.45581e-09
           3.86     3.75846e-07     6.36904e-09
           3.88     3.72426e-07     6.33838e-09
            3.9     3.73449e-07      6.3463e-09
           3.92     3.83455e-07     6.42517e-09
           3.94     3.68055e-07     6.28987e-09
           3.96     3.53835e-07     6.17316e-09
           3.98     3.48076e-07     6.12143e-09
              4     3.36427e-07     6.01565e-09
           4.02     3.32322e-07     5.98144e-09
           4.04     3.40373e-07     6.04938e-09
           4.06     3.28984e-07     5.94636e-09
           4.08     3.21156e-07     5.87707e-09
            4.1     3.19184e-07     5.85566e-09
           4.12     3.08971e-07     5.76468e-09
           4.14     3.12694e-07     5.79217e-09
           4.16     3.11625e-07     5.77896e-09
           4.18     2.91558e-07     5.59036e-09
            4.2     2.88544e-07      5.5529e-09
           4.22     2.78222e-07     5.46372e-09
           4.24     2.77093e-07     5.44746e-09
           4.26     2.70993e-07     5.38278e-09
           4.28     2.73598e-07     5.41132e-09
            4.3     2.68708e-07     5.36168e-09
           4.32     2.67574e-07     5.34563e-09
           4.34     2.64532e-07     5.32099e-09
           4.36     2.57822e-07     5.24986e-09
           4.38     2.44536e-07     5.11003e-09
            4.4     2.37107e-07     5.03323e-09
           4.42     2.50521e-07     5.16643e-09
           4.44     2.41068e-07     5.06499e-09
           4.46     2.35614e-07     5.01287e-09
           4.48     2.27904e-07     4.92595e-09
            4.5     2.28752e-07     4.93503e-09
           4.52     2.27778e-07     4.92427e-09
           4.54     2.16882e-07     4.80207e-09
           4.56     2.14654e-07     4.77369e-09
           4.58     2.06837e-07     4.68983e-09
            4.6     2.04472e-07     4.66293e-09
           4.62     2.00903e-07     4.62225e-09
           4.64     1.92663e-07     4.52334e-09
           4.66     1.92264e-07     4.52137e-09
           4.68     1.94813e-07     4.54503e-09
            4.7      1.8355e-07     4.41513e-09
           4.72     1.76369e-07     4.32688e-09
           4.74     1.78597e-07     4.35401e-09
           4.76     1.75852e-07     4.31921e-09
           4.78     1.70436e-07      4.2561e-09
            4.8     1.77795e-07     4.33938e-09
           4.82     1.65851e-07     4.19001e-09
           4.84     1.63881e-07     4.16403e-09
           4.86     1.65432e-07     4.18602e-09
           4.88     1.53158e-07     4.02483e-09
            4.9     1.56858e-07     4.07322e-09
           4.92      1.4698e-07     3.93784e-09
           4.94     1.49473e-07     3.97341e-09
           4.96     1.44877e-07     3.91238e-09
           4.98     1.45081e-07     3.91795e-09
              5     1.42267e-07     3.87888e-09
           5.02     1.39895e-07     3.84413e-09
           5.04     1.32346e-07     3.73369e-09
           5.06     1.32266e-07     3.73733e-09
           5.08     1.31886e-07     3.72665e-09
            5.1     1.26021e-07     3.64301e-09
           5.12     1.20266e-07     3.55622e-09
           5.14     1.25793e-07     3.63789e-09
           5.16     1.17303e-07     3.51501e-09
           5.18     1.15663e-07     3.48764e-09
            5.2     1.20858e-07     3.56437e-09
           5.22     1.09619e-07     3.39614e-09
           5.24     1.07473e-07     3.35701e-09
           5.26     1.06749e-07     3.34912e-09
           5.28     1.04528e-07     3.31382e-09
            5.3     9.94155e-08     3.23402e-09
           5.32     9.50178e-08     3.15842e-09
           5.34     1.00475e-07     3.24798e-09
           5.36     9.44522e-08     3.14465e-09
           5.38     9.21213e-08     3.10872e-09
            5.4     8.74348e-08     3.03101e-09
           5.42     8.97969e-08      3.0707e-09
           5.44     7.94874e-08     2.88854e-09
           5.46     8.24995e-08     2.94226e-09
           5.48     8.14928e-08     2.91925e-09
            5.5     8.50154e-08     2.98113e-09
           5.52     7.54727e-08     2.81014e-09
           5.54     7.72806e-08     2.84215e-09
           5.56     7.10636e-08     2.72631e-09
           5.58     7.47747e-08     2.79761e-09
            5.6     7.44353e-08     2.78886e-09
           5.62     6.90721e-08     2.68579e-09
           5.64     7.04369e-08     2.71639e-09
           5.66      6.9268e-08     2.68716e-09
           5.68     6.91877e-08     2.68822e-09
            5.7     6.06709e-08     2.51593e-09
           5.72     6.41775e-08     2.58893e-09
           5.74     5.86554e-08     2.47085e-09
           5.76     6.01116e-08     2.50348e-09
           5.78     5.79095e-08     2.45461e-09
            5.8     5.86238e-08     2.47165e-09
           5.82     5.24511e-08     2.33957e-09
           5.84     5.52947e-08     2.39591e-09
           5.86     5.38009e-08     2.36715e-09
           5.88     4.85376e-08     2.24685e-09
            5.9     4.73284e-08     2.21958e-09
           5.92      4.9611e-08     2.26747e-09
           5.94     4.96162e-08      2.2726e-09
           5.96     4.44562e-08     2.14961e-09
           5.98     4.29792e-08     2.11045e-09
              6     4.14848e-08     2.07754e-09
           6.02     4.36151e-08     2.12644e-09
           6.04      4.1163e-08     2.06657e-09
           6.06       4.103e-08     2.06511e-09
           6.08     4.11754e-08     2.06719e-09
            6.1      3.8427e-08      1.9956e-09
           6.12     3.76056e-08     1.97159e-09
           6.14     3.69005e-08      1.9536e-09
           6.16      3.6763e-08      1.9517e-09
           6.18     3.38414e-08     1.87192e-09
            6.2     3.37638e-08     1.87055e-09
           6.22     3.30929e-08     1.85048e-09
           6.24     3.03506e-08     1.77359e-09
           6.26       2.917e-08      1.7344e-09
           6.28      2.8784e-08     1.72367e-09
            6.3     2.68645e-08     1.66649e-09
           6.32      2.9302e-08     1.73916e-09
           6.34     2.55813e-08      1.6248e-09
           6.36     2.93248e-08     1.74054e-09
           6.38     2.63865e-08     1.64957e-09
            6.4     2.64872e-08     1.65257e-09
           6.42     2.41394e-08     1.57841e-09
           6.44     2.26106e-08     1.52825e-09
           6.46     2.46949e-08     1.59437e-09
           6.48     2.25987e-08     1.52743e-09
            6.5     1.95904e-08     1.42154e-09
           6.52      2.0428e-08     1.44838e-09
           6.54     2.18991e-08      1.5008e-09
           6.56     1.97531e-08      1.4258e-09
           6.58     1.92496e-08     1.40798e-09
            6.6     1.62269e-08     1.29118e-09
           6.62     2.11396e-08     1.47314e-09
           6.64     1.58525e-08     1.27767e-09
           6.66     1.72278e-08     1.32936e-09
           6.68     1.67212e-08     1.30995e-09
            6.7     1.41405e-08      1.2039e-09
           6.72     1.56152e-08     1.26678e-09
           6.74     1.47764e-08     1.23157e-09
           6.76     1.37273e-08     1.18603e-09
           6.78      1.3116e-08     1.15949e-09
            6.8     1.35277e-08     1.17761e-09
           6.82     1.47456e-08     1.22898e-09
           6.84     1.14315e-08     1.08029e-09
           6.86     1.01176e-08     1.01698e-09
           6.88     1.11642e-08     1.06952e-09
            6.9     1.10374e-08     1.06221e-09
           6.92     8.59894e-09     9.38356e-10
           6.94     9.79666e-09     1.00001e-09
           6.96     7.87727e-09     8.97813e-10
           6.98     8.28208e-09     9.20349e-10
              7     7.96556e-09     9.02038e-10
           7.02     1.00265e-08     1.01299e-09
           7.04     8.61854e-09     9.40509e-10
           7.06     6.93705e-09     8.41325e-10
           7.08     5.92373e-09     7.77913e-10
            7.1     8.24435e-09     9.16117e-10
           7.12      6.6206e-09     8.21242e-10
           7.14     6.41501e-09     8.08298e-10
           7.16     6.84264e-09      8.3605e-10
           7.18      7.4245e-09     8.69045e-10
            7.2     6.42866e-09      8.1001e-10
           7.22     6.21064e-09      7.9525e-10
           7.24     4.77522e-09     6.96567e-10
           7.26     4.37205e-09     6.66792e-10
           7.28      4.8774e-09     7.04042e-10
            7.3     3.66018e-09     6.10064e-10
           7.32     6.10597e-09     7.88355e-10
           7.34     4.56578e-09     6.80665e-10
           7.36     3.24303e-09     5.73332e-10
           7.38     3.96129e-09     6.34354e-10
            7.4     3.45154e-09      5.9197e-10
           7.42     3.65759e-09     6.09627e-10
           7.44     3.64427e-09     6.07403e-10
           7.46     3.65543e-09     6.09276e-10
           7.48     1.92934e-09     4.42647e-10
            7.5     3.04828e-09     5.56571e-10
           7.52     3.04977e-09     5.56866e-10
           7.54      2.2269e-09     4.74807e-10
           7.56     2.32859e-09      4.8557e-10
           7.58     2.52939e-09     5.05904e-10
            7.6     1.31699e-09     3.65282e-10
           7.62      2.2309e-09     4.75659e-10
           7.64     1.31261e-09     3.64062e-10
           7.66     1.52258e-09     3.93143e-10
           7.68     1.01641e-09      3.2143e-10
            7.7     1.41479e-09     3.78131e-10
           7.72     1.00984e-09     3.19351e-10
           7.74     9.09482e-10     3.03167e-10
           7.76     1.11146e-09     3.35124e-10
           7.78     8.11892e-10     2.87053e-10
            7.8     1.01034e-09     3.19504e-10
           7.82     7.13096e-10     2.69531e-10
           7.84     1.31011e-09     3.63366e-10
           7.86     3.02051e-10     1.74393e-10
           7.88     1.10835e-09     3.34187e-10
            7.9     8.07967e-10     2.85671e-10
           7.92     3.02675e-10     1.74757e-10
           7.94     3.02836e-10     1.74843e-10
           7.96     1.00385e-10     1.00385e-10
           7.98     3.04138e-10     1.75597e-10
              8     3.01908e-10     1.74309e-10
           8.02     3.03208e-10     1.75059e-10
           8.04     5.05114e-10     2.25897e-10
           8.06     2.01732e-10     1.42649e-10
           8.08     3.01986e-10     1.74354e-10
            8.1     3.01938e-10     1.74325e-10
           8.12     3.02667e-10     1.74745e-10
           8.14               0               0
           8.16     3.03764e-10     1.75378e-10
           8.18     5.02873e-10     2.24892e-10
            8.2     2.01072e-10     1.42179e-10
           8.22     2.00942e-10     1.42088e-10
           8.24               0               0
           8.26               0               0
           8.28               0               0
            8.3               0               0
           8.32               0               0
           8.34     1.00332e-10     1.00332e-10
           8.36     2.01364e-10     1.42386e-10
           8.38               0               0
            8.4               0               0
           8.42               0               0
           8.44               0               0
           8.46               0               0
           8.48               0               0
            8.5               0               0
           8.52               0               0
           8.54               0               0
           8.56               0               0
           8.58               0               0
            8.6               0               0
           8.62               0               0
           8.64               0               0
           8.66               0               0
           8.68               0               0
            8.7               0               0
           8.72               0               0
           8.74               0               0
           8.76               0               0
           8.78               0               0
            8.8               0               0
           8.82               0               0
           8.84               0               0
           8.86               0               0
           8.88               0               0
            8.9               0               0
           8.92               0               0
           8.94               0               0
           8.96               0               0
           8.98               0               0
              9               0               0
           9.02               0               0
           9.04               0               0
           9.06               0               0
           9.08               0               0
            9.1               0               0
           9.12               0               0
           9.14               0               0
           9.16               0               0
           9.18               0               0
            9.2               0               0
           9.22               0               0
           9.24               0               0
           9.26               0               0
           9.28               0               0
            9.3               0               0
           9.32               0               0
           9.34               0               0
           9.36               0               0
           9.38               0               0
            9.4               0               0
           9.42               0               0
           9.44               0               0
           9.46               0               0
           9.48               0               0
            9.5               0               0
           9.52               0               0
           9.54               0               0
           9.56               0               0
           9.58               0               0
            9.6               0               0
           9.62               0               0
           9.64               0               0
           9.66               0               0
           9.68               0               0
            9.7               0               0
           9.72               0               0
           9.74               0               0
           9.76               0               0
           9.78               0               0
            9.8               0               0
           9.82               0               0
           9.84               0               0
           9.86               0               0
           9.88               0               0
            9.9               0               0
           9.92               0               0
           9.94               0               0
           9.96               0               0
           9.98               0               0
             10               0               0
          10.02               0               0
          10.04               0               0
          10.06               0               0
          10.08               0               0
           10.1               0               0
          10.12               0               0
          10.14               0               0
          10.16               0               0
          10.18               0               0
           10.2               0               0
          10.22               0               0
          10.24               0               0
          10.26               0               0
          10.28               0               0
           10.3               0               0
          10.32               0               0
          10.34               0               0
          10.36               0               0
          10.38               0               0
           10.4               0               0
          10.42               0               0
          10.44               0               0
          10.46               0               0
          10.48               0               0
           10.5               0               0
          10.52               0               0
          10.54               0               0
          10.56               0               0
          10.58               0               0
           10.6               0               0
          10.62               0               0
          10.64               0               0
          10.66               0               0
          10.68               0               0
           10.7               0               0
          10.72               0               0
          10.74               0               0
          10.76               0               0
          10.78               0               0
           10.8               0               0
          10.82               0               0
          10.84               0               0
          10.86               0               0
          10.88               0               0
           10.9               0               0
          10.92               0               0
          10.94               0               0
          10.96               0               0
          10.98               0               0
             11               0               0
          11.02               0               0
          11.04               0               0
          11.06               0               0
          11.08               0               0
           11.1               0               0
          11.12               0               0
          11.14               0               0
          11.16               0               0
          11.18               0               0
           11.2               0               0
          11.22               0               0
          11.24               0               0
          11.26               0               0
          11.28               0               0
           11.3               0               0
          11.32               0               0
          11.34               0               0
          11.36               0               0
          11.38               0               0
           11.4               0               0
          11.42               0               0
          11.44               0               0
          11.46               0               0
          11.48               0               0
           11.5               0               0
          11.52               0               0
          11.54               0               0
          11.56               0               0
          11.58               0               0
           11.6               0               0
          11.62               0               0
          11.64               0               0
          11.66               0               0
          11.68               0               0
           11.7               0               0
          11.72               0               0
          11.74               0               0
          11.76               0               0
          11.78               0               0
           11.8               0               0
          11.82               0               0
          11.84               0               0
          11.86               0               0
          11.88               0               0
           11.9               0               0
          11.92               0               0
          11.94               0               0
          11.96               0               0
          11.98               0               0
             12               0               0
          12.02               0               0
          12.04               0               0
          12.06               0               0
          12.08               0               0
           12.1               0               0
          12.12               0               0
          12.14               0               0
          12.16               0               0
          12.18               0               0
           12.2               0               0
          12.22               0               0
          12.24               0               0
          12.26               0               0
          12.28               0               0
           12.3               0               0
          12.32               0               0
          12.34               0               0
          12.36               0               0
          12.38               0               0
           12.4               0               0
          12.42               0               0
          12.44               0               0
          12.46               0               0
          12.48               0               0
           12.5               0               0
          12.52               0               0
          12.54               0               0
          12.56               0               0
          12.58               0               0
           12.6               0               0
          12.62               0               0
          12.64               0               0
          12.66               0               0
          12.68               0               0
           12.7               0               0
          12.72               0               0
          12.74               0               0
          12.76               0               0
          12.78               0               0
           12.8               0               0
          12.82               0               0
          12.84               0               0
          12.86               0               0
          12.88               0               0
           12.9               0               0
          12.92               0               0
          12.94               0               0
          12.96               0               0
          12.98               0               0
             13               0               0
          13.02               0               0
          13.04               0               0
          13.06               0               0
          13.08               0               0
           13.1               0               0
          13.12               0               0
          13.14               0               0
          13.16               0               0
          13.18               0               0
           13.2               0               0
          13.22               0               0
          13.24               0               0
          13.26               0               0
          13.28               0               0
           13.3               0               0
          13.32               0               0
          13.34               0               0
          13.36               0               0
          13.38               0               0
           13.4               0               0
          13.42               0               0
          13.44               0               0
          13.46               0               0
          13.48               0               0
           13.5               0               0
          13.52               0               0
          13.54               0               0
          13.56               0               0
          13.58               0               0
           13.6               0               0
          13.62               0               0
          13.64               0               0
          13.66               0               0
          13.68               0               0
           13.7               0               0
          13.72               0               0
          13.74               0               0
          13.76               0               0
          13.78               0               0
           13.8               0               0
          13.82               0               0
          13.84               0               0
          13.86               0               0
          13.88               0               0
           13.9               0               0
          13.92               0               0
          13.94               0               0
          13.96               0               0
          13.98               0               0
             14               0               0
          14.02               0               0
          14.04               0               0
          14.06               0               0
          14.08               0               0
           14.1               0               0
          14.12               0               0
          14.14               0               0
          14.16               0               0
          14.18               0               0
           14.2               0               0
          14.22               0               0
          14.24               0               0
          14.26               0               0
          14.28               0               0
           14.3               0               0
          14.32               0               0
          14.34               0               0
          14.36               0               0
          14.38               0               0
           14.4               0               0
          14.42               0               0
          14.44               0               0
          14.46               0               0
          14.48               0               0
           14.5               0               0
          14.52               0               0
          14.54               0               0
          14.56               0               0
          14.58               0               0
           14.6               0               0
          14.62               0               0
          14.64               0               0
          14.66               0               0
          14.68               0               0
           14.7               0               0
          14.72               0               0
          14.74               0               0
          14.76               0               0
          14.78               0               0
           14.8               0               0
          14.82               0               0
          14.84               0               0
          14.86               0               0
          14.88               0               0
           14.9               0               0
          14.92               0               0
          14.94               0               0
          14.96               0               0
          14.98               0               0
             15               0               0
          15.02               0               0
          15.04               0               0
          15.06               0               0
          15.08               0               0
           15.1               0               0
          15.12               0               0
          15.14               0               0
          15.16               0               0
          15.18               0               0
           15.2               0               0
          15.22               0               0
          15.24               0               0
          15.26               0               0
          15.28               0               0
           15.3               0               0
          15.32               0               0
          15.34               0               0
          15.36               0               0
          15.38               0               0
           15.4               0               0
          15.42               0               0
          15.44               0               0
          15.46               0               0
          15.48               0               0
           15.5               0               0
          15.52               0               0
          15.54               0               0
          15.56               0               0
          15.58               0               0
           15.6               0               0
          15.62               0               0
          15.64               0               0
          15.66               0               0
          15.68               0               0
           15.7               0               0
          15.72               0               0
          15.74               0               0
          15.76               0               0
          15.78               0               0
           15.8               0               0
          15.82               0               0
          15.84               0               0
          15.86               0               0
          15.88               0               0
           15.9               0               0
          15.92               0               0
          15.94               0               0
          15.96               0               0
          15.98               0               0
             16               0               0
          16.02               0               0
          16.04               0               0
          16.06               0               0
          16.08               0               0
           16.1               0               0
          16.12               0               0
          16.14               0               0
          16.16               0               0
          16.18               0               0
           16.2               0               0
          16.22               0               0
          16.24               0               0
          16.26               0               0
          16.28               0               0
           16.3               0               0
          16.32               0               0
          16.34               0               0
          16.36               0               0
          16.38               0               0
           16.4               0               0
          16.42               0               0
          16.44               0               0
          16.46               0               0
          16.48               0               0
           16.5               0               0
          16.52               0               0
          16.54               0               0
          16.56               0               0
          16.58               0               0
           16.6               0               0
          16.62               0               0
          16.64               0               0
          16.66               0               0
          16.68               0               0
           16.7               0               0
          16.72               0               0
          16.74               0               0
          16.76               0               0
          16.78               0               0
           16.8               0               0
          16.82               0               0
          16.84               0               0
          16.86               0               0
          16.88               0               0
           16.9               0               0
          16.92               0               0
          16.94               0               0
          16.96               0               0
          16.98               0               0
             17               0               0
          17.02               0               0
          17.04               0               0
          17.06               0               0
          17.08               0               0
           17.1               0               0
          17.12               0               0
          17.14               0               0
          17.16               0               0
          17.18               0               0
           17.2               0               0
          17.22               0               0
          17.24               0               0
          17.26               0               0
          17.28               0               0
           17.3               0               0
          17.32               0               0
          17.34               0               0
          17.36               0               0
          17.38               0               0
           17.4               0               0
          17.42               0               0
          17.44               0               0
          17.46               0               0
          17.48               0               0
           17.5               0               0
          17.52               0               0
          17.54               0               0
          17.56               0               0
          17.58               0               0
           17.6               0               0
          17.62               0               0
          17.64               0               0
          17.66               0               0
          17.68               0               0
           17.7               0               0
          17.72               0               0
          17.74               0               0
          17.76               0               0
          17.78               0               0
           17.8               0               0
          17.82               0               0
          17.84               0               0
          17.86               0               0
          17.88               0               0
           17.9               0               0
          17.92               0               0
          17.94               0               0
          17.96               0               0
          17.98               0               0
             18               0               0
          18.02               0               0
          18.04               0               0
          18.06               0               0
          18.08               0               0
           18.1               0               0
          18.12               0               0
          18.14               0               0
          18.16               0               0
          18.18               0               0
           18.2               0               0
          18.22               0               0
          18.24               0               0
          18.26               0               0
          18.28               0               0
           18.3               0               0
          18.32               0               0
          18.34               0               0
          18.36               0               0
          18.38               0               0
           18.4               0               0
          18.42               0               0
          18.44               0               0
          18.46               0               0
          18.48               0               0
           18.5               0               0
          18.52               0               0
          18.54               0               0
          18.56               0               0
          18.58               0               0
           18.6               0               0
          18.62               0               0
          18.64               0               0
          18.66               0               0
          18.68               0               0
           18.7               0               0
          18.72               0               0
          18.74               0               0
          18.76               0               0
          18.78               0               0
           18.8               0               0
          18.82               0               0
          18.84               0               0
          18.86               0               0
          18.88               0               0
           18.9               0               0
          18.92               0               0
          18.94               0               0
          18.96               0               0
          18.98               0               0
             19               0               0
          19.02               0               0
          19.04               0               0
          19.06               0               0
          19.08               0               0
           19.1               0               0
          19.12               0               0
          19.14               0               0
          19.16               0               0
          19.18               0               0
           19.2               0               0
          19.22               0               0
          19.24               0               0
          19.26               0               0
          19.28               0               0
           19.3               0               0
          19.32               0               0
          19.34               0               0
          19.36               0               0
          19.38               0               0
           19.4               0               0
          19.42               0               0
          19.44               0               0
          19.46               0               0
          19.48               0               0
           19.5               0               0
          19.52               0               0
          19.54               0               0
          19.56               0               0
          19.58               0               0
           19.6               0               0
          19.62               0               0
          19.64               0               0
          19.66               0               0
          19.68               0               0
           19.7               0               0
          19.72               0               0
          19.74               0               0
          19.76               0               0
          19.78               0               0
           19.8               0               0
          19.82               0               0
          19.84               0               0
          19.86               0               0
          19.88               0               0
           19.9               0               0
          19.92               0               0
          19.94               0               0
          19.96               0               0
          19.98               0               0
             20               0               0
          20.02               0               0

AFlux_Sample  1000  20
              0               0               0
           0.02     2.65958e-07     6.61949e-11
           0.04     2.37988e-07     5.23796e-11
           0.06     2.20819e-07     4.55515e-11
           0.08     2.07637e-07     4.08336e-11
            0.1     1.96949e-07     3.72014e-11
           0.12     1.88027e-07     3.42223e-11
           0.14     1.80477e-07      3.1705e-11
           0.16      1.7405e-07     2.95344e-11
           0.18     1.68561e-07     2.76419e-11
            0.2     1.63907e-07     2.60021e-11
           0.22     1.59978e-07      2.4581e-11
           0.24     1.56673e-07     2.33586e-11
           0.26      1.5392e-07     2.23188e-11
           0.28     1.51631e-07     2.14388e-11
            0.3      1.4975e-07     2.07065e-11
           0.32     1.48221e-07     2.01053e-11
           0.34     1.46983e-07     1.96159e-11
           0.36     1.45993e-07     1.92242e-11
           0.38     1.45216e-07     1.89177e-11
            0.4     1.44614e-07     1.86806e-11
           0.42     1.44154e-07     1.85004e-11
           0.44     1.43807e-07     1.83653e-11
           0.46     1.43551e-07     1.82663e-11
           0.48     1.43365e-07     1.81939e-11
            0.5     1.43233e-07     1.81426e-11
           0.52     1.43143e-07     1.81069e-11
           0.54     1.43082e-07     1.80826e-11
           0.56     1.43044e-07     1.80667e-11
           0.58     1.43023e-07     1.80563e-11
            0.6     1.43012e-07     1.80499e-11
           0.62     1.43009e-07     1.80462e-11
           0.64     1.43011e-07      1.8044e-11
           0.66     1.43016e-07     1.80429e-11
           0.68     1.43023e-07     1.80423e-11
            0.7      1.4303e-07      1.8042e-11
           0.72     1.43038e-07     1.80416e-11
           0.74     1.43046e-07     1.80413e-11
           0.76     1.43052e-07      1.8041e-11
           0.78     1.43059e-07     1.80407e-11
            0.8     1.43065e-07     1.80401e-11
           0.82     1.43071e-07     1.80394e-11
           0.84     1.43077e-07     1.80385e-11
           0.86     1.43082e-07     1.80375e-11
           0.88     1.43087e-07     1.80365e-11
            0.9     1.43093e-07     1.80353e-11
           0.92     1.43098e-07      1.8034e-11
           0.94     1.43103e-07     1.80327e-11
           0.96     1.43108e-07     1.80314e-11
           0.98     1.43113e-07       1.803e-11
              1     1.43118e-07     1.80288e-11
           1.02     1.43123e-07     1.80275e-11
           1.04     1.43128e-07      1.8026e-11
           1.06     1.43133e-07     1.80247e-11
           1.08     1.43137e-07     1.80234e-11
            1.1     1.43142e-07      1.8022e-11
           1.12     1.43147e-07     1.80206e-11
           1.14     1.43152e-07     1.80192e-11
           1.16     1.43157e-07     1.80179e-11
           1.18     1.43162e-07     1.80165e-11
            1.2     1.43167e-07     1.80151e-11
           1.22     1.43172e-07     1.80136e-11
           1.24     1.43177e-07     1.80122e-11
           1.26     1.43182e-07     1.80109e-11
           1.28     1.43187e-07     1.80095e-11
            1.3     1.43192e-07      1.8008e-11
           1.32     1.43198e-07     1.80066e-11
           1.34     1.43203e-07     1.80053e-11
           1.36     1.43208e-07      1.8004e-11
           1.38     1.43213e-07     1.80026e-11
            1.4     1.43219e-07      1.8001e-11
           1.42     1.43224e-07     1.79995e-11
           1.44      1.4323e-07     1.79981e-11
           1.46     1.43235e-07     1.79967e-11
           1.48     1.43241e-07     1.79953e-11
            1.5     1.43246e-07     1.79938e-11
           1.52     1.43252e-07     1.79924e-11
           1.54     1.43258e-07     1.79908e-11
           1.56     1.43263e-07     1.79895e-11
           1.58     1.43269e-07     1.79881e-11
            1.6     1.43275e-07     1.79867e-11
           1.62      1.4328e-07     1.79852e-11
           1.64     1.43287e-07     1.79836e-11
           1.66     1.43293e-07     1.79821e-11
           1.68     1.43299e-07     1.79805e-11
            1.7     1.43306e-07      1.7979e-11
           1.72     1.43312e-07     1.79776e-11
           1.74     1.43318e-07     1.79761e-11
           1.76     1.43324e-07     1.79748e-11
           1.78     1.43329e-07     1.79734e-11
            1.8     1.43335e-07     1.79719e-11
           1.82     1.43342e-07     1.79704e-11
           1.84     1.43348e-07     1.79689e-11
           1.86     1.43354e-07     1.79675e-11
           1.88     1.43361e-07      1.7966e-11
            1.9     1.43367e-07     1.79645e-11
           1.92     1.43374e-07     1.79631e-11
           1.94      1.4338e-07     1.79617e-11
           1.96     1.43387e-07     1.79602e-11
           1.98     1.43394e-07     1.79586e-11
              2     1.43401e-07      1.7957e-11
           2.02     1.43408e-07     1.79554e-11
           2.04     1.43415e-07      1.7954e-11
           2.06     1.43422e-07     1.79523e-11
           2.08     1.43429e-07     1.79509e-11
            2.1     1.43436e-07     1.79495e-11
           2.12     1.43443e-07      1.7948e-11
           2.14      1.4345e-07     1.79465e-11
           2.16     1.43457e-07     1.79449e-11
           2.18     1.43465e-07     1.79432e-11
            2.2     1.43473e-07     1.79418e-11
           2.22      1.4348e-07     1.79403e-11
           2.24     1.43488e-07     1.79387e-11
           2.26     1.43496e-07     1.79372e-11
           2.28     1.43504e-07     1.79355e-11
            2.3     1.43512e-07      1.7934e-11
           2.32      1.4352e-07     1.79325e-11
           2.34     1.43528e-07      1.7931e-11
           2.36     1.43535e-07     1.79295e-11
           2.38     1.43543e-07     1.79278e-11
            2.4     1.43552e-07     1.79263e-11
           2.42     1.43559e-07     1.79249e-11
           2.44     1.43567e-07     1.79235e-11
           2.46     1.43574e-07     1.79224e-11
           2.48     1.43577e-07     1.79224e-11
            2.5     1.43581e-07     1.79212e-11
           2.52     1.43588e-07       1.792e-11
           2.54     1.43594e-07     1.79191e-11
           2.56     1.43596e-07     1.79193e-11
           2.58     1.43597e-07      1.7919e-11
            2.6     1.43602e-07     1.79177e-11
           2.62      1.4361e-07     1.79161e-11
           2.64     1.43619e-07     1.79148e-11
           2.66     1.43628e-07     1.79137e-11
           2.68     1.43638e-07      1.7913e-11
            2.7     1.43647e-07     1.79133e-11
           2.72     1.43655e-07     1.79155e-11
           2.74     1.43665e-07     1.79187e-11
           2.76     1.43687e-07     1.79236e-11
           2.78     1.43724e-07      1.7933e-11
            2.8     1.43782e-07       1.795e-11
           2.82     1.43872e-07     1.79794e-11
           2.84     1.44009e-07     1.80268e-11
           2.86     1.44215e-07     1.81013e-11
           2.88     1.44524e-07     1.82162e-11
            2.9     1.44978e-07     1.83869e-11
           2.92     1.45629e-07     1.86304e-11
           2.94     1.46539e-07     1.89651e-11
           2.96     1.47787e-07     1.94109e-11
           2.98     1.49439e-07     1.99796e-11
              3     1.51573e-07     2.06804e-11
           3.02     1.54247e-07     2.15082e-11
           3.04     1.57501e-07     2.24433e-11
           3.06     1.61359e-07     2.34589e-11
           3.08     1.65799e-07     2.45165e-11
            3.1     1.70766e-07     2.55736e-11
           3.12     1.76167e-07     2.65873e-11
           3.14     1.81854e-07     2.75182e-11
           3.16     1.87684e-07     2.83402e-11
           3.18     1.93472e-07     2.90376e-11
            3.2      1.9906e-07     2.96048e-11
           3.22     2.04306e-07     3.00474e-11
           3.24     2.09077e-07     3.03786e-11
           3.26     2.13287e-07      3.0616e-11
           3.28     2.16896e-07     3.07806e-11
            3.3     2.19896e-07     3.08908e-11
           3.32      2.2232e-07     3.09653e-11
           3.34      2.2421e-07     3.10136e-11
           3.36      2.2565e-07      3.1043e-11
           3.38     2.26724e-07     3.10573e-11
            3.4     2.27512e-07     3.10603e-11
           3.42     2.28081e-07     3.10554e-11
           3.44     2.28485e-07      3.1047e-11
           3.46     2.28771e-07     3.10344e-11
           3.48     2.28977e-07     3.10193e-11
            3.5     2.29127e-07     3.10036e-11
           3.52     2.29237e-07     3.09891e-11
           3.54     2.29319e-07     3.09753e-11
           3.56      2.2938e-07     3.09643e-11
           3.58     2.29431e-07     3.09524e-11
            3.6      2.2948e-07     3.09409e-11
           3.62     2.29514e-07     3.09327e-11
           3.64     2.29558e-07       3.092e-11
           3.66     2.29609e-07     3.09059e-11
           3.68     2.29664e-07     3.08909e-11
            3.7      2.2972e-07     3.08755e-11
           3.72     2.29777e-07       3.086e-11
           3.74     2.29837e-07     3.08437e-11
           3.76     2.29899e-07     3.08269e-11
           3.78     2.29958e-07     3.08114e-11
            3.8     2.30009e-07     3.07987e-11
           3.82     2.30045e-07     3.07905e-11
           3.84     2.30063e-07     3.07867e-11
           3.86     2.30077e-07     3.07827e-11
           3.88     2.30102e-07     3.07749e-11
            3.9     2.30137e-07     3.07655e-11
           3.92     2.30168e-07     3.07576e-11
           3.94     2.30202e-07     3.07479e-11
           3.96     2.30251e-07     3.07333e-11
           3.98      2.3032e-07     3.07138e-11
              4       2.304e-07     3.06921e-11
           4.02     2.30482e-07     3.06706e-11
           4.04     2.30564e-07     3.06487e-11
           4.06     2.30648e-07     3.06267e-11
           4.08     2.30724e-07     3.06082e-11
            4.1     2.30774e-07     3.05974e-11
           4.12     2.30808e-07     3.05885e-11
           4.14     2.30854e-07      3.0575e-11
           4.16     2.30914e-07     3.05589e-11
           4.18     2.30977e-07      3.0542e-11
            4.2     2.31039e-07     3.05264e-11
           4.22     2.31091e-07     3.05143e-11
           4.24     2.31121e-07     3.05086e-11
           4.26     2.31134e-07      3.0506e-11
           4.28     2.31145e-07     3.05026e-11
            4.3     2.31174e-07     3.04931e-11
           4.32     2.31221e-07     3.04805e-11
           4.34     2.31262e-07     3.04713e-11
           4.36     2.31283e-07     3.04678e-11
           4.38     2.31287e-07     3.04678e-11
            4.4     2.31287e-07     3.04678e-11
           4.42     2.31292e-07     3.04658e-11
           4.44     2.31312e-07     3.04594e-11
           4.46     2.31349e-07     3.04483e-11
           4.48     2.31403e-07     3.04336e-11
            4.5     2.31471e-07     3.04154e-11
           4.52     2.31547e-07     3.03964e-11
           4.54     2.31609e-07     3.03831e-11
           4.56     2.31631e-07     3.03812e-11
           4.58     2.31642e-07     3.03774e-11
            4.6     2.31655e-07     3.03751e-11
           4.62     2.31663e-07     3.03729e-11
           4.64     2.31673e-07     3.03706e-11
           4.66     2.31683e-07      3.0368e-11
           4.68       2.317e-07     3.03628e-11
            4.7     2.31732e-07     3.03534e-11
           4.72      2.3178e-07     3.03408e-11
           4.74     2.31831e-07     3.03279e-11
           4.76     2.31893e-07     3.03118e-11
           4.78     2.31962e-07     3.02944e-11
            4.8     2.32033e-07     3.02772e-11
           4.82     2.32103e-07     3.02603e-11
           4.84     2.32168e-07     3.02445e-11
           4.86      2.3223e-07     3.02306e-11
           4.88     2.32259e-07     3.02269e-11
            4.9     2.32285e-07     3.02182e-11
           4.92     2.32335e-07     3.02051e-11
           4.94     2.32376e-07     3.01974e-11
           4.96     2.32404e-07     3.01901e-11
           4.98     2.32447e-07     3.01781e-11
              5      2.3251e-07     3.01613e-11
           5.02     2.32589e-07     3.01413e-11
           5.04     2.32676e-07     3.01197e-11
           5.06     2.32767e-07     3.00984e-11
           5.08     2.32817e-07     3.00929e-11
            5.1     2.32822e-07     3.00923e-11
           5.12     2.32838e-07     3.00869e-11
           5.14     2.32856e-07     3.00838e-11
           5.16     2.32875e-07     3.00781e-11
           5.18     2.32902e-07     3.00715e-11
            5.2     2.32932e-07     3.00644e-11
           5.22     2.32963e-07      3.0057e-11
           5.24     2.32991e-07     3.00506e-11
           5.26     2.33019e-07     3.00443e-11
           5.28     2.33045e-07     3.00384e-11
            5.3      2.3307e-07     3.00326e-11
           5.32     2.33093e-07     3.00278e-11
           5.34     2.33114e-07     3.00231e-11
           5.36     2.33135e-07     3.00189e-11
           5.38     2.33156e-07     3.00153e-11
            5.4     2.33181e-07     3.00128e-11
           5.42     2.33215e-07     3.00124e-11
           5.44     2.33274e-07     3.00158e-11
           5.46     2.33381e-07     3.00269e-11
           5.48     2.33585e-07     3.00524e-11
            5.5     2.33957e-07     3.01044e-11
           5.52     2.34603e-07     3.01999e-11
           5.54     2.35666e-07     3.03605e-11
           5.56      2.3731e-07     3.06099e-11
           5.58     2.39706e-07      3.0968e-11
            5.6     2.42979e-07     3.14427e-11
           5.62     2.47176e-07     3.20127e-11
           5.64     2.52239e-07     3.26429e-11
           5.66     2.57964e-07     3.32723e-11
           5.68      2.6405e-07     3.38523e-11
            5.7     2.70109e-07     3.43439e-11
           5.72     2.75759e-07     3.47311e-11
           5.74     2.80716e-07     3.50141e-11
           5.76      2.8479e-07     3.52112e-11
           5.78     2.87929e-07     3.53463e-11
            5.8     2.90197e-07     3.54354e-11
           5.82     2.91742e-07     3.54938e-11
           5.84     2.92734e-07     3.55289e-11
           5.86     2.93332e-07     3.55489e-11
           5.88     2.93676e-07     3.55577e-11
            5.9     2.93866e-07     3.55595e-11
           5.92     2.93971e-07     3.55568e-11
           5.94     2.94032e-07     3.55519e-11
           5.96     2.94069e-07     3.55462e-11
           5.98     2.94097e-07     3.55395e-11
              6     2.94121e-07     3.55327e-11
           6.02     2.94142e-07     3.55259e-11
           6.04     2.94162e-07     3.55194e-11
           6.06     2.94182e-07     3.55127e-11
           6.08     2.94202e-07     3.55061e-11
            6.1      2.9422e-07     3.55004e-11
           6.12     2.94238e-07     3.54944e-11
           6.14     2.94256e-07     3.54884e-11
           6.16     2.94272e-07      3.5483e-11
           6.18     2.94289e-07     3.54777e-11
            6.2     2.94305e-07     3.54724e-11
           6.22      2.9432e-07     3.54672e-11
           6.24     2.94336e-07     3.54622e-11
           6.26      2.9435e-07     3.54576e-11
           6.28     2.94366e-07     3.54523e-11
            6.3      2.9438e-07     3.54475e-11
           6.32     2.94395e-07     3.54429e-11
           6.34     2.94409e-07     3.54381e-11
           6.36     2.94423e-07     3.54335e-11
           6.38     2.94437e-07     3.54291e-11
            6.4      2.9445e-07     3.54247e-11
           6.42     2.94463e-07     3.54207e-11
           6.44     2.94475e-07     3.54167e-11
           6.46     2.94488e-07     3.54126e-11
           6.48     2.94499e-07      3.5409e-11
            6.5     2.94511e-07     3.54052e-11
           6.52     2.94522e-07     3.54015e-11
           6.54     2.94533e-07     3.53981e-11
           6.56     2.94544e-07     3.53944e-11
           6.58     2.94555e-07     3.53909e-11
            6.6     2.94566e-07     3.53874e-11
           6.62     2.94576e-07     3.53842e-11
           6.64     2.94586e-07     3.53809e-11
           6.66     2.94597e-07     3.53775e-11
           6.68     2.94606e-07     3.53746e-11
            6.7     2.94615e-07     3.53719e-11
           6.72     2.94624e-07      3.5369e-11
           6.74     2.94633e-07      3.5366e-11
           6.76     2.94642e-07     3.53631e-11
           6.78     2.94651e-07     3.53603e-11
            6.8      2.9466e-07     3.53575e-11
           6.82     2.94668e-07     3.53548e-11
           6.84     2.94677e-07     3.53523e-11
           6.86     2.94685e-07     3.53496e-11
           6.88     2.94692e-07     3.53473e-11
            6.9       2.947e-07      3.5345e-11
           6.92     2.94708e-07     3.53423e-11
           6.94     2.94715e-07       3.534e-11
           6.96     2.94723e-07     3.53378e-11
           6.98     2.94729e-07     3.53359e-11
              7     2.94736e-07     3.53337e-11
           7.02     2.94743e-07     3.53315e-11
           7.04     2.94749e-07     3.53296e-11
           7.06     2.94755e-07     3.53277e-11
           7.08     2.94761e-07     3.53257e-11
            7.1     2.94767e-07     3.53238e-11
           7.12     2.94772e-07     3.53224e-11
           7.14     2.94777e-07     3.53208e-11
           7.16     2.94783e-07      3.5319e-11
           7.18     2.94788e-07     3.53174e-11
            7.2     2.94793e-07     3.53158e-11
           7.22     2.94798e-07     3.53145e-11
           7.24     2.94802e-07     3.53131e-11
           7.26     2.94807e-07     3.53116e-11
           7.28     2.94812e-07     3.53102e-11
            7.3     2.94816e-07     3.53088e-11
           7.32     2.94821e-07     3.53073e-11
           7.34     2.94826e-07     3.53058e-11
           7.36      2.9483e-07     3.53047e-11
           7.38     2.94834e-07     3.53034e-11
            7.4     2.94838e-07     3.53022e-11
           7.42     2.94841e-07     3.53012e-11
           7.44     2.94845e-07        3.53e-11
           7.46     2.94849e-07      3.5299e-11
           7.48     2.94852e-07      3.5298e-11
            7.5     2.94855e-07      3.5297e-11
           7.52     2.94859e-07      3.5296e-11
           7.54     2.94862e-07      3.5295e-11
           7.56     2.94865e-07     3.52942e-11
           7.58     2.94867e-07     3.52935e-11
            7.6     2.94869e-07     3.52928e-11
           7.62     2.94872e-07     3.52921e-11
           7.64     2.94874e-07     3.52914e-11
           7.66     2.94876e-07     3.52908e-11
           7.68     2.94878e-07     3.52902e-11
            7.7     2.94882e-07     3.52892e-11
           7.72     2.94889e-07     3.52871e-11
           7.74     2.94914e-07     3.52815e-11
           7.76     2.94987e-07      3.5267e-11
           7.78     2.95206e-07     3.52303e-11
            7.8      2.9575e-07     3.51542e-11
           7.82     2.96953e-07     3.50122e-11
           7.84     2.99261e-07     3.47782e-11
           7.86      3.0309e-07     3.44401e-11
           7.88       3.086e-07     3.39885e-11
            7.9     3.15465e-07     3.34418e-11
           7.92     3.22895e-07     3.28285e-11
           7.94     3.29881e-07     3.22242e-11
           7.96     3.35578e-07     3.17254e-11
           7.98     3.39616e-07     3.13803e-11
              8     3.42103e-07     3.11884e-11
           8.02     3.43433e-07     3.10983e-11
           8.04     3.44051e-07     3.10644e-11
           8.06     3.44309e-07     3.10512e-11
           8.08     3.44406e-07     3.10454e-11
            8.1     3.44441e-07     3.10418e-11
           8.12     3.44456e-07     3.10379e-11
           8.14     3.44465e-07     3.10344e-11
           8.16     3.44473e-07     3.10308e-11
           8.18      3.4448e-07     3.10271e-11
            8.2     3.44488e-07     3.10232e-11
           8.22     3.44495e-07     3.10199e-11
           8.24     3.44502e-07     3.10163e-11
           8.26     3.44509e-07      3.1013e-11
           8.28     3.44516e-07     3.10095e-11
            8.3     3.44523e-07      3.1006e-11
           8.32      3.4453e-07     3.10026e-11
           8.34     3.44536e-07     3.09993e-11
           8.36     3.44544e-07     3.09955e-11
           8.38     3.44551e-07     3.09921e-11
            8.4     3.44558e-07     3.09882e-11
           8.42     3.44566e-07     3.09847e-11
           8.44     3.44572e-07     3.09813e-11
           8.46     3.44579e-07     3.09781e-11
           8.48     3.44586e-07     3.09749e-11
            8.5     3.44592e-07     3.09716e-11
           8.52     3.44599e-07     3.09681e-11
           8.54     3.44605e-07     3.09653e-11
           8.56     3.44611e-07     3.09624e-11
           8.58     3.44617e-07     3.09594e-11
            8.6     3.44623e-07     3.09564e-11
           8.62     3.44629e-07     3.09533e-11
           8.64     3.44636e-07     3.09503e-11
           8.66     3.44642e-07      3.0947e-11
           8.68     3.44648e-07     3.09444e-11
            8.7     3.44654e-07     3.09413e-11
           8.72      3.4466e-07     3.09384e-11
           8.74     3.44666e-07     3.09353e-11
           8.76     3.44672e-07     3.09327e-11
           8.78     3.44677e-07       3.093e-11
            8.8     3.44683e-07     3.09274e-11
           8.82     3.44687e-07     3.09251e-11
           8.84     3.44693e-07     3.09225e-11
           8.86     3.44698e-07       3.092e-11
           8.88     3.44703e-07     3.09174e-11
            8.9     3.44708e-07     3.09149e-11
           8.92     3.44713e-07     3.09123e-11
           8.94     3.44718e-07     3.09103e-11
           8.96     3.44723e-07     3.09078e-11
           8.98     3.44728e-07     3.09056e-11
              9     3.44732e-07     3.09033e-11
           9.02     3.44737e-07     3.09009e-11
           9.04     3.44742e-07     3.08989e-11
           9.06     3.44745e-07     3.08973e-11
           9.08     3.44748e-07     3.08956e-11
            9.1     3.44753e-07     3.08935e-11
           9.12     3.44757e-07     3.08915e-11
           9.14     3.44761e-07     3.08897e-11
           9.16     3.44764e-07     3.08883e-11
           9.18     3.44766e-07     3.08869e-11
            9.2      3.4477e-07     3.08854e-11
           9.22     3.44772e-07     3.08841e-11
           9.24     3.44775e-07     3.08829e-11
           9.26     3.44777e-07     3.08819e-11
           9.28     3.44779e-07     3.08811e-11
            9.3     3.44781e-07       3.088e-11
           9.32     3.44783e-07     3.08791e-11
           9.34     3.44785e-07     3.08783e-11
           9.36     3.44786e-07     3.08776e-11
           9.38     3.44787e-07     3.08772e-11
            9.4     3.44788e-07     3.08765e-11
           9.42     3.44789e-07      3.0876e-11
           9.44      3.4479e-07     3.08756e-11
           9.46     3.44791e-07     3.08753e-11
           9.48     3.44791e-07     3.08751e-11
            9.5     3.44791e-07      3.0875e-11
           9.52     3.44791e-07      3.0875e-11
           9.54     3.44791e-07      3.0875e-11
           9.56     3.44791e-07      3.0875e-11
           9.58     3.44791e-07      3.0875e-11
            9.6     3.44791e-07     3.08751e-11
           9.62     3.44791e-07     3.08751e-11
           9.64     3.44791e-07     3.08751e-11
           9.66     3.44791e-07     3.08751e-11
           9.68     3.44791e-07     3.08752e-11
            9.7      3.4479e-07     3.08752e-11
           9.72      3.4479e-07     3.08752e-11
           9.74      3.4479e-07     3.08752e-11
           9.76      3.4479e-07     3.08752e-11
           9.78      3.4479e-07     3.08753e-11
            9.8      3.4479e-07     3.08754e-11
           9.82      3.4479e-07     3.08754e-11
           9.84      3.4479e-07     3.08754e-11
           9.86      3.4479e-07     3.08754e-11
           9.88      3.4479e-07     3.08754e-11
            9.9      3.4479e-07     3.08754e-11
           9.92      3.4479e-07     3.08755e-11
           9.94     3.44789e-07     3.08755e-11
           9.96     3.44789e-07     3.08755e-11
           9.98     3.44789e-07     3.08755e-11
             10     3.44789e-07     3.08755e-11
          10.02               0               0
          10.04               0               0
          10.06               0               0
          10.08               0               0
           10.1               0               0
          10.12               0               0
          10.14               0               0
          10.16               0               0
          10.18               0               0
           10.2               0               0
          10.22               0               0
          10.24               0               0
          10.26               0               0
          10.28               0               0
           10.3               0               0
          10.32               0               0
          10.34               0               0
          10.36               0               0
          10.38               0               0
           10.4               0               0
          10.42               0               0
          10.44               0               0
          10.46               0               0
          10.48               0               0
           10.5               0               0
          10.52               0               0
          10.54               0               0
          10.56               0               0
          10.58               0               0
           10.6               0               0
          10.62               0               0
          10.64               0               0
          10.66               0               0
          10.68               0               0
           10.7               0               0
          10.72               0               0
          10.74               0               0
          10.76               0               0
          10.78               0               0
           10.8               0               0
          10.82               0               0
          10.84               0               0
          10.86               0               0
          10.88               0               0
           10.9               0               0
          10.92               0               0
          10.94               0               0
          10.96               0               0
          10.98               0               0
             11               0               0
          11.02               0               0
          11.04               0               0
          11.06               0               0
          11.08               0               0
           11.1               0               0
          11.12               0               0
          11.14               0               0
          11.16               0               0
          11.18               0               0
           11.2               0               0
          11.22               0               0
          11.24               0               0
          11.26               0               0
          11.28               0               0
           11.3               0               0
          11.32               0               0
          11.34               0               0
          11.36               0               0
          11.38               0               0
           11.4               0               0
          11.42               0               0
          11.44               0               0
          11.46               0               0
          11.48               0               0
           11.5               0               0
          11.52               0               0
          11.54               0               0
          11.56               0               0
          11.58               0               0
           11.6               0               0
          11.62               0               0
          11.64               0               0
          11.66               0               0
          11.68               0               0
           11.7               0               0
          11.72               0               0
          11.74               0               0
          11.76               0               0
          11.78               0               0
           11.8               0               0
          11.82               0               0
          11.84               0               0
          11.86               0               0
          11.88               0               0
           11.9               0               0
          11.92               0               0
          11.94               0               0
          11.96               0               0
          11.98               0               0
             12               0               0
          12.02               0               0
          12.04               0               0
          12.06               0               0
          12.08               0               0
           12.1               0               0
          12.12               0               0
          12.14               0               0
          12.16               0               0
          12.18               0               0
           12.2               0               0
          12.22               0               0
          12.24               0               0
          12.26               0               0
          12.28               0               0
           12.3               0               0
          12.32               0               0
          12.34               0               0
          12.36               0               0
          12.38               0               0
           12.4               0               0
          12.42               0               0
          12.44               0               0
          12.46               0               0
          12.48               0               0
           12.5               0               0
          12.52               0               0
          12.54               0               0
          12.56               0               0
          12.58               0               0
           12.6               0               0
          12.62               0               0
          12.64               0               0
          12.66               0               0
          12.68               0               0
           12.7               0               0
          12.72               0               0
          12.74               0               0
          12.76               0               0
          12.78               0               0
           12.8               0               0
          12.82               0               0
          12.84               0               0
          12.86               0               0
          12.88               0               0
           12.9               0               0
          12.92               0               0
          12.94               0               0
          12.96               0               0
          12.98               0               0
             13               0               0
          13.02               0               0
          13.04               0               0
          13.06               0               0
          13.08               0               0
           13.1               0               0
          13.12               0               0
          13.14               0               0
          13.16               0               0
          13.18               0               0
           13.2               0               0
          13.22               0               0
          13.24               0               0
          13.26               0               0
          13.28               0               0
           13.3               0               0
          13.32               0               0
          13.34               0               0
          13.36               0               0
          13.38               0               0
           13.4               0               0
          13.42               0               0
          13.44               0               0
          13.46               0               0
          13.48               0               0
           13.5               0               0
          13.52               0               0
          13.54               0               0
          13.56               0               0
          13.58               0               0
           13.6               0               0
          13.62               0               0
          13.64               0               0
          13.66               0               0
          13.68               0               0
           13.7               0               0
          13.72               0               0
          13.74               0               0
          13.76               0               0
          13.78               0               0
           13.8               0               0
          13.82               0               0
          13.84               0               0
          13.86               0               0
          13.88               0               0
           13.9               0               0
          13.92               0               0
          13.94               0               0
          13.96               0               0
          13.98               0               0
             14               0               0
          14.02               0               0
          14.04               0               0
          14.06               0               0
          14.08               0               0
           14.1               0               0
          14.12               0               0
          14.14               0               0
          14.16               0               0
          14.18               0               0
           14.2               0               0
          14.22               0               0
          14.24               0               0
          14.26               0               0
          14.28               0               0
           14.3               0               0
          14.32               0               0
          14.34               0               0
          14.36               0               0
          14.38               0               0
           14.4               0               0
          14.42               0               0
          14.44               0               0
          14.46               0               0
          14.48               0               0
           14.5               0               0
          14.52               0               0
          14.54               0               0
          14.56               0               0
          14.58               0               0
           14.6               0               0
          14.62               0               0
          14.64               0               0
          14.66               0               0
          14.68               0               0
           14.7               0               0
          14.72               0               0
          14.74               0               0
          14.76               0               0
          14.78               0               0
           14.8               0               0
          14.82               0               0
          14.84               0               0
          14.86               0               0
          14.88               0               0
           14.9               0               0
          14.92               0               0
          14.94               0               0
          14.96               0               0
          14.98               0               0
             15               0               0
          15.02               0               0
          15.04               0               0
          15.06               0               0
          15.08               0               0
           15.1               0               0
          15.12               0               0
          15.14               0               0
          15.16               0               0
          15.18               0               0
           15.2               0               0
          15.22               0               0
          15.24               0               0
          15.26               0               0
          15.28               0               0
           15.3               0               0
          15.32               0               0
          15.34               0               0
          15.36               0               0
          15.38               0               0
           15.4               0               0
          15.42               0               0
          15.44               0               0
          15.46               0               0
          15.48               0               0
           15.5               0               0
          15.52               0               0
          15.54               0               0
          15.56               0               0
          15.58               0               0
           15.6               0               0
          15.62               0               0
          15.64               0               0
          15.66               0               0
          15.68               0               0
           15.7               0               0
          15.72               0               0
          15.74               0               0
          15.76               0               0
          15.78               0               0
           15.8               0               0
          15.82               0               0
          15.84               0               0
          15.86               0               0
          15.88               0               0
           15.9               0               0
          15.92               0               0
          15.94               0               0
          15.96               0               0
          15.98               0               0
             16               0               0
          16.02               0               0
          16.04               0               0
          16.06               0               0
          16.08               0               0
           16.1               0               0
          16.12               0               0
          16.14               0               0
          16.16               0               0
          16.18               0               0
           16.2               0               0
          16.22               0               0
          16.24               0               0
          16.26               0               0
          16.28               0               0
           16.3               0               0
          16.32               0               0
          16.34               0               0
          16.36               0               0
          16.38               0               0
           16.4               0               0
          16.42               0               0
          16.44               0               0
          16.46               0               0
          16.48               0               0
           16.5               0               0
          16.52               0               0
          16.54               0               0
          16.56               0               0
          16.58               0               0
           16.6               0               0
          16.62               0               0
          16.64               0               0
          16.66               0               0
          16.68               0               0
           16.7               0               0
          16.72               0               0
          16.74               0               0
          16.76               0               0
          16.78               0               0
           16.8               0               0
          16.82               0               0
          16.84               0               0
          16.86               0               0
          16.88               0               0
           16.9               0               0
          16.92               0               0
          16.94               0               0
          16.96               0               0
          16.98               0               0
             17               0               0
          17.02               0               0
          17.04               0               0
          17.06               0               0
          17.08               0               0
           17.1               0               0
          17.12               0               0
          17.14               0               0
          17.16               0               0
          17.18               0               0
           17.2               0               0
          17.22               0               0
          17.24               0               0
          17.26               0               0
          17.28               0               0
           17.3               0               0
          17.32               0               0
          17.34               0               0
          17.36               0               0
          17.38               0               0
           17.4               0               0
          17.42               0               0
          17.44               0               0
          17.46               0               0
          17.48               0               0
           17.5               0               0
          17.52               0               0
          17.54               0               0
          17.56               0               0
          17.58               0               0
           17.6               0               0
          17.62               0               0
          17.64               0               0
          17.66               0               0
          17.68               0               0
           17.7               0               0
          17.72               0               0
          17.74               0               0
          17.76               0               0
          17.78               0               0
           17.8               0               0
          17.82               0               0
          17.84               0               0
          17.86               0               0
          17.88               0               0
           17.9               0               0
          17.92               0               0
          17.94               0               0
          17.96               0               0
          17.98               0               0
             18               0               0
          18.02               0               0
          18.04               0               0
          18.06               0               0
          18.08               0               0
           18.1               0               0
          18.12               0               0
          18.14               0               0
          18.16               0               0
          18.18               0               0
           18.2               0               0
          18.22               0               0
          18.24               0               0
          18.26               0               0
          18.28               0               0
           18.3               0               0
          18.32               0               0
          18.34               0               0
          18.36               0               0
          18.38               0               0
           18.4               0               0
          18.42               0               0
          18.44               0               0
          18.46               0               0
          18.48               0               0
           18.5               0               0
          18.52               0               0
          18.54               0               0
          18.56               0               0
          18.58               0               0
           18.6               0               0
          18.62               0               0
          18.64               0               0
          18.66               0               0
          18.68               0               0
           18.7               0               0
          18.72               0               0
          18.74               0               0
          18.76               0               0
          18.78               0               0
           18.8               0               0
          18.82               0               0
          18.84               0               0
          18.86               0               0
          18.88               0               0
           18.9               0               0
          18.92               0               0
          18.94               0               0
          18.96               0               0
          18.98               0               0
             19               0               0
          19.02               0               0
          19.04               0               0
          19.06               0               0
          19.08               0               0
           19.1               0               0
          19.12               0               0
          19.14               0               0
          19.16               0               0
          19.18               0               0
           19.2               0               0
          19.22               0               0
          19.24               0               0
          19.26               0               0
          19.28               0               0
           19.3               0               0
          19.32               0               0
          19.34               0               0
          19.36               0               0
          19.38               0               0
           19.4               0               0
          19.42               0               0
          19.44               0               0
          19.46               0               0
          19.48               0               0
           19.5               0               0
          19.52               0               0
          19.54               0               0
          19.56               0               0
          19.58               0               0
           19.6               0               0
          19.62               0               0
          19.64               0               0
          19.66               0               0
          19.68               0               0
           19.7               0               0
          19.72               0               0
          19.74               0               0
          19.76               0               0
          19.78               0               0
           19.8               0               0
          19.82               0               0
          19.84               0               0
          19.86               0               0
          19.88               0               0
           19.9               0               0
          19.92               0               0
          19.94               0               0
          19.96               0               0
          19.98               0               0
             20               0               0
          20.02               0               0

Source_00  1000  20
              0               0               0
           0.02               0               0
           0.04               0               0
           0.06               0               0
           0.08               0               0
            0.1               0               0
           0.12               0               0
           0.14               0               0
           0.16               0               0
           0.18               0               0
            0.2               0               0
           0.22               0               0
           0.24               0               0
           0.26               0               0
           0.28               0               0
            0.3               0               0
           0.32               0               0
           0.34               0               0
           0.36               0               0
           0.38               0               0
            0.4               0               0
           0.42               0               0
           0.44               0               0
           0.46               0               0
           0.48               0               0
            0.5               0               0
           0.52               0               0
           0.54               0               0
           0.56               0               0
           0.58               0               0
            0.6               0               0
           0.62               0               0
           0.64               0               0
           0.66               0               0
           0.68               0               0
            0.7               0               0
           0.72               0               0
           0.74               0               0
           0.76               0               0
           0.78               0               0
            0.8               0               0
           0.82               0               0
           0.84               0               0
           0.86               0               0
           0.88               0               0
            0.9               0               0
           0.92               0               0
           0.94               0               0
           0.96               0               0
           0.98               0               0
              1               0               0
           1.02               0               0
           1.04               0               0
           1.06               0               0
           1.08               0               0
            1.1               0               0
           1.12               0               0
           1.14               0               0
           1.16               0               0
           1.18               0               0
            1.2               0               0
           1.22               0               0
           1.24               0               0
           1.26               0               0
           1.28               0               0
            1.3               0               0
           1.32               0               0
           1.34               0               0
           1.36               0               0
           1.38               0               0
            1.4               0               0
           1.42               0               0
           1.44               0               0
           1.46               0               0
           1.48               0               0
            1.5               0               0
           1.52               0               0
           1.54               0               0
           1.56               0               0
           1.58               0               0
            1.6               0               0
           1.62               0               0
           1.64               0               0
           1.66               0               0
           1.68               0               0
            1.7               0               0
           1.72               0               0
           1.74               0               0
           1.76               0               0
           1.78               0               0
            1.8               0               0
           1.82               0               0
           1.84               0               0
           1.86               0               0
           1.88               0               0
            1.9               0               0
           1.92               0               0
           1.94               0               0
           1.96               0               0
           1.98               0               0
              2               0               0
           2.02               0               0
           2.04               0               0
           2.06               0               0
           2.08               0               0
            2.1               0               0
           2.12               0               0
           2.14               0               0
           2.16               0               0
           2.18               0               0
            2.2               0               0
           2.22               0               0
           2.24               0               0
           2.26               0               0
           2.28               0               0
            2.3               0               0
           2.32               0               0
           2.34               0               0
           2.36               0               0
           2.38               0               0
            2.4               0               0
           2.42               0               0
           2.44               0               0
           2.46               0               0
           2.48               0               0
            2.5               0               0
           2.52               0               0
           2.54               0               0
           2.56               0               0
           2.58               0               0
            2.6               0               0
           2.62               0               0
           2.64               0               0
           2.66               0               0
           2.68               0               0
            2.7               0               0
           2.72               0               0
           2.74               0               0
           2.76               0               0
           2.78               0               0
            2.8               0               0
           2.82               0               0
           2.84               0               0
           2.86               0               0
           2.88               0               0
            2.9               0               0
           2.92               0               0
           2.94               0               0
           2.96               0               0
           2.98               0               0
              3               0               0
           3.02               0               0
           3.04               0               0
           3.06               0               0
           3.08               0               0
            3.1               0               0
           3.12               0               0
           3.14               0               0
           3.16               0               0
           3.18               0               0
            3.2               0               0
           3.22               0               0
           3.24               0               0
           3.26               0               0
           3.28               0               0
            3.3               0               0
           3.32               0               0
           3.34               0               0
           3.36               0               0
           3.38               0               0
            3.4               0               0
           3.42               0               0
           3.44               0               0
           3.46               0               0
           3.48               0               0
            3.5               0               0
           3.52               0               0
           3.54               0               0
           3.56               0               0
           3.58               0               0
            3.6               0               0
           3.62               0               0
           3.64               0               0
           3.66               0               0
           3.68               0               0
            3.7               0               0
           3.72               0               0
           3.74               0               0
           3.76               0               0
           3.78               0               0
            3.8               0               0
           3.82               0               0
           3.84               0               0
           3.86               0               0
           3.88               0               0
            3.9               0               0
           3.92               0               0
           3.94               0               0
           3.96               0               0
           3.98               0               0
              4               0               0
           4.02               0               0
           4.04               0               0
           4.06               0               0
           4.08               0               0
            4.1               0               0
           4.12               0               0
           4.14               0               0
           4.16               0               0
           4.18               0               0
            4.2               0               0
           4.22               0               0
           4.24               0               0
           4.26               0               0
           4.28               0               0
            4.3               0               0
           4.32               0               0
           4.34               0               0
           4.36               0               0
           4.38               0               0
            4.4               0               0
           4.42               0               0
           4.44               0               0
           4.46               0               0
           4.48               0               0
            4.5               0               0
           4.52               0               0
           4.54               0               0
           4.56               0               0
           4.58               0               0
            4.6               0               0
           4.62               0               0
           4.64               0               0
           4.66               0               0
           4.68               0               0
            4.7               0               0
           4.72               0               0
           4.74               0               0
           4.76               0               0
           4.78               0               0
            4.8               0               0
           4.82               0               0
           4.84               0               0
           4.86               0               0
           4.88               0               0
            4.9               0               0
           4.92               0               0
           4.94               0               0
           4.96               0               0
           4.98               0               0
              5               0               0
           5.02               0               0
           5.04               0               0
           5.06               0               0
           5.08               0               0
            5.1               0               0
           5.12               0               0
           5.14               0               0
           5.16               0               0
           5.18               0               0
            5.2               0               0
           5.22               0               0
           5.24               0               0
           5.26               0               0
           5.28               0               0
            5.3               0               0
           5.32               0               0
           5.34               0               0
           5.36               0               0
           5.38               0               0
            5.4               0               0
           5.42               0               0
           5.44               0               0
           5.46               0               0
           5.48               0               0
            5.5               0               0
           5.52               0               0
           5.54               0               0
           5.56               0               0
           5.58               0               0
            5.6               0               0
           5.62               0               0
           5.64               0               0
           5.66               0               0
           5.68               0               0
            5.7               0               0
           5.72               0               0
           5.74               0               0
           5.76               0               0
           5.78               0               0
            5.8               0               0
           5.82               0               0
           5.84               0               0
           5.86               0               0
           5.88               0               0
            5.9               0               0
           5.92               0               0
           5.94               0               0
           5.96               0               0
           5.98               0               0
              6               0               0
           6.02               0               0
           6.04               0               0
           6.06               0               0
           6.08               0               0
            6.1               0               0
           6.12               0               0
           6.14               0               0
           6.16               0               0
           6.18               0               0
            6.2               0               0
           6.22               0               0
           6.24               0               0
           6.26               0               0
           6.28               0               0
            6.3               0               0
           6.32               0               0
           6.34               0               0
           6.36               0               0
           6.38               0               0
            6.4               0               0
           6.42               0               0
           6.44               0               0
           6.46               0               0
           6.48               0               0
            6.5               0               0
           6.52               0               0
           6.54               0               0
           6.56               0               0
           6.58               0               0
            6.6               0               0
           6.62               0               0
           6.64               0               0
           6.66               0               0
           6.68               0               0
            6.7               0               0
           6.72               0               0
           6.74               0               0
           6.76               0               0
           6.78               0               0
            6.8               0               0
           6.82               0               0
           6.84               0               0
           6.86               0               0
           6.88               0               0
            6.9               0               0
           6.92               0               0
           6.94               0               0
           6.96               0               0
           6.98               0               0
              7               0               0
           7.02               0               0
           7.04               0               0
           7.06               0               0
           7.08               0               0
            7.1               0               0
           7.12               0               0
           7.14               0               0
           7.16               0               0
           7.18               0               0
            7.2               0               0
           7.22               0               0
           7.24               0               0
           7.26               0               0
           7.28               0               0
            7.3               0               0
           7.32               0               0
           7.34               0               0
           7.36               0               0
           7.38               0               0
            7.4               0               0
           7.42               0               0
           7.44               0               0
           7.46               0               0
           7.48               0               0
            7.5               0               0
           7.52               0               0
           7.54               0               0
           7.56               0               0
           7.58               0               0
            7.6               0               0
           7.62               0               0
           7.64               0               0
           7.66               0               0
           7.68               0               0
            7.7               0               0
           7.72               0               0
           7.74               0               0
           7.76               0               0
           7.78               0               0
            7.8               0               0
           7.82               0               0
           7.84               0               0
           7.86               0               0
           7.88               0               0
            7.9               0               0
           7.92               0               0
           7.94               0               0
           7.96               0               0
           7.98               0               0
              8               0               0
           8.02               0               0
           8.04               0               0
           8.06               0               0
           8.08               0               0
            8.1               0               0
           8.12               0               0
           8.14               0               0
           8.16               0               0
           8.18               0               0
            8.2               0               0
           8.22               0               0
           8.24               0               0
           8.26               0               0
           8.28               0               0
            8.3               0               0
           8.32               0               0
           8.34               0               0
           8.36               0               0
           8.38               0               0
            8.4               0               0
           8.42               0               0
           8.44               0               0
           8.46               0               0
           8.48               0               0
            8.5               0               0
           8.52               0               0
           8.54               0               0
           8.56               0               0
           8.58               0               0
            8.6               0               0
           8.62               0               0
           8.64               0               0
           8.66               0               0
           8.68               0               0
            8.7               0               0
           8.72               0               0
           8.74               0               0
           8.76               0               0
           8.78               0               0
            8.8               0               0
           8.82               0               0
           8.84               0               0
           8.86               0               0
           8.88               0               0
            8.9               0               0
           8.92               0               0
           8.94               0               0
           8.96               0               0
           8.98               0               0
              9               0               0
           9.02               0               0
           9.04               0               0
           9.06               0               0
           9.08               0               0
            9.1               0               0
           9.12               0               0
           9.14               0               0
           9.16               0               0
           9.18               0               0
            9.2               0               0
           9.22               0               0
           9.24               0               0
           9.26               0               0
           9.28               0               0
            9.3               0               0
           9.32               0               0
           9.34               0               0
           9.36               0               0
           9.38               0               0
            9.4               0               0
           9.42               0               0
           9.44               0               0
           9.46               0               0
           9.48               0               0
            9.5               0               0
           9.52               0               0
           9.54               0               0
           9.56               0               0
           9.58               0               0
            9.6               0               0
           9.62               0               0
           9.64               0               0
           9.66               0               0
           9.68               0               0
            9.7               0               0
           9.72               0               0
           9.74               0               0
           9.76               0               0
           9.78               0               0
            9.8               0               0
           9.82               0               0
           9.84               0               0
           9.86               0               0
           9.88               0               0
            9.9               0               0
           9.92               0               0
           9.94               0               0
           9.96               0               0
           9.98               0               0
             10               0               0
          10.02               1     0.000316228
          10.04               0               0
          10.06               0               0
          10.08               0               0
           10.1               0               0
          10.12               0               0
          10.14               0               0
          10.16               0               0
          10.18               0               0
           10.2               0               0
          10.22               0               0
          10.24               0               0
          10.26               0               0
          10.28               0               0
           10.3               0               0
          10.32               0               0
          10.34               0               0
          10.36               0               0
          10.38               0               0
           10.4               0               0
          10.42               0               0
          10.44               0               0
          10.46               0               0
          10.48               0               0
           10.5               0               0
          10.52               0               0
          10.54               0               0
          10.56               0               0
          10.58               0               0
           10.6               0               0
          10.62               0               0
          10.64               0               0
          10.66               0               0
          10.68               0               0
           10.7               0               0
          10.72               0               0
          10.74               0               0
          10.76               0               0
          10.78               0               0
           10.8               0               0
          10.82               0               0
          10.84               0               0
          10.86               0               0
          10.88               0               0
           10.9               0               0
          10.92               0               0
          10.94               0               0
          10.96               0               0
          10.98               0               0
             11               0               0
          11.02               0               0
          11.04               0               0
          11.06               0               0
          11.08               0               0
           11.1               0               0
          11.12               0               0
          11.14               0               0
          11.16               0               0
          11.18               0               0
           11.2               0               0
          11.22               0               0
          11.24               0               0
          11.26               0               0
          11.28               0               0
           11.3               0               0
          11.32               0               0
          11.34               0               0
          11.36               0               0
          11.38               0               0
           11.4               0               0
          11.42               0               0
          11.44               0               0
          11.46               0               0
          11.48               0               0
           11.5               0               0
          11.52               0               0
          11.54               0               0
          11.56               0               0
          11.58               0               0
           11.6               0               0
          11.62               0               0
          11.64               0               0
          11.66               0               0
          11.68               0               0
           11.7               0               0
          11.72               0               0
          11.74               0               0
          11.76               0               0
          11.78               0               0
           11.8               0               0
          11.82               0               0
          11.84               0               0
          11.86               0               0
          11.88               0               0
           11.9               0               0
          11.92               0               0
          11.94               0               0
          11.96               0               0
          11.98               0               0
             12               0               0
          12.02               0               0
          12.04               0               0
          12.06               0               0
          12.08               0               0
           12.1               0               0
          12.12               0               0
          12.14               0               0
          12.16               0               0
          12.18               0               0
           12.2               0               0
          12.22               0               0
          12.24               0               0
          12.26               0               0
          12.28               0               0
           12.3               0               0
          12.32               0               0
          12.34               0               0
          12.36               0               0
          12.38               0               0
           12.4               0               0
          12.42               0               0
          12.44               0               0
          12.46               0               0
          12.48               0               0
           12.5               0               0
          12.52               0               0
          12.54               0               0
          12.56               0               0
          12.58               0               0
           12.6               0               0
          12.62               0               0
          12.64               0               0
          12.66               0               0
          12.68               0               0
           12.7               0               0
          12.72               0               0
          12.74               0               0
          12.76               0               0
          12.78               0               0
           12.8               0               0
          12.82               0               0
          12.84               0               0
          12.86               0               0
          12.88               0               0
           12.9               0               0
          12.92               0               0
          12.94               0               0
          12.96               0               0
          12.98               0               0
             13               0               0
          13.02               0               0
          13.04               0               0
          13.06               0               0
          13.08               0               0
           13.1               0               0
          13.12               0               0
          13.14               0               0
          13.16               0               0
          13.18               0               0
           13.2               0               0
          13.22               0               0
          13.24               0               0
          13.26               0               0
          13.28               0               0
           13.3               0               0
          13.32               0               0
          13.34               0               0
          13.36               0               0
          13.38               0               0
           13.4               0               0
          13.42               0               0
          13.44               0               0
          13.46               0               0
          13.48               0               0
           13.5               0               0
          13.52               0               0
          13.54               0               0
          13.56               0               0
          13.58               0               0
           13.6               0               0
          13.62               0               0
          13.64               0               0
          13.66               0               0
          13.68               0               0
           13.7               0               0
          13.72               0               0
          13.74               0               0
          13.76               0               0
          13.78               0               0
           13.8               0               0
          13.82               0               0
          13.84               0               0
          13.86               0               0
          13.88               0               0
           13.9               0               0
          13.92               0               0
          13.94               0               0
          13.96               0               0
          13.98               0               0
             14               0               0
          14.02               0               0
          14.04               0               0
          14.06               0               0
          14.08               0               0
           14.1               0               0
          14.12               0               0
          14.14               0               0
          14.16               0               0
          14.18               0               0
           14.2               0               0
          14.22               0               0
          14.24               0               0
          14.26               0               0
          14.28               0               0
           14.3               0               0
          14.32               0               0
          14.34               0               0
          14.36               0               0
          14.38               0               0
           14.4               0               0
          14.42               0               0
          14.44               0               0
          14.46               0               0
          14.48               0               0
           14.5               0               0
          14.52               0               0
          14.54               0               0
          14.56               0               0
          14.58               0               0
           14.6               0               0
          14.62               0               0
          14.64               0               0
          14.66               0               0
          14.68               0               0
           14.7               0               0
          14.72               0               0
          14.74               0               0
          14.76               0               0
          14.78               0               0
           14.8               0               0
          14.82               0               0
          14.84               0               0
          14.86               0               0
          14.88               0               0
           14.9               0               0
          14.92               0               0
          14.94               0               0
          14.96               0               0
          14.98               0               0
             15               0               0
          15.02               0               0
          15.04               0               0
          15.06               0               0
          15.08               0               0
           15.1               0               0
          15.12               0               0
          15.14               0               0
          15.16               0               0
          15.18               0               0
           15.2               0               0
          15.22               0               0
          15.24               0               0
          15.26               0               0
          15.28               0               0
           15.3               0               0
          15.32               0               0
          15.34               0               0
          15.36               0               0
          15.38               0               0
           15.4               0               0
          15.42               0               0
          15.44               0               0
          15.46               0               0
          15.48               0               0
           15.5               0               0
          15.52               0               0
          15.54               0               0
          15.56               0               0
          15.58               0               0
           15.6               0               0
          15.62               0               0
          15.64               0               0
          15.66               0               0
          15.68               0               0
           15.7               0               0
          15.72               0               0
          15.74               0               0
          15.76               0               0
          15.78               0               0
           15.8               0               0
          15.82               0               0
          15.84               0               0
          15.86               0               0
          15.88               0               0
           15.9               0               0
          15.92               0               0
          15.94               0               0
          15.96               0               0
          15.98               0               0
             16               0               0
          16.02               0               0
          16.04               0               0
          16.06               0               0
          16.08               0               0
           16.1               0               0
          16.12               0               0
          16.14               0               0
          16.16               0               0
          16.18               0               0
           16.2               0               0
          16.22               0               0
          16.24               0               0
          16.26               0               0
          16.28               0               0
           16.3               0               0
          16.32               0               0
          16.34               0               0
          16.36               0               0
          16.38               0               0
           16.4               0               0
          16.42               0               0
          16.44               0               0
          16.46               0               0
          16.48               0               0
           16.5               0               0
          16.52               0               0
          16.54               0               0
          16.56               0               0
          16.58               0               0
           16.6               0               0
          16.62               0               0
          16.64               0               0
          16.66               0               0
          16.68               0               0
           16.7               0               0
          16.72               0               0
          16.74               0               0
          16.76               0               0
          16.78               0               0
           16.8               0               0
          16.82               0               0
          16.84               0               0
          16.86               0               0
          16.88               0               0
           16.9               0               0
          16.92               0               0
          16.94               0               0
          16.96               0               0
          16.98               0               0
             17               0               0
          17.02               0               0
          17.04               0               0
          17.06               0               0
          17.08               0               0
           17.1               0               0
          17.12               0               0
          17.14               0               0
          17.16               0               0
          17.18               0               0
           17.2               0               0
          17.22               0               0
          17.24               0               0
          17.26               0               0
          17.28               0               0
           17.3               0               0
          17.32               0               0
          17.34               0               0
          17.36               0               0
          17.38               0               0
           17.4               0               0
          17.42               0               0
          17.44               0               0
          17.46               0               0
          17.48               0               0
           17.5               0               0
          17.52               0               0
          17.54               0               0
          17.56               0               0
          17.58               0               0
           17.6               0               0
          17.62               0               0
          17.64               0               0
          17.66               0               0
          17.68               0               0
           17.7               0               0
          17.72               0               0
          17.74               0               0
          17.76               0               0
          17.78               0               0
           17.8               0               0
          17.82               0               0
          17.84               0               0
          17.86               0               0
          17.88               0               0
           17.9               0               0
          17.92               0               0
          17.94               0               0
          17.96               0               0
          17.98               0               0
             18               0               0
          18.02               0               0
          18.04               0               0
          18.06               0               0
          18.08               0               0
           18.1               0               0
          18.12               0               0
          18.14               0               0
          18.16               0               0
          18.18               0               0
           18.2               0               0
          18.22               0               0
          18.24               0               0
          18.26               0               0
          18.28               0               0
           18.3               0               0
          18.32               0               0
          18.34               0               0
          18.36               0               0
          18.38               0               0
           18.4               0               0
          18.42               0               0
          18.44               0               0
          18.46               0               0
          18.48               0               0
           18.5               0               0
          18.52               0               0
          18.54               0               0
          18.56               0               0
          18.58               0               0
           18.6               0               0
          18.62               0               0
          18.64               0               0
          18.66               0               0
          18.68               0               0
           18.7               0               0
          18.72               0               0
          18.74               0               0
          18.76               0               0
          18.78               0               0
           18.8               0               0
          18.82               0               0
          18.84               0               0
          18.86               0               0
          18.88               0               0
           18.9               0               0
          18.92               0               0
          18.94               0               0
          18.96               0               0
          18.98               0               0
             19               0               0
          19.02               0               0
          19.04               0               0
          19.06               0               0
          19.08               0               0
           19.1               0               0
          19.12               0               0
          19.14               0               0
          19.16               0               0
          19.18               0               0
           19.2               0               0
          19.22               0               0
          19.24               0               0
          19.26               0               0
          19.28               0               0
           19.3               0               0
          19.32               0               0
          19.34               0               0
          19.36               0               0
          19.38               0               0
           19.4               0               0
          19.42               0               0
          19.44               0               0
          19.46               0               0
          19.48               0               0
           19.5               0               0
          19.52               0               0
          19.54               0               0
          19.56               0               0
          19.58               0               0
           19.6               0               0
          19.62               0               0
          19.64               0               0
          19.66               0               0
          19.68               0               0
           19.7               0               0
          19.72               0               0
          19.74               0               0
          19.76               0               0
          19.78               0               0
           19.8               0               0
          19.82               0               0
          19.84               0               0
          19.86               0               0
          19.88               0               0
           19.9               0               0
          19.92               0               0
          19.94               0               0
          19.96               0               0
          19.98               0               0
             20               0               0
          20.02               0               0

