NSpec_Sample  1000  20
              0     1.23111e-07     3.50887e-09
           0.02     1.70031e-09     4.12386e-10
           0.04     3.40062e-09     5.83201e-10
           0.06     3.80062e-09     6.16542e-10
           0.08     3.40053e-09     5.83187e-10
            0.1     3.80058e-09     6.16535e-10
           0.12     3.50055e-09     5.91702e-10
           0.14     3.10044e-09     5.56856e-10
           0.16     2.80038e-09     5.29221e-10
           0.18     2.00025e-09      4.4727e-10
            0.2     1.90023e-09     4.35944e-10
           0.22      3.6005e-09     6.00083e-10
           0.24     3.60043e-09     6.00071e-10
           0.26     3.20036e-09      5.6575e-10
           0.28     3.10031e-09     5.56832e-10
            0.3     4.00038e-09     6.32516e-10
           0.32     3.40032e-09      5.8315e-10
           0.34     4.00034e-09     6.32509e-10
           0.36     3.90029e-09     6.24546e-10
           0.38     4.60035e-09     6.78285e-10
            0.4     3.10029e-09     5.56829e-10
           0.42     2.70019e-09     5.19652e-10
           0.44     4.40029e-09     6.63368e-10
           0.46     3.90028e-09     6.24544e-10
           0.48     3.10016e-09     5.56805e-10
            0.5     3.00018e-09     5.47756e-10
           0.52     2.20014e-09     4.69072e-10
           0.54     3.20019e-09     5.65719e-10
           0.56      2.5001e-09      5.0002e-10
           0.58     2.50018e-09     5.00036e-10
            0.6     2.10012e-09     4.58283e-10
           0.62      2.1001e-09      4.5828e-10
           0.64     2.20011e-09     4.69065e-10
           0.66     2.00009e-09     4.47234e-10
           0.68     2.90013e-09     5.38541e-10
            0.7     2.40009e-09     4.89917e-10
           0.72     1.00003e-09     3.16238e-10
           0.74     1.90009e-09      4.3591e-10
           0.76     1.40006e-09     3.74181e-10
           0.78      2.3001e-09     4.79604e-10
            0.8     9.00034e-10     3.00011e-10
           0.82     1.10002e-09     3.31667e-10
           0.84     1.30004e-09     3.60565e-10
           0.86     1.10004e-09     3.31675e-10
           0.88     1.30003e-09     3.60565e-10
            0.9     5.00012e-10     2.23612e-10
           0.92     6.00014e-10     2.44954e-10
           0.94     2.00002e-10     1.41423e-10
           0.96      5.0001e-10     2.23611e-10
           0.98     7.00007e-10     2.64578e-10
              1     4.00005e-10     2.00002e-10
           1.02     2.00003e-10     1.41423e-10
           1.04     2.00001e-10     1.41422e-10
           1.06               0               0
           1.08               0               0
            1.1     2.00002e-10     1.41423e-10
           1.12     2.00002e-10     1.41423e-10
           1.14               0               0
           1.16               0               0
           1.18               0               0
            1.2               0               0
           1.22               0               0
           1.24               0               0
           1.26               0               0
           1.28               0               0
            1.3               0               0
           1.32               0               0
           1.34               0               0
           1.36               0               0
           1.38               0               0
            1.4               0               0
           1.42               0               0
           1.44               0               0
           1.46               0               0
           1.48               0               0
            1.5               0               0
           1.52               0               0
           1.54               0               0
           1.56               0               0
           1.58               0               0
            1.6               0               0
           1.62               0               0
           1.64               0               0
           1.66               0               0
           1.68               0               0
            1.7               0               0
           1.72               0               0
           1.74               0               0
           1.76               0               0
           1.78               0               0
            1.8               0               0
           1.82               0               0
           1.84               0               0
           1.86               0               0
           1.88               0               0
            1.9               0               0
           1.92               0               0
           1.94               0               0
           1.96               0               0
           1.98               0               0
              2               0               0
           2.02               0               0
           2.04               0               0
           2.06               0               0
           2.08               0               0
            2.1               0               0
           2.12               0               0
           2.14               0               0
           2.16               0               0
           2.18               0               0
            2.2               0               0
           2.22               0               0
           2.24               0               0
           2.26               0               0
           2.28               0               0
            2.3               0               0
           2.32               0               0
           2.34               0               0
           2.36               0               0
           2.38               0               0
            2.4               0               0
           2.42               0               0
           2.44               0               0
           2.46               0               0
           2.48               0               0
            2.5               0               0
           2.52               0               0
           2.54               0               0
           2.56               0               0
           2.58               0               0
            2.6               0               0
           2.62               0               0
           2.64               0               0
           2.66               0               0
           2.68               0               0
            2.7               0               0
           2.72               0               0
           2.74               0               0
           2.76               0               0
           2.78               0               0
            2.8               0               0
           2.82               0               0
           2.84               0               0
           2.86               0               0
           2.88               0               0
            2.9               0               0
           2.92               0               0
           2.94               0               0
           2.96               0               0
           2.98               0               0
              3               0               0
           3.02               0               0
           3.04               0               0
           3.06               0               0
           3.08               0               0
            3.1               0               0
           3.12               0               0
           3.14               0               0
           3.16               0               0
           3.18               0               0
            3.2               0               0
           3.22               0               0
           3.24               0               0
           3.26               0               0
           3.28               0               0
            3.3               0               0
           3.32               0               0
           3.34               0               0
           3.36               0               0
           3.38               0               0
            3.4               0               0
           3.42               0               0
           3.44               0               0
           3.46               0               0
           3.48               0               0
            3.5               0               0
           3.52               0               0
           3.54               0               0
           3.56               0               0
           3.58               0               0
            3.6               0               0
           3.62               0               0
           3.64               0               0
           3.66               0               0
           3.68               0               0
            3.7               0               0
           3.72               0               0
           3.74               0               0
           3.76               0               0
           3.78               0               0
            3.8               0               0
           3.82               0               0
           3.84               0               0
           3.86               0               0
           3.88               0               0
            3.9               0               0
           3.92               0               0
           3.94               0               0
           3.96               0               0
           3.98               0               0
              4               0               0
           4.02               0               0
           4.04               0               0
           4.06               0               0
           4.08               0               0
            4.1               0               0
           4.12               0               0
           4.14               0               0
           4.16               0               0
           4.18               0               0
            4.2               0               0
           4.22               0               0
           4.24               0               0
           4.26               0               0
           4.28               0               0
            4.3               0               0
           4.32               0               0
           4.34               0               0
           4.36               0               0
           4.38               0               0
            4.4               0               0
           4.42               0               0
           4.44               0               0
           4.46               0               0
           4.48               0               0
            4.5               0               0
           4.52               0               0
           4.54               0               0
           4.56               0               0
           4.58               0               0
            4.6               0               0
           4.62               0               0
           4.64               0               0
           4.66               0               0
           4.68               0               0
            4.7               0               0
           4.72               0               0
           4.74               0               0
           4.76               0               0
           4.78               0               0
            4.8               0               0
           4.82               0               0
           4.84               0               0
           4.86               0               0
           4.88               0               0
            4.9               0               0
           4.92               0               0
           4.94               0               0
           4.96               0               0
           4.98               0               0
              5               0               0
           5.02               0               0
           5.04               0               0
           5.06               0               0
           5.08               0               0
            5.1               0               0
           5.12               0               0
           5.14               0               0
           5.16               0               0
           5.18               0               0
            5.2               0               0
           5.22               0               0
           5.24               0               0
           5.26               0               0
           5.28               0               0
            5.3               0               0
           5.32               0               0
           5.34               0               0
           5.36               0               0
           5.38               0               0
            5.4               0               0
           5.42               0               0
           5.44               0               0
           5.46               0               0
           5.48               0               0
            5.5               0               0
           5.52               0               0
           5.54               0               0
           5.56               0               0
           5.58               0               0
            5.6               0               0
           5.62               0               0
           5.64               0               0
           5.66               0               0
           5.68               0               0
            5.7               0               0
           5.72               0               0
           5.74               0               0
           5.76               0               0
           5.78               0               0
            5.8               0               0
           5.82               0               0
           5.84               0               0
           5.86               0               0
           5.88               0               0
            5.9               0               0
           5.92               0               0
           5.94               0               0
           5.96               0               0
           5.98               0               0
              6               0               0
           6.02               0               0
           6.04               0               0
           6.06               0               0
           6.08               0               0
            6.1               0               0
           6.12               0               0
           6.14               0               0
           6.16               0               0
           6.18               0               0
            6.2               0               0
           6.22               0               0
           6.24               0               0
           6.26               0               0
           6.28               0               0
            6.3               0               0
           6.32               0               0
           6.34               0               0
           6.36               0               0
           6.38               0               0
            6.4               0               0
           6.42               0               0
           6.44               0               0
           6.46               0               0
           6.48               0               0
            6.5               0               0
           6.52               0               0
           6.54               0               0
           6.56               0               0
           6.58               0               0
            6.6               0               0
           6.62               0               0
           6.64               0               0
           6.66               0               0
           6.68               0               0
            6.7               0               0
           6.72               0               0
           6.74               0               0
           6.76               0               0
           6.78               0               0
            6.8               0               0
           6.82               0               0
           6.84               0               0
           6.86               0               0
           6.88               0               0
            6.9               0               0
           6.92               0               0
           6.94               0               0
           6.96               0               0
           6.98               0               0
              7               0               0
           7.02               0               0
           7.04               0               0
           7.06               0               0
           7.08               0               0
            7.1               0               0
           7.12               0               0
           7.14               0               0
           7.16               0               0
           7.18               0               0
            7.2               0               0
           7.22               0               0
           7.24               0               0
           7.26               0               0
           7.28               0               0
            7.3               0               0
           7.32               0               0
           7.34               0               0
           7.36               0               0
           7.38               0               0
            7.4               0               0
           7.42               0               0
           7.44               0               0
           7.46               0               0
           7.48               0               0
            7.5               0               0
           7.52               0               0
           7.54               0               0
           7.56               0               0
           7.58               0               0
            7.6               0               0
           7.62               0               0
           7.64               0               0
           7.66               0               0
           7.68               0               0
            7.7               0               0
           7.72               0               0
           7.74               0               0
           7.76               0               0
           7.78               0               0
            7.8               0               0
           7.82               0               0
           7.84               0               0
           7.86               0               0
           7.88               0               0
            7.9               0               0
           7.92               0               0
           7.94               0               0
           7.96               0               0
           7.98               0               0
              8               0               0
           8.02               0               0
           8.04               0               0
           8.06               0               0
           8.08               0               0
            8.1               0               0
           8.12               0               0
           8.14               0               0
           8.16               0               0
           8.18               0               0
            8.2               0               0
           8.22               0               0
           8.24               0               0
           8.26               0               0
           8.28               0               0
            8.3               0               0
           8.32               0               0
           8.34               0               0
           8.36               0               0
           8.38               0               0
            8.4               0               0
           8.42               0               0
           8.44               0               0
           8.46               0               0
           8.48               0               0
            8.5               0               0
           8.52               0               0
           8.54               0               0
           8.56               0               0
           8.58               0               0
            8.6               0               0
           8.62               0               0
           8.64               0               0
           8.66               0               0
           8.68               0               0
            8.7               0               0
           8.72               0               0
           8.74               0               0
           8.76               0               0
           8.78               0               0
            8.8               0               0
           8.82               0               0
           8.84               0               0
           8.86               0               0
           8.88               0               0
            8.9               0               0
           8.92               0               0
           8.94               0               0
           8.96               0               0
           8.98               0               0
              9               0               0
           9.02               0               0
           9.04               0               0
           9.06               0               0
           9.08               0               0
            9.1               0               0
           9.12               0               0
           9.14               0               0
           9.16               0               0
           9.18               0               0
            9.2               0               0
           9.22               0               0
           9.24               0               0
           9.26               0               0
           9.28               0               0
            9.3               0               0
           9.32               0               0
           9.34               0               0
           9.36               0               0
           9.38               0               0
            9.4               0               0
           9.42               0               0
           9.44               0               0
           9.46               0               0
           9.48               0               0
            9.5               0               0
           9.52               0               0
           9.54               0               0
           9.56               0               0
           9.58               0               0
            9.6               0               0
           9.62               0               0
           9.64               0               0
           9.66               0               0
           9.68               0               0
            9.7               0               0
           9.72               0               0
           9.74               0               0
           9.76               0               0
           9.78               0               0
            9.8               0               0
           9.82               0               0
           9.84               0               0
           9.86               0               0
           9.88               0               0
            9.9               0               0
           9.92               0               0
           9.94               0               0
           9.96               0               0
           9.98               0               0
             10               0               0
          10.02               0               0
          10.04               0               0
          10.06               0               0
          10.08               0               0
           10.1               0               0
          10.12               0               0
          10.14               0               0
          10.16               0               0
          10.18               0               0
           10.2               0               0
          10.22               0               0
          10.24               0               0
          10.26               0               0
          10.28               0               0
           10.3               0               0
          10.32               0               0
          10.34               0               0
          10.36               0               0
          10.38               0               0
           10.4               0               0
          10.42               0               0
          10.44               0               0
          10.46               0               0
          10.48               0               0
           10.5               0               0
          10.52               0               0
          10.54               0               0
          10.56               0               0
          10.58               0               0
           10.6               0               0
          10.62               0               0
          10.64               0               0
          10.66               0               0
          10.68               0               0
           10.7               0               0
          10.72               0               0
          10.74               0               0
          10.76               0               0
          10.78               0               0
           10.8               0               0
          10.82               0               0
          10.84               0               0
          10.86               0               0
          10.88               0               0
           10.9               0               0
          10.92               0               0
          10.94               0               0
          10.96               0               0
          10.98               0               0
             11               0               0
          11.02               0               0
          11.04               0               0
          11.06               0               0
          11.08               0               0
           11.1               0               0
          11.12               0               0
          11.14               0               0
          11.16               0               0
          11.18               0               0
           11.2               0               0
          11.22               0               0
          11.24               0               0
          11.26               0               0
          11.28               0               0
           11.3               0               0
          11.32               0               0
          11.34               0               0
          11.36               0               0
          11.38               0               0
           11.4               0               0
          11.42               0               0
          11.44               0               0
          11.46               0               0
          11.48               0               0
           11.5               0               0
          11.52               0               0
          11.54               0               0
          11.56               0               0
          11.58               0               0
           11.6               0               0
          11.62               0               0
          11.64               0               0
          11.66               0               0
          11.68               0               0
           11.7               0               0
          11.72               0               0
          11.74               0               0
          11.76               0               0
          11.78               0               0
           11.8               0               0
          11.82               0               0
          11.84               0               0
          11.86               0               0
          11.88               0               0
           11.9               0               0
          11.92               0               0
          11.94               0               0
          11.96               0               0
          11.98               0               0
             12               0               0
          12.02               0               0
          12.04               0               0
          12.06               0               0
          12.08               0               0
           12.1               0               0
          12.12               0               0
          12.14               0               0
          12.16               0               0
          12.18               0               0
           12.2               0               0
          12.22               0               0
          12.24               0               0
          12.26               0               0
          12.28               0               0
           12.3               0               0
          12.32               0               0
          12.34               0               0
          12.36               0               0
          12.38               0               0
           12.4               0               0
          12.42               0               0
          12.44               0               0
          12.46               0               0
          12.48               0               0
           12.5               0               0
          12.52               0               0
          12.54               0               0
          12.56               0               0
          12.58               0               0
           12.6               0               0
          12.62               0               0
          12.64               0               0
          12.66               0               0
          12.68               0               0
           12.7               0               0
          12.72               0               0
          12.74               0               0
          12.76               0               0
          12.78               0               0
           12.8               0               0
          12.82               0               0
          12.84               0               0
          12.86               0               0
          12.88               0               0
           12.9               0               0
          12.92               0               0
          12.94               0               0
          12.96               0               0
          12.98               0               0
             13               0               0
          13.02               0               0
          13.04               0               0
          13.06               0               0
          13.08               0               0
           13.1               0               0
          13.12               0               0
          13.14               0               0
          13.16               0               0
          13.18               0               0
           13.2               0               0
          13.22               0               0
          13.24               0               0
          13.26               0               0
          13.28               0               0
           13.3               0               0
          13.32               0               0
          13.34               0               0
          13.36               0               0
          13.38               0               0
           13.4               0               0
          13.42               0               0
          13.44               0               0
          13.46               0               0
          13.48               0               0
           13.5               0               0
          13.52               0               0
          13.54               0               0
          13.56               0               0
          13.58               0               0
           13.6               0               0
          13.62               0               0
          13.64               0               0
          13.66               0               0
          13.68               0               0
           13.7               0               0
          13.72               0               0
          13.74               0               0
          13.76               0               0
          13.78               0               0
           13.8               0               0
          13.82               0               0
          13.84               0               0
          13.86               0               0
          13.88               0               0
           13.9               0               0
          13.92               0               0
          13.94               0               0
          13.96               0               0
          13.98               0               0
             14               0               0
          14.02               0               0
          14.04               0               0
          14.06               0               0
          14.08               0               0
           14.1               0               0
          14.12               0               0
          14.14               0               0
          14.16               0               0
          14.18               0               0
           14.2               0               0
          14.22               0               0
          14.24               0               0
          14.26               0               0
          14.28               0               0
           14.3               0               0
          14.32               0               0
          14.34               0               0
          14.36               0               0
          14.38               0               0
           14.4               0               0
          14.42               0               0
          14.44               0               0
          14.46               0               0
          14.48               0               0
           14.5               0               0
          14.52               0               0
          14.54               0               0
          14.56               0               0
          14.58               0               0
           14.6               0               0
          14.62               0               0
          14.64               0               0
          14.66               0               0
          14.68               0               0
           14.7               0               0
          14.72               0               0
          14.74               0               0
          14.76               0               0
          14.78               0               0
           14.8               0               0
          14.82               0               0
          14.84               0               0
          14.86               0               0
          14.88               0               0
           14.9               0               0
          14.92               0               0
          14.94               0               0
          14.96               0               0
          14.98               0               0
             15               0               0
          15.02               0               0
          15.04               0               0
          15.06               0               0
          15.08               0               0
           15.1               0               0
          15.12               0               0
          15.14               0               0
          15.16               0               0
          15.18               0               0
           15.2               0               0
          15.22               0               0
          15.24               0               0
          15.26               0               0
          15.28               0               0
           15.3               0               0
          15.32               0               0
          15.34               0               0
          15.36               0               0
          15.38               0               0
           15.4               0               0
          15.42               0               0
          15.44               0               0
          15.46               0               0
          15.48               0               0
           15.5               0               0
          15.52               0               0
          15.54               0               0
          15.56               0               0
          15.58               0               0
           15.6               0               0
          15.62               0               0
          15.64               0               0
          15.66               0               0
          15.68               0               0
           15.7               0               0
          15.72               0               0
          15.74               0               0
          15.76               0               0
          15.78               0               0
           15.8               0               0
          15.82               0               0
          15.84               0               0
          15.86               0               0
          15.88               0               0
           15.9               0               0
          15.92               0               0
          15.94               0               0
          15.96               0               0
          15.98               0               0
             16               0               0
          16.02               0               0
          16.04               0               0
          16.06               0               0
          16.08               0               0
           16.1               0               0
          16.12               0               0
          16.14               0               0
          16.16               0               0
          16.18               0               0
           16.2               0               0
          16.22               0               0
          16.24               0               0
          16.26               0               0
          16.28               0               0
           16.3               0               0
          16.32               0               0
          16.34               0               0
          16.36               0               0
          16.38               0               0
           16.4               0               0
          16.42               0               0
          16.44               0               0
          16.46               0               0
          16.48               0               0
           16.5               0               0
          16.52               0               0
          16.54               0               0
          16.56               0               0
          16.58               0               0
           16.6               0               0
          16.62               0               0
          16.64               0               0
          16.66               0               0
          16.68               0               0
           16.7               0               0
          16.72               0               0
          16.74               0               0
          16.76               0               0
          16.78               0               0
           16.8               0               0
          16.82               0               0
          16.84               0               0
          16.86               0               0
          16.88               0               0
           16.9               0               0
          16.92               0               0
          16.94               0               0
          16.96               0               0
          16.98               0               0
             17               0               0
          17.02               0               0
          17.04               0               0
          17.06               0               0
          17.08               0               0
           17.1               0               0
          17.12               0               0
          17.14               0               0
          17.16               0               0
          17.18               0               0
           17.2               0               0
          17.22               0               0
          17.24               0               0
          17.26               0               0
          17.28               0               0
           17.3               0               0
          17.32               0               0
          17.34               0               0
          17.36               0               0
          17.38               0               0
           17.4               0               0
          17.42               0               0
          17.44               0               0
          17.46               0               0
          17.48               0               0
           17.5               0               0
          17.52               0               0
          17.54               0               0
          17.56               0               0
          17.58               0               0
           17.6               0               0
          17.62               0               0
          17.64               0               0
          17.66               0               0
          17.68               0               0
           17.7               0               0
          17.72               0               0
          17.74               0               0
          17.76               0               0
          17.78               0               0
           17.8               0               0
          17.82               0               0
          17.84               0               0
          17.86               0               0
          17.88               0               0
           17.9               0               0
          17.92               0               0
          17.94               0               0
          17.96               0               0
          17.98               0               0
             18               0               0
          18.02               0               0
          18.04               0               0
          18.06               0               0
          18.08               0               0
           18.1               0               0
          18.12               0               0
          18.14               0               0
          18.16               0               0
          18.18               0               0
           18.2               0               0
          18.22               0               0
          18.24               0               0
          18.26               0               0
          18.28               0               0
           18.3               0               0
          18.32               0               0
          18.34               0               0
          18.36               0               0
          18.38               0               0
           18.4               0               0
          18.42               0               0
          18.44               0               0
          18.46               0               0
          18.48               0               0
           18.5               0               0
          18.52               0               0
          18.54               0               0
          18.56               0               0
          18.58               0               0
           18.6               0               0
          18.62               0               0
          18.64               0               0
          18.66               0               0
          18.68               0               0
           18.7               0               0
          18.72               0               0
          18.74               0               0
          18.76               0               0
          18.78               0               0
           18.8               0               0
          18.82               0               0
          18.84               0               0
          18.86               0               0
          18.88               0               0
           18.9               0               0
          18.92               0               0
          18.94               0               0
          18.96               0               0
          18.98               0               0
             19               0               0
          19.02               0               0
          19.04               0               0
          19.06               0               0
          19.08               0               0
           19.1               0               0
          19.12               0               0
          19.14               0               0
          19.16               0               0
          19.18               0               0
           19.2               0               0
          19.22               0               0
          19.24               0               0
          19.26               0               0
          19.28               0               0
           19.3               0               0
          19.32               0               0
          19.34               0               0
          19.36               0               0
          19.38               0               0
           19.4               0               0
          19.42               0               0
          19.44               0               0
          19.46               0               0
          19.48               0               0
           19.5               0               0
          19.52               0               0
          19.54               0               0
          19.56               0               0
          19.58               0               0
           19.6               0               0
          19.62               0               0
          19.64               0               0
          19.66               0               0
          19.68               0               0
           19.7               0               0
          19.72               0               0
          19.74               0               0
          19.76               0               0
          19.78               0               0
           19.8               0               0
          19.82               0               0
          19.84               0               0
          19.86               0               0
          19.88               0               0
           19.9               0               0
          19.92               0               0
          19.94               0               0
          19.96               0               0
          19.98               0               0
             20               0               0
          20.02               0               0

AFlux_Sample  1000  20
              0               0               0
           0.02     3.26723e-07     7.63036e-11
           0.04     2.82717e-07     5.18692e-11
           0.06      2.5785e-07     4.15417e-11
           0.08     2.39374e-07     3.50692e-11
            0.1     2.24568e-07     3.04092e-11
           0.12     2.12278e-07     2.67778e-11
           0.14     2.01891e-07     2.37937e-11
           0.16     1.93024e-07     2.12549e-11
           0.18     1.85425e-07     1.90349e-11
            0.2     1.78903e-07     1.70627e-11
           0.22     1.73305e-07     1.52871e-11
           0.24     1.68525e-07     1.36799e-11
           0.26     1.64459e-07     1.22188e-11
           0.28     1.61014e-07       1.089e-11
            0.3     1.58131e-07     9.69171e-12
           0.32      1.5573e-07     8.60939e-12
           0.34      1.5374e-07     7.63666e-12
           0.36      1.5211e-07     6.77179e-12
           0.38     1.50787e-07     6.00886e-12
            0.4     1.49723e-07     5.34383e-12
           0.42     1.48879e-07     4.77229e-12
           0.44     1.48217e-07     4.29104e-12
           0.46     1.47706e-07     3.89428e-12
           0.48     1.47319e-07     3.57595e-12
            0.5      1.4703e-07     3.32797e-12
           0.52      1.4682e-07     3.14167e-12
           0.54     1.46669e-07     3.00586e-12
           0.56     1.46566e-07     2.91242e-12
           0.58       1.465e-07     2.85214e-12
            0.6     1.46459e-07     2.81613e-12
           0.62     1.46438e-07     2.79775e-12
           0.64      1.4643e-07     2.79125e-12
           0.66     1.46431e-07     2.79254e-12
           0.68     1.46438e-07      2.7986e-12
            0.7     1.46447e-07     2.80734e-12
           0.72     1.46459e-07      2.8172e-12
           0.74      1.4647e-07     2.82701e-12
           0.76     1.46482e-07     2.83642e-12
           0.78     1.46492e-07      2.8453e-12
            0.8     1.46501e-07     2.85308e-12
           0.82     1.46509e-07     2.85971e-12
           0.84     1.46516e-07     2.86546e-12
           0.86     1.46522e-07     2.87033e-12
           0.88     1.46527e-07     2.87438e-12
            0.9     1.46531e-07     2.87766e-12
           0.92     1.46534e-07     2.88033e-12
           0.94     1.46537e-07     2.88265e-12
           0.96     1.46539e-07     2.88431e-12
           0.98      1.4654e-07     2.88563e-12
              1     1.46541e-07     2.88677e-12
           1.02     1.46542e-07     2.88762e-12
           1.04     1.46543e-07     2.88824e-12
           1.06     1.46543e-07     2.88875e-12
           1.08     1.46544e-07     2.88911e-12
            1.1     1.46544e-07     2.88939e-12
           1.12     1.46544e-07     2.88963e-12
           1.14     1.46545e-07     2.88981e-12
           1.16     1.46545e-07     2.88994e-12
           1.18     1.46545e-07        2.89e-12
            1.2     1.46545e-07     2.89007e-12
           1.22     1.46545e-07     2.89014e-12
           1.24     1.46545e-07     2.89022e-12
           1.26     1.46545e-07     2.89026e-12
           1.28     1.46545e-07     2.89031e-12
            1.3     1.46545e-07     2.89034e-12
           1.32     1.46545e-07     2.89037e-12
           1.34     1.46545e-07     2.89042e-12
           1.36     1.46546e-07     2.89048e-12
           1.38     1.46546e-07     2.89051e-12
            1.4     1.46546e-07     2.89055e-12
           1.42     1.46546e-07     2.89059e-12
           1.44     1.46546e-07     2.89064e-12
           1.46     1.46546e-07     2.89066e-12
           1.48     1.46546e-07     2.89069e-12
            1.5     1.46546e-07     2.89072e-12
           1.52     1.46546e-07     2.89076e-12
           1.54     1.46546e-07     2.89079e-12
           1.56     1.46546e-07     2.89082e-12
           1.58     1.46546e-07     2.89086e-12
            1.6     1.46546e-07     2.89089e-12
           1.62     1.46546e-07     2.89092e-12
           1.64     1.46546e-07     2.89096e-12
           1.66     1.46546e-07     2.89102e-12
           1.68     1.46546e-07     2.89107e-12
            1.7     1.46547e-07     2.89111e-12
           1.72     1.46547e-07     2.89119e-12
           1.74     1.46547e-07     2.89126e-12
           1.76     1.46547e-07     2.89132e-12
           1.78     1.46547e-07      2.8914e-12
            1.8     1.46547e-07     2.89146e-12
           1.82     1.46547e-07     2.89153e-12
           1.84     1.46547e-07     2.89158e-12
           1.86     1.46547e-07     2.89163e-12
           1.88     1.46547e-07     2.89168e-12
            1.9     1.46547e-07     2.89172e-12
           1.92     1.46547e-07     2.89179e-12
           1.94     1.46548e-07     2.89188e-12
           1.96     1.46548e-07     2.89194e-12
           1.98     1.46548e-07     2.89202e-12
              2     1.46548e-07     2.89209e-12
           2.02     1.46548e-07     2.89218e-12
           2.04     1.46548e-07     2.89225e-12
           2.06     1.46548e-07     2.89232e-12
           2.08     1.46548e-07     2.89237e-12
            2.1     1.46548e-07     2.89243e-12
           2.12     1.46548e-07     2.89256e-12
           2.14     1.46548e-07     2.89266e-12
           2.16     1.46548e-07     2.89271e-12
           2.18     1.46549e-07     2.89282e-12
            2.2     1.46549e-07     2.89293e-12
           2.22     1.46549e-07     2.89301e-12
           2.24     1.46549e-07      2.8931e-12
           2.26     1.46549e-07     2.89323e-12
           2.28     1.46549e-07     2.89336e-12
            2.3     1.46549e-07     2.89346e-12
           2.32     1.46549e-07     2.89362e-12
           2.34     1.46549e-07     2.89375e-12
           2.36     1.46549e-07     2.89384e-12
           2.38      1.4655e-07     2.89399e-12
            2.4      1.4655e-07     2.89411e-12
           2.42      1.4655e-07     2.89424e-12
           2.44      1.4655e-07     2.89444e-12
           2.46      1.4655e-07     2.89462e-12
           2.48      1.4655e-07     2.89473e-12
            2.5      1.4655e-07     2.89489e-12
           2.52      1.4655e-07     2.89502e-12
           2.54     1.46551e-07     2.89516e-12
           2.56     1.46551e-07     2.89528e-12
           2.58     1.46551e-07     2.89543e-12
            2.6     1.46551e-07     2.89564e-12
           2.62     1.46551e-07     2.89598e-12
           2.64     1.46552e-07     2.89653e-12
           2.66     1.46553e-07     2.89765e-12
           2.68     1.46555e-07     2.89966e-12
            2.7     1.46558e-07      2.9036e-12
           2.72     1.46565e-07     2.91105e-12
           2.74     1.46577e-07       2.925e-12
           2.76     1.46599e-07      2.9489e-12
           2.78     1.46636e-07       2.991e-12
            2.8       1.467e-07     3.06238e-12
           2.82     1.46804e-07      3.1764e-12
           2.84     1.46973e-07     3.35592e-12
           2.86     1.47232e-07     3.61684e-12
           2.88     1.47628e-07     3.98401e-12
            2.9     1.48212e-07     4.47143e-12
           2.92      1.4905e-07     5.08727e-12
           2.94     1.50221e-07     5.83285e-12
           2.96     1.51803e-07     6.69012e-12
           2.98     1.53882e-07     7.64019e-12
              3     1.56541e-07     8.65144e-12
           3.02     1.59833e-07     9.68058e-12
           3.04     1.63797e-07     1.06811e-11
           3.06     1.68416e-07     1.15974e-11
           3.08     1.73648e-07     1.23761e-11
            3.1     1.79407e-07     1.29703e-11
           3.12     1.85539e-07     1.33384e-11
           3.14     1.91866e-07     1.34521e-11
           3.16     1.98215e-07     1.33044e-11
           3.18     2.04381e-07     1.29011e-11
            3.2     2.10191e-07     1.22697e-11
           3.22     2.15472e-07      1.1452e-11
           3.24     2.20151e-07     1.04948e-11
           3.26     2.24164e-07     9.45407e-12
           3.28     2.27497e-07     8.38645e-12
            3.3     2.30168e-07     7.35055e-12
           3.32     2.32246e-07     6.38454e-12
           3.34     2.33814e-07     5.52421e-12
           3.36     2.34951e-07     4.79976e-12
           3.38     2.35754e-07      4.2151e-12
            3.4     2.36301e-07     3.77313e-12
           3.42     2.36664e-07     3.45305e-12
           3.44     2.36898e-07     3.23786e-12
           3.46     2.37043e-07     3.10391e-12
           3.48     2.37129e-07     3.02292e-12
            3.5     2.37179e-07     2.97776e-12
           3.52     2.37206e-07     2.95333e-12
           3.54     2.37221e-07     2.94033e-12
           3.56     2.37229e-07     2.93345e-12
           3.58     2.37234e-07     2.92991e-12
            3.6     2.37236e-07      2.9282e-12
           3.62     2.37237e-07     2.92736e-12
           3.64     2.37238e-07     2.92689e-12
           3.66     2.37238e-07     2.92665e-12
           3.68     2.37238e-07     2.92643e-12
            3.7     2.37238e-07      2.9262e-12
           3.72     2.37239e-07     2.92607e-12
           3.74     2.37239e-07     2.92586e-12
           3.76     2.37239e-07      2.9257e-12
           3.78     2.37239e-07     2.92557e-12
            3.8     2.37239e-07     2.92539e-12
           3.82      2.3724e-07      2.9252e-12
           3.84      2.3724e-07     2.92507e-12
           3.86      2.3724e-07     2.92494e-12
           3.88      2.3724e-07     2.92481e-12
            3.9      2.3724e-07     2.92466e-12
           3.92      2.3724e-07     2.92456e-12
           3.94      2.3724e-07     2.92444e-12
           3.96     2.37241e-07     2.92434e-12
           3.98     2.37241e-07     2.92422e-12
              4     2.37241e-07     2.92415e-12
           4.02     2.37241e-07     2.92403e-12
           4.04     2.37241e-07     2.92396e-12
           4.06     2.37241e-07     2.92387e-12
           4.08     2.37241e-07     2.92378e-12
            4.1     2.37242e-07      2.9237e-12
           4.12     2.37242e-07     2.92363e-12
           4.14     2.37242e-07     2.92354e-12
           4.16     2.37242e-07     2.92347e-12
           4.18     2.37242e-07     2.92336e-12
            4.2     2.37243e-07     2.92329e-12
           4.22     2.37243e-07     2.92324e-12
           4.24     2.37243e-07     2.92318e-12
           4.26     2.37243e-07     2.92312e-12
           4.28     2.37243e-07     2.92308e-12
            4.3     2.37243e-07     2.92303e-12
           4.32     2.37243e-07     2.92299e-12
           4.34     2.37243e-07     2.92294e-12
           4.36     2.37244e-07     2.92292e-12
           4.38     2.37244e-07     2.92289e-12
            4.4     2.37244e-07     2.92285e-12
           4.42     2.37244e-07     2.92283e-12
           4.44     2.37244e-07     2.92283e-12
           4.46     2.37244e-07      2.9228e-12
           4.48     2.37244e-07      2.9228e-12
            4.5     2.37245e-07     2.92276e-12
           4.52     2.37245e-07     2.92276e-12
           4.54     2.37245e-07     2.92275e-12
           4.56     2.37245e-07     2.92275e-12
           4.58     2.37245e-07     2.92275e-12
            4.6     2.37245e-07     2.92276e-12
           4.62     2.37245e-07     2.92283e-12
           4.64     2.37246e-07     2.92283e-12
           4.66     2.37246e-07     2.92284e-12
           4.68     2.37246e-07     2.92287e-12
            4.7     2.37246e-07     2.92292e-12
           4.72     2.37246e-07     2.92293e-12
           4.74     2.37246e-07     2.92298e-12
           4.76     2.37246e-07       2.923e-12
           4.78     2.37246e-07       2.923e-12
            4.8     2.37247e-07     2.92304e-12
           4.82     2.37247e-07     2.92308e-12
           4.84     2.37247e-07     2.92312e-12
           4.86     2.37247e-07     2.92316e-12
           4.88     2.37247e-07     2.92326e-12
            4.9     2.37247e-07      2.9233e-12
           4.92     2.37247e-07     2.92337e-12
           4.94     2.37248e-07     2.92344e-12
           4.96     2.37248e-07     2.92352e-12
           4.98     2.37248e-07     2.92359e-12
              5     2.37248e-07     2.92369e-12
           5.02     2.37248e-07     2.92381e-12
           5.04     2.37248e-07     2.92389e-12
           5.06     2.37249e-07     2.92397e-12
           5.08     2.37249e-07     2.92406e-12
            5.1     2.37249e-07     2.92416e-12
           5.12     2.37249e-07     2.92424e-12
           5.14     2.37249e-07     2.92433e-12
           5.16     2.37249e-07     2.92443e-12
           5.18     2.37249e-07     2.92454e-12
            5.2     2.37249e-07     2.92462e-12
           5.22      2.3725e-07     2.92471e-12
           5.24      2.3725e-07     2.92482e-12
           5.26      2.3725e-07     2.92499e-12
           5.28      2.3725e-07     2.92517e-12
            5.3      2.3725e-07      2.9254e-12
           5.32     2.37251e-07     2.92575e-12
           5.34     2.37252e-07     2.92658e-12
           5.36     2.37256e-07     2.92867e-12
           5.38     2.37266e-07     2.93409e-12
            5.4     2.37288e-07     2.94811e-12
           5.42     2.37338e-07     2.98118e-12
           5.44     2.37445e-07      3.0549e-12
           5.46     2.37662e-07     3.20751e-12
           5.48      2.3807e-07     3.49066e-12
            5.5     2.38791e-07     3.95696e-12
           5.52     2.39994e-07     4.64247e-12
           5.54     2.41878e-07     5.54735e-12
           5.56     2.44641e-07     6.61821e-12
           5.58     2.48463e-07     7.77472e-12
            5.6     2.53438e-07     8.90161e-12
           5.62     2.59506e-07     9.86346e-12
           5.64     2.66473e-07     1.05399e-11
           5.66     2.73977e-07     1.08371e-11
           5.68     2.81554e-07     1.07132e-11
            5.7     2.88766e-07     1.01923e-11
           5.72     2.95208e-07     9.34888e-12
           5.74     3.00602e-07     8.30528e-12
           5.76      3.0485e-07     7.19438e-12
           5.78     3.07992e-07     6.14438e-12
            5.8     3.10171e-07     5.25472e-12
           5.82     3.11587e-07     4.58238e-12
           5.84     3.12457e-07     4.12523e-12
           5.86     3.12956e-07     3.85325e-12
           5.88     3.13224e-07     3.70881e-12
            5.9     3.13358e-07     3.64039e-12
           5.92     3.13422e-07      3.6093e-12
           5.94     3.13451e-07     3.59676e-12
           5.96     3.13463e-07     3.59231e-12
           5.98     3.13468e-07     3.59049e-12
              6      3.1347e-07     3.58966e-12
           6.02     3.13471e-07     3.58932e-12
           6.04     3.13471e-07     3.58904e-12
           6.06     3.13471e-07     3.58873e-12
           6.08     3.13471e-07     3.58825e-12
            6.1     3.13471e-07      3.5881e-12
           6.12     3.13472e-07     3.58791e-12
           6.14     3.13472e-07     3.58754e-12
           6.16     3.13472e-07     3.58723e-12
           6.18     3.13472e-07     3.58702e-12
            6.2     3.13472e-07      3.5868e-12
           6.22     3.13472e-07     3.58673e-12
           6.24     3.13473e-07     3.58647e-12
           6.26     3.13473e-07     3.58634e-12
           6.28     3.13473e-07     3.58615e-12
            6.3     3.13473e-07     3.58592e-12
           6.32     3.13473e-07     3.58574e-12
           6.34     3.13473e-07     3.58555e-12
           6.36     3.13473e-07     3.58521e-12
           6.38     3.13474e-07     3.58517e-12
            6.4     3.13474e-07     3.58513e-12
           6.42     3.13474e-07     3.58506e-12
           6.44     3.13474e-07     3.58486e-12
           6.46     3.13474e-07     3.58461e-12
           6.48     3.13474e-07     3.58448e-12
            6.5     3.13474e-07     3.58436e-12
           6.52     3.13474e-07     3.58433e-12
           6.54     3.13475e-07     3.58428e-12
           6.56     3.13475e-07     3.58423e-12
           6.58     3.13475e-07     3.58393e-12
            6.6     3.13475e-07     3.58377e-12
           6.62     3.13475e-07     3.58365e-12
           6.64     3.13475e-07      3.5831e-12
           6.66     3.13475e-07      3.5829e-12
           6.68     3.13476e-07     3.58275e-12
            6.7     3.13476e-07      3.5827e-12
           6.72     3.13476e-07     3.58262e-12
           6.74     3.13476e-07     3.58252e-12
           6.76     3.13476e-07     3.58212e-12
           6.78     3.13476e-07     3.58167e-12
            6.8     3.13476e-07     3.58136e-12
           6.82     3.13477e-07     3.58125e-12
           6.84     3.13477e-07     3.58125e-12
           6.86     3.13477e-07     3.58111e-12
           6.88     3.13477e-07     3.58113e-12
            6.9     3.13477e-07     3.58105e-12
           6.92     3.13477e-07       3.581e-12
           6.94     3.13477e-07     3.58104e-12
           6.96     3.13477e-07     3.58087e-12
           6.98     3.13477e-07     3.58071e-12
              7     3.13478e-07     3.58028e-12
           7.02     3.13478e-07     3.58024e-12
           7.04     3.13478e-07     3.58009e-12
           7.06     3.13478e-07     3.57975e-12
           7.08     3.13478e-07     3.57967e-12
            7.1     3.13478e-07     3.57955e-12
           7.12     3.13478e-07     3.57935e-12
           7.14     3.13478e-07     3.57901e-12
           7.16     3.13478e-07     3.57884e-12
           7.18     3.13479e-07     3.57864e-12
            7.2     3.13479e-07     3.57856e-12
           7.22     3.13479e-07     3.57867e-12
           7.24     3.13479e-07     3.57881e-12
           7.26     3.13479e-07     3.57867e-12
           7.28     3.13479e-07     3.57863e-12
            7.3     3.13479e-07     3.57857e-12
           7.32     3.13479e-07     3.57831e-12
           7.34     3.13479e-07     3.57821e-12
           7.36     3.13479e-07     3.57824e-12
           7.38     3.13479e-07     3.57812e-12
            7.4      3.1348e-07      3.5779e-12
           7.42      3.1348e-07     3.57783e-12
           7.44      3.1348e-07     3.57803e-12
           7.46      3.1348e-07     3.57797e-12
           7.48      3.1348e-07     3.57803e-12
            7.5      3.1348e-07     3.57793e-12
           7.52      3.1348e-07     3.57817e-12
           7.54      3.1348e-07     3.57786e-12
           7.56      3.1348e-07     3.57782e-12
           7.58      3.1348e-07     3.57781e-12
            7.6      3.1348e-07     3.57798e-12
           7.62      3.1348e-07     3.57756e-12
           7.64     3.13481e-07     3.57741e-12
           7.66     3.13481e-07      3.5775e-12
           7.68     3.13481e-07      3.5776e-12
            7.7     3.13483e-07     3.57815e-12
           7.72     3.13492e-07     3.58026e-12
           7.74     3.13526e-07     3.59079e-12
           7.76     3.13637e-07     3.62979e-12
           7.78     3.13955e-07     3.75619e-12
            7.8     3.14747e-07     4.08881e-12
           7.82     3.16462e-07     4.77139e-12
           7.84     3.19671e-07     5.83687e-12
           7.86     3.24909e-07     7.12552e-12
           7.88     3.32342e-07     8.30578e-12
            7.9       3.415e-07     9.01432e-12
           7.92     3.51311e-07      9.0203e-12
           7.94     3.60456e-07     8.33534e-12
           7.96      3.6787e-07     7.21602e-12
           7.98     3.73085e-07     6.04079e-12
              8     3.76278e-07     5.12745e-12
           8.02      3.7798e-07      4.5979e-12
           8.04      3.7877e-07     4.36425e-12
           8.06      3.7909e-07     4.28258e-12
           8.08     3.79203e-07     4.25432e-12
            8.1      3.7924e-07     4.24246e-12
           8.12     3.79252e-07     4.23297e-12
           8.14     3.79256e-07     4.22341e-12
           8.16     3.79259e-07      4.2133e-12
           8.18     3.79261e-07     4.20371e-12
            8.2     3.79263e-07     4.19391e-12
           8.22     3.79266e-07     4.18175e-12
           8.24     3.79268e-07     4.17091e-12
           8.26     3.79271e-07     4.16019e-12
           8.28     3.79273e-07     4.14945e-12
            8.3     3.79276e-07     4.13792e-12
           8.32     3.79278e-07     4.12769e-12
           8.34     3.79281e-07     4.11511e-12
           8.36     3.79284e-07     4.10308e-12
           8.38     3.79286e-07      4.0933e-12
            8.4     3.79289e-07     4.08024e-12
           8.42     3.79291e-07     4.06942e-12
           8.44     3.79293e-07     4.06087e-12
           8.46     3.79295e-07     4.05187e-12
           8.48     3.79297e-07     4.04048e-12
            8.5       3.793e-07     4.02962e-12
           8.52     3.79303e-07     4.01678e-12
           8.54     3.79305e-07      4.0046e-12
           8.56     3.79308e-07     3.99303e-12
           8.58      3.7931e-07     3.98134e-12
            8.6     3.79313e-07     3.96982e-12
           8.62     3.79316e-07     3.95737e-12
           8.64     3.79318e-07     3.94574e-12
           8.66     3.79321e-07     3.93405e-12
           8.68     3.79324e-07      3.9199e-12
            8.7     3.79326e-07     3.90803e-12
           8.72     3.79329e-07     3.89509e-12
           8.74     3.79332e-07      3.8835e-12
           8.76     3.79334e-07     3.87214e-12
           8.78     3.79336e-07     3.86102e-12
            8.8     3.79339e-07     3.84864e-12
           8.82     3.79342e-07      3.8351e-12
           8.84     3.79344e-07     3.82278e-12
           8.86     3.79347e-07        3.81e-12
           8.88      3.7935e-07     3.79823e-12
            8.9     3.79352e-07     3.78538e-12
           8.92     3.79355e-07     3.77218e-12
           8.94     3.79357e-07     3.76127e-12
           8.96      3.7936e-07     3.74878e-12
           8.98     3.79362e-07     3.73833e-12
              9     3.79364e-07     3.72693e-12
           9.02     3.79367e-07     3.71454e-12
           9.04     3.79369e-07     3.70318e-12
           9.06     3.79372e-07     3.68929e-12
           9.08     3.79375e-07     3.67621e-12
            9.1     3.79377e-07      3.6637e-12
           9.12      3.7938e-07      3.6515e-12
           9.14     3.79382e-07      3.6379e-12
           9.16     3.79385e-07     3.62595e-12
           9.18     3.79388e-07     3.61277e-12
            9.2      3.7939e-07     3.59984e-12
           9.22     3.79392e-07     3.58866e-12
           9.24     3.79395e-07     3.57497e-12
           9.26     3.79398e-07     3.56007e-12
           9.28       3.794e-07     3.54807e-12
            9.3     3.79403e-07     3.53509e-12
           9.32     3.79406e-07     3.52191e-12
           9.34     3.79408e-07      3.5106e-12
           9.36      3.7941e-07     3.50006e-12
           9.38     3.79412e-07     3.48778e-12
            9.4     3.79414e-07     3.47738e-12
           9.42     3.79416e-07     3.46723e-12
           9.44     3.79418e-07     3.45815e-12
           9.46      3.7942e-07     3.44587e-12
           9.48     3.79422e-07     3.43682e-12
            9.5     3.79424e-07     3.42961e-12
           9.52     3.79425e-07     3.42147e-12
           9.54     3.79427e-07     3.41351e-12
           9.56     3.79428e-07     3.40726e-12
           9.58      3.7943e-07     3.39707e-12
            9.6     3.79431e-07     3.38925e-12
           9.62     3.79433e-07     3.38226e-12
           9.64     3.79434e-07     3.37463e-12
           9.66     3.79435e-07     3.36851e-12
           9.68     3.79436e-07      3.3639e-12
            9.7     3.79437e-07     3.35889e-12
           9.72     3.79438e-07     3.35264e-12
           9.74     3.79439e-07     3.34653e-12
           9.76     3.79441e-07     3.34072e-12
           9.78     3.79441e-07     3.33657e-12
            9.8     3.79442e-07     3.33203e-12
           9.82     3.79443e-07     3.32792e-12
           9.84     3.79443e-07     3.32497e-12
           9.86     3.79444e-07     3.31993e-12
           9.88     3.79445e-07     3.31577e-12
            9.9     3.79446e-07     3.31352e-12
           9.92     3.79446e-07     3.31225e-12
           9.94     3.79446e-07     3.31081e-12
           9.96     3.79447e-07     3.30921e-12
           9.98     3.79447e-07     3.30836e-12
             10     3.79447e-07     3.30816e-12
          10.02               0               0
          10.04               0               0
          10.06               0               0
          10.08               0               0
           10.1               0               0
          10.12               0               0
          10.14               0               0
          10.16               0               0
          10.18               0               0
           10.2               0               0
          10.22               0               0
          10.24               0               0
          10.26               0               0
          10.28               0               0
           10.3               0               0
          10.32               0               0
          10.34               0               0
          10.36               0               0
          10.38               0               0
           10.4               0               0
          10.42               0               0
          10.44               0               0
          10.46               0               0
          10.48               0               0
           10.5               0               0
          10.52               0               0
          10.54               0               0
          10.56               0               0
          10.58               0               0
           10.6               0               0
          10.62               0               0
          10.64               0               0
          10.66               0               0
          10.68               0               0
           10.7               0               0
          10.72               0               0
          10.74               0               0
          10.76               0               0
          10.78               0               0
           10.8               0               0
          10.82               0               0
          10.84               0               0
          10.86               0               0
          10.88               0               0
           10.9               0               0
          10.92               0               0
          10.94               0               0
          10.96               0               0
          10.98               0               0
             11               0               0
          11.02               0               0
          11.04               0               0
          11.06               0               0
          11.08               0               0
           11.1               0               0
          11.12               0               0
          11.14               0               0
          11.16               0               0
          11.18               0               0
           11.2               0               0
          11.22               0               0
          11.24               0               0
          11.26               0               0
          11.28               0               0
           11.3               0               0
          11.32               0               0
          11.34               0               0
          11.36               0               0
          11.38               0               0
           11.4               0               0
          11.42               0               0
          11.44               0               0
          11.46               0               0
          11.48               0               0
           11.5               0               0
          11.52               0               0
          11.54               0               0
          11.56               0               0
          11.58               0               0
           11.6               0               0
          11.62               0               0
          11.64               0               0
          11.66               0               0
          11.68               0               0
           11.7               0               0
          11.72               0               0
          11.74               0               0
          11.76               0               0
          11.78               0               0
           11.8               0               0
          11.82               0               0
          11.84               0               0
          11.86               0               0
          11.88               0               0
           11.9               0               0
          11.92               0               0
          11.94               0               0
          11.96               0               0
          11.98               0               0
             12               0               0
          12.02               0               0
          12.04               0               0
          12.06               0               0
          12.08               0               0
           12.1               0               0
          12.12               0               0
          12.14               0               0
          12.16               0               0
          12.18               0               0
           12.2               0               0
          12.22               0               0
          12.24               0               0
          12.26               0               0
          12.28               0               0
           12.3               0               0
          12.32               0               0
          12.34               0               0
          12.36               0               0
          12.38               0               0
           12.4               0               0
          12.42               0               0
          12.44               0               0
          12.46               0               0
          12.48               0               0
           12.5               0               0
          12.52               0               0
          12.54               0               0
          12.56               0               0
          12.58               0               0
           12.6               0               0
          12.62               0               0
          12.64               0               0
          12.66               0               0
          12.68               0               0
           12.7               0               0
          12.72               0               0
          12.74               0               0
          12.76               0               0
          12.78               0               0
           12.8               0               0
          12.82               0               0
          12.84               0               0
          12.86               0               0
          12.88               0               0
           12.9               0               0
          12.92               0               0
          12.94               0               0
          12.96               0               0
          12.98               0               0
             13               0               0
          13.02               0               0
          13.04               0               0
          13.06               0               0
          13.08               0               0
           13.1               0               0
          13.12               0               0
          13.14               0               0
          13.16               0               0
          13.18               0               0
           13.2               0               0
          13.22               0               0
          13.24               0               0
          13.26               0               0
          13.28               0               0
           13.3               0               0
          13.32               0               0
          13.34               0               0
          13.36               0               0
          13.38               0               0
           13.4               0               0
          13.42               0               0
          13.44               0               0
          13.46               0               0
          13.48               0               0
           13.5               0               0
          13.52               0               0
          13.54               0               0
          13.56               0               0
          13.58               0               0
           13.6               0               0
          13.62               0               0
          13.64               0               0
          13.66               0               0
          13.68               0               0
           13.7               0               0
          13.72               0               0
          13.74               0               0
          13.76               0               0
          13.78               0               0
           13.8               0               0
          13.82               0               0
          13.84               0               0
          13.86               0               0
          13.88               0               0
           13.9               0               0
          13.92               0               0
          13.94               0               0
          13.96               0               0
          13.98               0               0
             14               0               0
          14.02               0               0
          14.04               0               0
          14.06               0               0
          14.08               0               0
           14.1               0               0
          14.12               0               0
          14.14               0               0
          14.16               0               0
          14.18               0               0
           14.2               0               0
          14.22               0               0
          14.24               0               0
          14.26               0               0
          14.28               0               0
           14.3               0               0
          14.32               0               0
          14.34               0               0
          14.36               0               0
          14.38               0               0
           14.4               0               0
          14.42               0               0
          14.44               0               0
          14.46               0               0
          14.48               0               0
           14.5               0               0
          14.52               0               0
          14.54               0               0
          14.56               0               0
          14.58               0               0
           14.6               0               0
          14.62               0               0
          14.64               0               0
          14.66               0               0
          14.68               0               0
           14.7               0               0
          14.72               0               0
          14.74               0               0
          14.76               0               0
          14.78               0               0
           14.8               0               0
          14.82               0               0
          14.84               0               0
          14.86               0               0
          14.88               0               0
           14.9               0               0
          14.92               0               0
          14.94               0               0
          14.96               0               0
          14.98               0               0
             15               0               0
          15.02               0               0
          15.04               0               0
          15.06               0               0
          15.08               0               0
           15.1               0               0
          15.12               0               0
          15.14               0               0
          15.16               0               0
          15.18               0               0
           15.2               0               0
          15.22               0               0
          15.24               0               0
          15.26               0               0
          15.28               0               0
           15.3               0               0
          15.32               0               0
          15.34               0               0
          15.36               0               0
          15.38               0               0
           15.4               0               0
          15.42               0               0
          15.44               0               0
          15.46               0               0
          15.48               0               0
           15.5               0               0
          15.52               0               0
          15.54               0               0
          15.56               0               0
          15.58               0               0
           15.6               0               0
          15.62               0               0
          15.64               0               0
          15.66               0               0
          15.68               0               0
           15.7               0               0
          15.72               0               0
          15.74               0               0
          15.76               0               0
          15.78               0               0
           15.8               0               0
          15.82               0               0
          15.84               0               0
          15.86               0               0
          15.88               0               0
           15.9               0               0
          15.92               0               0
          15.94               0               0
          15.96               0               0
          15.98               0               0
             16               0               0
          16.02               0               0
          16.04               0               0
          16.06               0               0
          16.08               0               0
           16.1               0               0
          16.12               0               0
          16.14               0               0
          16.16               0               0
          16.18               0               0
           16.2               0               0
          16.22               0               0
          16.24               0               0
          16.26               0               0
          16.28               0               0
           16.3               0               0
          16.32               0               0
          16.34               0               0
          16.36               0               0
          16.38               0               0
           16.4               0               0
          16.42               0               0
          16.44               0               0
          16.46               0               0
          16.48               0               0
           16.5               0               0
          16.52               0               0
          16.54               0               0
          16.56               0               0
          16.58               0               0
           16.6               0               0
          16.62               0               0
          16.64               0               0
          16.66               0               0
          16.68               0               0
           16.7               0               0
          16.72               0               0
          16.74               0               0
          16.76               0               0
          16.78               0               0
           16.8               0               0
          16.82               0               0
          16.84               0               0
          16.86               0               0
          16.88               0               0
           16.9               0               0
          16.92               0               0
          16.94               0               0
          16.96               0               0
          16.98               0               0
             17               0               0
          17.02               0               0
          17.04               0               0
          17.06               0               0
          17.08               0               0
           17.1               0               0
          17.12               0               0
          17.14               0               0
          17.16               0               0
          17.18               0               0
           17.2               0               0
          17.22               0               0
          17.24               0               0
          17.26               0               0
          17.28               0               0
           17.3               0               0
          17.32               0               0
          17.34               0               0
          17.36               0               0
          17.38               0               0
           17.4               0               0
          17.42               0               0
          17.44               0               0
          17.46               0               0
          17.48               0               0
           17.5               0               0
          17.52               0               0
          17.54               0               0
          17.56               0               0
          17.58               0               0
           17.6               0               0
          17.62               0               0
          17.64               0               0
          17.66               0               0
          17.68               0               0
           17.7               0               0
          17.72               0               0
          17.74               0               0
          17.76               0               0
          17.78               0               0
           17.8               0               0
          17.82               0               0
          17.84               0               0
          17.86               0               0
          17.88               0               0
           17.9               0               0
          17.92               0               0
          17.94               0               0
          17.96               0               0
          17.98               0               0
             18               0               0
          18.02               0               0
          18.04               0               0
          18.06               0               0
          18.08               0               0
           18.1               0               0
          18.12               0               0
          18.14               0               0
          18.16               0               0
          18.18               0               0
           18.2               0               0
          18.22               0               0
          18.24               0               0
          18.26               0               0
          18.28               0               0
           18.3               0               0
          18.32               0               0
          18.34               0               0
          18.36               0               0
          18.38               0               0
           18.4               0               0
          18.42               0               0
          18.44               0               0
          18.46               0               0
          18.48               0               0
           18.5               0               0
          18.52               0               0
          18.54               0               0
          18.56               0               0
          18.58               0               0
           18.6               0               0
          18.62               0               0
          18.64               0               0
          18.66               0               0
          18.68               0               0
           18.7               0               0
          18.72               0               0
          18.74               0               0
          18.76               0               0
          18.78               0               0
           18.8               0               0
          18.82               0               0
          18.84               0               0
          18.86               0               0
          18.88               0               0
           18.9               0               0
          18.92               0               0
          18.94               0               0
          18.96               0               0
          18.98               0               0
             19               0               0
          19.02               0               0
          19.04               0               0
          19.06               0               0
          19.08               0               0
           19.1               0               0
          19.12               0               0
          19.14               0               0
          19.16               0               0
          19.18               0               0
           19.2               0               0
          19.22               0               0
          19.24               0               0
          19.26               0               0
          19.28               0               0
           19.3               0               0
          19.32               0               0
          19.34               0               0
          19.36               0               0
          19.38               0               0
           19.4               0               0
          19.42               0               0
          19.44               0               0
          19.46               0               0
          19.48               0               0
           19.5               0               0
          19.52               0               0
          19.54               0               0
          19.56               0               0
          19.58               0               0
           19.6               0               0
          19.62               0               0
          19.64               0               0
          19.66               0               0
          19.68               0               0
           19.7               0               0
          19.72               0               0
          19.74               0               0
          19.76               0               0
          19.78               0               0
           19.8               0               0
          19.82               0               0
          19.84               0               0
          19.86               0               0
          19.88               0               0
           19.9               0               0
          19.92               0               0
          19.94               0               0
          19.96               0               0
          19.98               0               0
             20               0               0
          20.02               0               0

Source_00  1000  20
              0               0               0
           0.02               0               0
           0.04               0               0
           0.06               0               0
           0.08               0               0
            0.1               0               0
           0.12               0               0
           0.14               0               0
           0.16               0               0
           0.18               0               0
            0.2               0               0
           0.22               0               0
           0.24               0               0
           0.26               0               0
           0.28               0               0
            0.3               0               0
           0.32               0               0
           0.34               0               0
           0.36               0               0
           0.38               0               0
            0.4               0               0
           0.42               0               0
           0.44               0               0
           0.46               0               0
           0.48               0               0
            0.5               0               0
           0.52               0               0
           0.54               0               0
           0.56               0               0
           0.58               0               0
            0.6               0               0
           0.62               0               0
           0.64               0               0
           0.66               0               0
           0.68               0               0
            0.7               0               0
           0.72               0               0
           0.74               0               0
           0.76               0               0
           0.78               0               0
            0.8               0               0
           0.82               0               0
           0.84               0               0
           0.86               0               0
           0.88               0               0
            0.9               0               0
           0.92               0               0
           0.94               0               0
           0.96               0               0
           0.98               0               0
              1               0               0
           1.02               0               0
           1.04               0               0
           1.06               0               0
           1.08               0               0
            1.1               0               0
           1.12               0               0
           1.14               0               0
           1.16               0               0
           1.18               0               0
            1.2               0               0
           1.22               0               0
           1.24               0               0
           1.26               0               0
           1.28               0               0
            1.3               0               0
           1.32               0               0
           1.34               0               0
           1.36               0               0
           1.38               0               0
            1.4               0               0
           1.42               0               0
           1.44               0               0
           1.46               0               0
           1.48               0               0
            1.5               0               0
           1.52               0               0
           1.54               0               0
           1.56               0               0
           1.58               0               0
            1.6               0               0
           1.62               0               0
           1.64               0               0
           1.66               0               0
           1.68               0               0
            1.7               0               0
           1.72               0               0
           1.74               0               0
           1.76               0               0
           1.78               0               0
            1.8               0               0
           1.82               0               0
           1.84               0               0
           1.86               0               0
           1.88               0               0
            1.9               0               0
           1.92               0               0
           1.94               0               0
           1.96               0               0
           1.98               0               0
              2               0               0
           2.02               0               0
           2.04               0               0
           2.06               0               0
           2.08               0               0
            2.1               0               0
           2.12               0               0
           2.14               0               0
           2.16               0               0
           2.18               0               0
            2.2               0               0
           2.22               0               0
           2.24               0               0
           2.26               0               0
           2.28               0               0
            2.3               0               0
           2.32               0               0
           2.34               0               0
           2.36               0               0
           2.38               0               0
            2.4               0               0
           2.42               0               0
           2.44               0               0
           2.46               0               0
           2.48               0               0
            2.5               0               0
           2.52               0               0
           2.54               0               0
           2.56               0               0
           2.58               0               0
            2.6               0               0
           2.62               0               0
           2.64               0               0
           2.66               0               0
           2.68               0               0
            2.7               0               0
           2.72               0               0
           2.74               0               0
           2.76               0               0
           2.78               0               0
            2.8               0               0
           2.82               0               0
           2.84               0               0
           2.86               0               0
           2.88               0               0
            2.9               0               0
           2.92               0               0
           2.94               0               0
           2.96               0               0
           2.98               0               0
              3               0               0
           3.02               0               0
           3.04               0               0
           3.06               0               0
           3.08               0               0
            3.1               0               0
           3.12               0               0
           3.14               0               0
           3.16               0               0
           3.18               0               0
            3.2               0               0
           3.22               0               0
           3.24               0               0
           3.26               0               0
           3.28               0               0
            3.3               0               0
           3.32               0               0
           3.34               0               0
           3.36               0               0
           3.38               0               0
            3.4               0               0
           3.42               0               0
           3.44               0               0
           3.46               0               0
           3.48               0               0
            3.5               0               0
           3.52               0               0
           3.54               0               0
           3.56               0               0
           3.58               0               0
            3.6               0               0
           3.62               0               0
           3.64               0               0
           3.66               0               0
           3.68               0               0
            3.7               0               0
           3.72               0               0
           3.74               0               0
           3.76               0               0
           3.78               0               0
            3.8               0               0
           3.82               0               0
           3.84               0               0
           3.86               0               0
           3.88               0               0
            3.9               0               0
           3.92               0               0
           3.94               0               0
           3.96               0               0
           3.98               0               0
              4               0               0
           4.02               0               0
           4.04               0               0
           4.06               0               0
           4.08               0               0
            4.1               0               0
           4.12               0               0
           4.14               0               0
           4.16               0               0
           4.18               0               0
            4.2               0               0
           4.22               0               0
           4.24               0               0
           4.26               0               0
           4.28               0               0
            4.3               0               0
           4.32               0               0
           4.34               0               0
           4.36               0               0
           4.38               0               0
            4.4               0               0
           4.42               0               0
           4.44               0               0
           4.46               0               0
           4.48               0               0
            4.5               0               0
           4.52               0               0
           4.54               0               0
           4.56               0               0
           4.58               0               0
            4.6               0               0
           4.62               0               0
           4.64               0               0
           4.66               0               0
           4.68               0               0
            4.7               0               0
           4.72               0               0
           4.74               0               0
           4.76               0               0
           4.78               0               0
            4.8               0               0
           4.82               0               0
           4.84               0               0
           4.86               0               0
           4.88               0               0
            4.9               0               0
           4.92               0               0
           4.94               0               0
           4.96               0               0
           4.98               0               0
              5               0               0
           5.02               0               0
           5.04               0               0
           5.06               0               0
           5.08               0               0
            5.1               0               0
           5.12               0               0
           5.14               0               0
           5.16               0               0
           5.18               0               0
            5.2               0               0
           5.22               0               0
           5.24               0               0
           5.26               0               0
           5.28               0               0
            5.3               0               0
           5.32               0               0
           5.34               0               0
           5.36               0               0
           5.38               0               0
            5.4               0               0
           5.42               0               0
           5.44               0               0
           5.46               0               0
           5.48               0               0
            5.5               0               0
           5.52               0               0
           5.54               0               0
           5.56               0               0
           5.58               0               0
            5.6               0               0
           5.62               0               0
           5.64               0               0
           5.66               0               0
           5.68               0               0
            5.7               0               0
           5.72               0               0
           5.74               0               0
           5.76               0               0
           5.78               0               0
            5.8               0               0
           5.82               0               0
           5.84               0               0
           5.86               0               0
           5.88               0               0
            5.9               0               0
           5.92               0               0
           5.94               0               0
           5.96               0               0
           5.98               0               0
              6               0               0
           6.02               0               0
           6.04               0               0
           6.06               0               0
           6.08               0               0
            6.1               0               0
           6.12               0               0
           6.14               0               0
           6.16               0               0
           6.18               0               0
            6.2               0               0
           6.22               0               0
           6.24               0               0
           6.26               0               0
           6.28               0               0
            6.3               0               0
           6.32               0               0
           6.34               0               0
           6.36               0               0
           6.38               0               0
            6.4               0               0
           6.42               0               0
           6.44               0               0
           6.46               0               0
           6.48               0               0
            6.5               0               0
           6.52               0               0
           6.54               0               0
           6.56               0               0
           6.58               0               0
            6.6               0               0
           6.62               0               0
           6.64               0               0
           6.66               0               0
           6.68               0               0
            6.7               0               0
           6.72               0               0
           6.74               0               0
           6.76               0               0
           6.78               0               0
            6.8               0               0
           6.82               0               0
           6.84               0               0
           6.86               0               0
           6.88               0               0
            6.9               0               0
           6.92               0               0
           6.94               0               0
           6.96               0               0
           6.98               0               0
              7               0               0
           7.02               0               0
           7.04               0               0
           7.06               0               0
           7.08               0               0
            7.1               0               0
           7.12               0               0
           7.14               0               0
           7.16               0               0
           7.18               0               0
            7.2               0               0
           7.22               0               0
           7.24               0               0
           7.26               0               0
           7.28               0               0
            7.3               0               0
           7.32               0               0
           7.34               0               0
           7.36               0               0
           7.38               0               0
            7.4               0               0
           7.42               0               0
           7.44               0               0
           7.46               0               0
           7.48               0               0
            7.5               0               0
           7.52               0               0
           7.54               0               0
           7.56               0               0
           7.58               0               0
            7.6               0               0
           7.62               0               0
           7.64               0               0
           7.66               0               0
           7.68               0               0
            7.7               0               0
           7.72               0               0
           7.74               0               0
           7.76               0               0
           7.78               0               0
            7.8               0               0
           7.82               0               0
           7.84               0               0
           7.86               0               0
           7.88               0               0
            7.9               0               0
           7.92               0               0
           7.94               0               0
           7.96               0               0
           7.98               0               0
              8               0               0
           8.02               0               0
           8.04               0               0
           8.06               0               0
           8.08               0               0
            8.1               0               0
           8.12               0               0
           8.14               0               0
           8.16               0               0
           8.18               0               0
            8.2               0               0
           8.22               0               0
           8.24               0               0
           8.26               0               0
           8.28               0               0
            8.3               0               0
           8.32               0               0
           8.34               0               0
           8.36               0               0
           8.38               0               0
            8.4               0               0
           8.42               0               0
           8.44               0               0
           8.46               0               0
           8.48               0               0
            8.5               0               0
           8.52               0               0
           8.54               0               0
           8.56               0               0
           8.58               0               0
            8.6               0               0
           8.62               0               0
           8.64               0               0
           8.66               0               0
           8.68               0               0
            8.7               0               0
           8.72               0               0
           8.74               0               0
           8.76               0               0
           8.78               0               0
            8.8               0               0
           8.82               0               0
           8.84               0               0
           8.86               0               0
           8.88               0               0
            8.9               0               0
           8.92               0               0
           8.94               0               0
           8.96               0               0
           8.98               0               0
              9               0               0
           9.02               0               0
           9.04               0               0
           9.06               0               0
           9.08               0               0
            9.1               0               0
           9.12               0               0
           9.14               0               0
           9.16               0               0
           9.18               0               0
            9.2               0               0
           9.22               0               0
           9.24               0               0
           9.26               0               0
           9.28               0               0
            9.3               0               0
           9.32               0               0
           9.34               0               0
           9.36               0               0
           9.38               0               0
            9.4               0               0
           9.42               0               0
           9.44               0               0
           9.46               0               0
           9.48               0               0
            9.5               0               0
           9.52               0               0
           9.54               0               0
           9.56               0               0
           9.58               0               0
            9.6               0               0
           9.62               0               0
           9.64               0               0
           9.66               0               0
           9.68               0               0
            9.7               0               0
           9.72               0               0
           9.74               0               0
           9.76               0               0
           9.78               0               0
            9.8               0               0
           9.82               0               0
           9.84               0               0
           9.86               0               0
           9.88               0               0
            9.9               0               0
           9.92               0               0
           9.94               0               0
           9.96               0               0
           9.98               0               0
             10               0               0
          10.02               1     0.000316228
          10.04               0               0
          10.06               0               0
          10.08               0               0
           10.1               0               0
          10.12               0               0
          10.14               0               0
          10.16               0               0
          10.18               0               0
           10.2               0               0
          10.22               0               0
          10.24               0               0
          10.26               0               0
          10.28               0               0
           10.3               0               0
          10.32               0               0
          10.34               0               0
          10.36               0               0
          10.38               0               0
           10.4               0               0
          10.42               0               0
          10.44               0               0
          10.46               0               0
          10.48               0               0
           10.5               0               0
          10.52               0               0
          10.54               0               0
          10.56               0               0
          10.58               0               0
           10.6               0               0
          10.62               0               0
          10.64               0               0
          10.66               0               0
          10.68               0               0
           10.7               0               0
          10.72               0               0
          10.74               0               0
          10.76               0               0
          10.78               0               0
           10.8               0               0
          10.82               0               0
          10.84               0               0
          10.86               0               0
          10.88               0               0
           10.9               0               0
          10.92               0               0
          10.94               0               0
          10.96               0               0
          10.98               0               0
             11               0               0
          11.02               0               0
          11.04               0               0
          11.06               0               0
          11.08               0               0
           11.1               0               0
          11.12               0               0
          11.14               0               0
          11.16               0               0
          11.18               0               0
           11.2               0               0
          11.22               0               0
          11.24               0               0
          11.26               0               0
          11.28               0               0
           11.3               0               0
          11.32               0               0
          11.34               0               0
          11.36               0               0
          11.38               0               0
           11.4               0               0
          11.42               0               0
          11.44               0               0
          11.46               0               0
          11.48               0               0
           11.5               0               0
          11.52               0               0
          11.54               0               0
          11.56               0               0
          11.58               0               0
           11.6               0               0
          11.62               0               0
          11.64               0               0
          11.66               0               0
          11.68               0               0
           11.7               0               0
          11.72               0               0
          11.74               0               0
          11.76               0               0
          11.78               0               0
           11.8               0               0
          11.82               0               0
          11.84               0               0
          11.86               0               0
          11.88               0               0
           11.9               0               0
          11.92               0               0
          11.94               0               0
          11.96               0               0
          11.98               0               0
             12               0               0
          12.02               0               0
          12.04               0               0
          12.06               0               0
          12.08               0               0
           12.1               0               0
          12.12               0               0
          12.14               0               0
          12.16               0               0
          12.18               0               0
           12.2               0               0
          12.22               0               0
          12.24               0               0
          12.26               0               0
          12.28               0               0
           12.3               0               0
          12.32               0               0
          12.34               0               0
          12.36               0               0
          12.38               0               0
           12.4               0               0
          12.42               0               0
          12.44               0               0
          12.46               0               0
          12.48               0               0
           12.5               0               0
          12.52               0               0
          12.54               0               0
          12.56               0               0
          12.58               0               0
           12.6               0               0
          12.62               0               0
          12.64               0               0
          12.66               0               0
          12.68               0               0
           12.7               0               0
          12.72               0               0
          12.74               0               0
          12.76               0               0
          12.78               0               0
           12.8               0               0
          12.82               0               0
          12.84               0               0
          12.86               0               0
          12.88               0               0
           12.9               0               0
          12.92               0               0
          12.94               0               0
          12.96               0               0
          12.98               0               0
             13               0               0
          13.02               0               0
          13.04               0               0
          13.06               0               0
          13.08               0               0
           13.1               0               0
          13.12               0               0
          13.14               0               0
          13.16               0               0
          13.18               0               0
           13.2               0               0
          13.22               0               0
          13.24               0               0
          13.26               0               0
          13.28               0               0
           13.3               0               0
          13.32               0               0
          13.34               0               0
          13.36               0               0
          13.38               0               0
           13.4               0               0
          13.42               0               0
          13.44               0               0
          13.46               0               0
          13.48               0               0
           13.5               0               0
          13.52               0               0
          13.54               0               0
          13.56               0               0
          13.58               0               0
           13.6               0               0
          13.62               0               0
          13.64               0               0
          13.66               0               0
          13.68               0               0
           13.7               0               0
          13.72               0               0
          13.74               0               0
          13.76               0               0
          13.78               0               0
           13.8               0               0
          13.82               0               0
          13.84               0               0
          13.86               0               0
          13.88               0               0
           13.9               0               0
          13.92               0               0
          13.94               0               0
          13.96               0               0
          13.98               0               0
             14               0               0
          14.02               0               0
          14.04               0               0
          14.06               0               0
          14.08               0               0
           14.1               0               0
          14.12               0               0
          14.14               0               0
          14.16               0               0
          14.18               0               0
           14.2               0               0
          14.22               0               0
          14.24               0               0
          14.26               0               0
          14.28               0               0
           14.3               0               0
          14.32               0               0
          14.34               0               0
          14.36               0               0
          14.38               0               0
           14.4               0               0
          14.42               0               0
          14.44               0               0
          14.46               0               0
          14.48               0               0
           14.5               0               0
          14.52               0               0
          14.54               0               0
          14.56               0               0
          14.58               0               0
           14.6               0               0
          14.62               0               0
          14.64               0               0
          14.66               0               0
          14.68               0               0
           14.7               0               0
          14.72               0               0
          14.74               0               0
          14.76               0               0
          14.78               0               0
           14.8               0               0
          14.82               0               0
          14.84               0               0
          14.86               0               0
          14.88               0               0
           14.9               0               0
          14.92               0               0
          14.94               0               0
          14.96               0               0
          14.98               0               0
             15               0               0
          15.02               0               0
          15.04               0               0
          15.06               0               0
          15.08               0               0
           15.1               0               0
          15.12               0               0
          15.14               0               0
          15.16               0               0
          15.18               0               0
           15.2               0               0
          15.22               0               0
          15.24               0               0
          15.26               0               0
          15.28               0               0
           15.3               0               0
          15.32               0               0
          15.34               0               0
          15.36               0               0
          15.38               0               0
           15.4               0               0
          15.42               0               0
          15.44               0               0
          15.46               0               0
          15.48               0               0
           15.5               0               0
          15.52               0               0
          15.54               0               0
          15.56               0               0
          15.58               0               0
           15.6               0               0
          15.62               0               0
          15.64               0               0
          15.66               0               0
          15.68               0               0
           15.7               0               0
          15.72               0               0
          15.74               0               0
          15.76               0               0
          15.78               0               0
           15.8               0               0
          15.82               0               0
          15.84               0               0
          15.86               0               0
          15.88               0               0
           15.9               0               0
          15.92               0               0
          15.94               0               0
          15.96               0               0
          15.98               0               0
             16               0               0
          16.02               0               0
          16.04               0               0
          16.06               0               0
          16.08               0               0
           16.1               0               0
          16.12               0               0
          16.14               0               0
          16.16               0               0
          16.18               0               0
           16.2               0               0
          16.22               0               0
          16.24               0               0
          16.26               0               0
          16.28               0               0
           16.3               0               0
          16.32               0               0
          16.34               0               0
          16.36               0               0
          16.38               0               0
           16.4               0               0
          16.42               0               0
          16.44               0               0
          16.46               0               0
          16.48               0               0
           16.5               0               0
          16.52               0               0
          16.54               0               0
          16.56               0               0
          16.58               0               0
           16.6               0               0
          16.62               0               0
          16.64               0               0
          16.66               0               0
          16.68               0               0
           16.7               0               0
          16.72               0               0
          16.74               0               0
          16.76               0               0
          16.78               0               0
           16.8               0               0
          16.82               0               0
          16.84               0               0
          16.86               0               0
          16.88               0               0
           16.9               0               0
          16.92               0               0
          16.94               0               0
          16.96               0               0
          16.98               0               0
             17               0               0
          17.02               0               0
          17.04               0               0
          17.06               0               0
          17.08               0               0
           17.1               0               0
          17.12               0               0
          17.14               0               0
          17.16               0               0
          17.18               0               0
           17.2               0               0
          17.22               0               0
          17.24               0               0
          17.26               0               0
          17.28               0               0
           17.3               0               0
          17.32               0               0
          17.34               0               0
          17.36               0               0
          17.38               0               0
           17.4               0               0
          17.42               0               0
          17.44               0               0
          17.46               0               0
          17.48               0               0
           17.5               0               0
          17.52               0               0
          17.54               0               0
          17.56               0               0
          17.58               0               0
           17.6               0               0
          17.62               0               0
          17.64               0               0
          17.66               0               0
          17.68               0               0
           17.7               0               0
          17.72               0               0
          17.74               0               0
          17.76               0               0
          17.78               0               0
           17.8               0               0
          17.82               0               0
          17.84               0               0
          17.86               0               0
          17.88               0               0
           17.9               0               0
          17.92               0               0
          17.94               0               0
          17.96               0               0
          17.98               0               0
             18               0               0
          18.02               0               0
          18.04               0               0
          18.06               0               0
          18.08               0               0
           18.1               0               0
          18.12               0               0
          18.14               0               0
          18.16               0               0
          18.18               0               0
           18.2               0               0
          18.22               0               0
          18.24               0               0
          18.26               0               0
          18.28               0               0
           18.3               0               0
          18.32               0               0
          18.34               0               0
          18.36               0               0
          18.38               0               0
           18.4               0               0
          18.42               0               0
          18.44               0               0
          18.46               0               0
          18.48               0               0
           18.5               0               0
          18.52               0               0
          18.54               0               0
          18.56               0               0
          18.58               0               0
           18.6               0               0
          18.62               0               0
          18.64               0               0
          18.66               0               0
          18.68               0               0
           18.7               0               0
          18.72               0               0
          18.74               0               0
          18.76               0               0
          18.78               0               0
           18.8               0               0
          18.82               0               0
          18.84               0               0
          18.86               0               0
          18.88               0               0
           18.9               0               0
          18.92               0               0
          18.94               0               0
          18.96               0               0
          18.98               0               0
             19               0               0
          19.02               0               0
          19.04               0               0
          19.06               0               0
          19.08               0               0
           19.1               0               0
          19.12               0               0
          19.14               0               0
          19.16               0               0
          19.18               0               0
           19.2               0               0
          19.22               0               0
          19.24               0               0
          19.26               0               0
          19.28               0               0
           19.3               0               0
          19.32               0               0
          19.34               0               0
          19.36               0               0
          19.38               0               0
           19.4               0               0
          19.42               0               0
          19.44               0               0
          19.46               0               0
          19.48               0               0
           19.5               0               0
          19.52               0               0
          19.54               0               0
          19.56               0               0
          19.58               0               0
           19.6               0               0
          19.62               0               0
          19.64               0               0
          19.66               0               0
          19.68               0               0
           19.7               0               0
          19.72               0               0
          19.74               0               0
          19.76               0               0
          19.78               0               0
           19.8               0               0
          19.82               0               0
          19.84               0               0
          19.86               0               0
          19.88               0               0
           19.9               0               0
          19.92               0               0
          19.94               0               0
          19.96               0               0
          19.98               0               0
             20               0               0
          20.02               0               0

