NSpec_Sample  1000  20
              0     0.000116547     1.11549e-07
           0.02     5.97488e-08     2.51577e-09
           0.04     1.36971e-07     3.81552e-09
           0.06     1.71752e-07     4.27632e-09
           0.08     2.03581e-07     4.65377e-09
            0.1     2.31823e-07     4.96833e-09
           0.12     2.69221e-07     5.36156e-09
           0.14     2.97223e-07     5.63317e-09
           0.16     3.16484e-07     5.81867e-09
           0.18     3.44793e-07     6.06866e-09
            0.2     3.59395e-07     6.20319e-09
           0.22     3.78335e-07     6.36847e-09
           0.24     4.15456e-07     6.67174e-09
           0.26     4.15886e-07     6.67959e-09
           0.28      4.5178e-07     6.96457e-09
            0.3      4.6263e-07     7.04788e-09
           0.32     4.66587e-07      7.0746e-09
           0.34      4.9538e-07     7.29266e-09
           0.36     4.95275e-07     7.29669e-09
           0.38      5.1792e-07     7.46245e-09
            0.4     5.28484e-07     7.53466e-09
           0.42     5.33006e-07     7.57228e-09
           0.44     5.55676e-07     7.73098e-09
           0.46     5.43907e-07     7.65104e-09
           0.48     5.35878e-07     7.59392e-09
            0.5      5.5499e-07     7.72379e-09
           0.52      5.6635e-07      7.8044e-09
           0.54     5.51848e-07     7.70167e-09
           0.56     5.45312e-07     7.64977e-09
           0.58     5.71755e-07     7.83837e-09
            0.6     5.84418e-07      7.9225e-09
           0.62     5.76177e-07     7.86854e-09
           0.64     5.88319e-07     7.94837e-09
           0.66     5.98284e-07     8.01852e-09
           0.68     6.00113e-07     8.03655e-09
            0.7     6.16496e-07     8.14218e-09
           0.72     5.92414e-07     7.97994e-09
           0.74     6.08696e-07     8.09296e-09
           0.76     6.08588e-07     8.09579e-09
           0.78     6.30926e-07     8.24292e-09
            0.8     6.17899e-07     8.15138e-09
           0.82     6.03823e-07     8.06295e-09
           0.84     6.10191e-07     8.10272e-09
           0.86     6.34762e-07     8.27027e-09
           0.88     6.35318e-07     8.27341e-09
            0.9     6.39239e-07     8.29086e-09
           0.92     6.43021e-07     8.31899e-09
           0.94     6.39974e-07      8.3031e-09
           0.96     6.36163e-07     8.27793e-09
           0.98     6.57706e-07     8.41653e-09
              1     6.47163e-07     8.35288e-09
           1.02     6.40582e-07     8.30732e-09
           1.04     6.29044e-07     8.23194e-09
           1.06     6.44983e-07     8.33851e-09
           1.08      6.6838e-07      8.4852e-09
            1.1     6.42857e-07     8.32086e-09
           1.12     6.41993e-07     8.31449e-09
           1.14      6.2789e-07     8.22672e-09
           1.16     6.68895e-07     8.49102e-09
           1.18     6.47955e-07     8.35533e-09
            1.2     6.28392e-07     8.22945e-09
           1.22     6.49583e-07     8.36717e-09
           1.24     6.55354e-07     8.40546e-09
           1.26     6.42882e-07     8.32362e-09
           1.28      6.4165e-07     8.31675e-09
            1.3     6.47764e-07      8.3548e-09
           1.32     6.63021e-07     8.45661e-09
           1.34     6.63542e-07     8.46108e-09
           1.36     6.44058e-07     8.33452e-09
           1.38     6.48151e-07     8.36012e-09
            1.4     6.53396e-07     8.39375e-09
           1.42     6.65487e-07     8.46985e-09
           1.44     6.54138e-07     8.39694e-09
           1.46     6.57624e-07     8.42232e-09
           1.48     6.60888e-07     8.43655e-09
            1.5     6.45001e-07     8.34085e-09
           1.52     6.52161e-07     8.38588e-09
           1.54     6.24981e-07      8.2082e-09
           1.56     6.36793e-07     8.28655e-09
           1.58     6.35153e-07     8.27563e-09
            1.6     6.43073e-07     8.32678e-09
           1.62     6.37476e-07     8.29114e-09
           1.64     6.29912e-07     8.24362e-09
           1.66      6.2196e-07      8.1901e-09
           1.68     6.02498e-07     8.06115e-09
            1.7     6.08481e-07     8.09801e-09
           1.72     6.16735e-07     8.15099e-09
           1.74     6.10626e-07     8.11561e-09
           1.76     6.01543e-07     8.05251e-09
           1.78     5.99342e-07     8.03675e-09
            1.8     5.94693e-07     8.00821e-09
           1.82     5.91554e-07     7.98832e-09
           1.84     5.74861e-07     7.87624e-09
           1.86      5.8499e-07     7.94374e-09
           1.88     5.75749e-07     7.88107e-09
            1.9     5.82188e-07     7.92326e-09
           1.92     5.61616e-07      7.7761e-09
           1.94     5.87254e-07     7.95474e-09
           1.96     5.75044e-07     7.87062e-09
           1.98      5.6681e-07     7.81571e-09
              2     5.59219e-07     7.76414e-09
           2.02     5.62136e-07     7.78385e-09
           2.04     5.51588e-07     7.70802e-09
           2.06     5.55929e-07      7.7364e-09
           2.08     5.50199e-07     7.69698e-09
            2.1     5.47816e-07     7.67927e-09
           2.12     5.41761e-07     7.63195e-09
           2.14     5.36559e-07     7.60308e-09
           2.16      5.4346e-07     7.64742e-09
           2.18     5.33113e-07     7.57337e-09
            2.2     5.26089e-07     7.52674e-09
           2.22     5.35717e-07     7.59326e-09
           2.24     5.36131e-07     7.59756e-09
           2.26      5.2905e-07     7.54125e-09
           2.28     5.28631e-07      7.5421e-09
            2.3     5.17409e-07     7.45905e-09
           2.32     5.21868e-07     7.48769e-09
           2.34     5.11471e-07     7.41649e-09
           2.36     5.20021e-07     7.47936e-09
           2.38     5.12015e-07     7.41961e-09
            2.4     5.20328e-07     7.48291e-09
           2.42     5.08897e-07     7.39697e-09
           2.44     4.99153e-07     7.32138e-09
           2.46     5.12054e-07     7.41633e-09
           2.48     4.98546e-07     7.31782e-09
            2.5     4.91965e-07      7.2714e-09
           2.52     4.82147e-07     7.19651e-09
           2.54      4.8939e-07     7.24997e-09
           2.56      4.8567e-07      7.2226e-09
           2.58     4.98516e-07     7.31245e-09
            2.6     4.77098e-07     7.15454e-09
           2.62     4.85885e-07     7.21851e-09
           2.64     4.64677e-07     7.06069e-09
           2.66      4.8426e-07      7.2094e-09
           2.68     4.73258e-07      7.1281e-09
            2.7     4.62348e-07     7.04002e-09
           2.72     4.77587e-07     7.15543e-09
           2.74     4.82918e-07      7.1949e-09
           2.76     4.69504e-07     7.09004e-09
           2.78     4.57534e-07     7.00004e-09
            2.8     4.63441e-07     7.04519e-09
           2.82     4.60234e-07     7.01673e-09
           2.84      4.6196e-07     7.02993e-09
           2.86     4.49166e-07     6.93295e-09
           2.88      4.4729e-07     6.91641e-09
            2.9     4.50283e-07     6.93946e-09
           2.92      4.3917e-07     6.85315e-09
           2.94     4.46988e-07     6.91243e-09
           2.96     4.39369e-07     6.85205e-09
           2.98     4.29237e-07     6.77359e-09
              3     4.28314e-07     6.76654e-09
           3.02     4.27834e-07     6.75806e-09
           3.04     4.30878e-07     6.78592e-09
           3.06     4.14814e-07      6.6518e-09
           3.08      4.1598e-07     6.66697e-09
            3.1     4.17417e-07     6.67208e-09
           3.12     4.19193e-07     6.68508e-09
           3.14     4.24927e-07     6.72714e-09
           3.16      4.0299e-07     6.55006e-09
           3.18     4.20702e-07     6.69627e-09
            3.2     4.10891e-07     6.61503e-09
           3.22     4.02286e-07     6.54556e-09
           3.24     3.99839e-07     6.52471e-09
           3.26     4.12832e-07     6.62749e-09
           3.28     4.15744e-07     6.65101e-09
            3.3      4.0763e-07     6.58212e-09
           3.32     3.79679e-07     6.35223e-09
           3.34     3.91194e-07     6.44912e-09
           3.36     3.75444e-07     6.31488e-09
           3.38     3.85637e-07     6.39925e-09
            3.4     3.91024e-07     6.44087e-09
           3.42     3.74526e-07     6.30563e-09
           3.44     3.82361e-07     6.37027e-09
           3.46     3.78965e-07     6.33657e-09
           3.48     3.73655e-07     6.29367e-09
            3.5     3.77417e-07     6.32572e-09
           3.52     3.74675e-07     6.29916e-09
           3.54     3.66589e-07     6.23128e-09
           3.56     3.62894e-07     6.19544e-09
           3.58     3.49935e-07     6.08228e-09
            3.6     3.54363e-07     6.12237e-09
           3.62     3.58246e-07     6.15463e-09
           3.64     3.48811e-07     6.07462e-09
           3.66     3.47793e-07     6.06229e-09
           3.68     3.30164e-07     5.90013e-09
            3.7     3.40139e-07      5.9929e-09
           3.72     3.36572e-07     5.96251e-09
           3.74     3.29651e-07     5.89943e-09
           3.76     3.20937e-07     5.82133e-09
           3.78      3.2252e-07     5.83177e-09
            3.8     3.17587e-07     5.78521e-09
           3.82     3.25877e-07     5.86098e-09
           3.84      3.0913e-07     5.70842e-09
           3.86     3.18248e-07     5.79247e-09
           3.88     3.08498e-07     5.69764e-09
            3.9     3.01092e-07     5.63133e-09
           3.92     2.99348e-07     5.61438e-09
           3.94     3.03406e-07     5.64992e-09
           3.96     2.89907e-07     5.52136e-09
           3.98     2.91446e-07     5.53664e-09
              4     2.86635e-07     5.48903e-09
           4.02     2.88389e-07     5.50445e-09
           4.04     2.85966e-07     5.48112e-09
           4.06     2.78557e-07     5.41018e-09
           4.08     2.83034e-07     5.44997e-09
            4.1     2.85001e-07     5.46757e-09
           4.12     2.70075e-07     5.32313e-09
           4.14     2.69446e-07     5.31585e-09
           4.16     2.79951e-07     5.41987e-09
           4.18     2.84275e-07     5.45979e-09
            4.2     2.69577e-07     5.31535e-09
           4.22     2.63655e-07     5.25401e-09
           4.24     2.47755e-07     5.09319e-09
           4.26     2.57344e-07     5.18935e-09
           4.28     2.55342e-07     5.16684e-09
            4.3     2.51326e-07     5.12556e-09
           4.32     2.50885e-07     5.12081e-09
           4.34     2.43252e-07     5.04107e-09
           4.36     2.37669e-07     4.98346e-09
           4.38     2.40778e-07     5.01572e-09
            4.4     2.33115e-07     4.93257e-09
           4.42     2.32688e-07     4.93025e-09
           4.44     2.32588e-07      4.9247e-09
           4.46     2.32812e-07     4.92728e-09
           4.48     2.26646e-07     4.86358e-09
            4.5      2.1745e-07     4.76258e-09
           4.52     2.21668e-07     4.80562e-09
           4.54     2.17229e-07     4.75886e-09
           4.56     2.12484e-07     4.70595e-09
           4.58     2.15739e-07     4.74214e-09
            4.6     2.18886e-07     4.77448e-09
           4.62      2.0774e-07     4.65012e-09
           4.64     1.99487e-07     4.55879e-09
           4.66     2.04442e-07     4.61341e-09
           4.68     2.02442e-07     4.58694e-09
            4.7     1.93466e-07     4.48481e-09
           4.72     1.90757e-07     4.45318e-09
           4.74     1.96399e-07      4.5177e-09
           4.76     1.95171e-07     4.50378e-09
           4.78     1.87879e-07     4.41736e-09
            4.8     1.87978e-07     4.41722e-09
           4.82     1.74706e-07      4.2598e-09
           4.84     1.72886e-07     4.23815e-09
           4.86      1.7516e-07     4.26326e-09
           4.88     1.67511e-07     4.16946e-09
            4.9     1.61733e-07     4.09728e-09
           4.92     1.58831e-07     4.05773e-09
           4.94     1.62516e-07     4.10393e-09
           4.96     1.62582e-07      4.1056e-09
           4.98      1.6189e-07     4.09596e-09
              5     1.49793e-07     3.94021e-09
           5.02     1.50515e-07     3.94835e-09
           5.04     1.48057e-07     3.91485e-09
           5.06     1.36049e-07     3.75407e-09
           5.08      1.4003e-07     3.80927e-09
            5.1     1.36924e-07      3.7654e-09
           5.12     1.43719e-07     3.85719e-09
           5.14     1.29089e-07     3.65352e-09
           5.16     1.32313e-07     3.69913e-09
           5.18     1.27905e-07     3.63603e-09
            5.2     1.27705e-07     3.63482e-09
           5.22     1.20199e-07     3.52544e-09
           5.24     1.22174e-07     3.55288e-09
           5.26     1.18715e-07     3.50147e-09
           5.28      1.1743e-07      3.4833e-09
            5.3     1.11202e-07     3.38762e-09
           5.32     1.16234e-07     3.46313e-09
           5.34     1.15223e-07     3.44828e-09
           5.36     1.03953e-07     3.27332e-09
           5.38     1.17812e-07     3.48699e-09
            5.4     1.05649e-07     3.30216e-09
           5.42      9.8926e-08     3.19342e-09
           5.44     9.90262e-08     3.19505e-09
           5.46     1.00215e-07     3.21171e-09
           5.48     9.39778e-08     3.11083e-09
            5.5     9.65099e-08     3.15345e-09
           5.52     8.56554e-08     2.97011e-09
           5.54     9.00439e-08     3.04459e-09
           5.56     8.27156e-08     2.91766e-09
           5.58     8.37566e-08     2.93439e-09
            5.6     8.26621e-08     2.91762e-09
           5.62     7.42572e-08      2.7621e-09
           5.64     7.89255e-08     2.84663e-09
           5.66     7.68203e-08     2.80932e-09
           5.68     7.62592e-08     2.80002e-09
            5.7     6.93688e-08     2.66845e-09
           5.72      7.7296e-08     2.81915e-09
           5.74     6.96104e-08      2.6738e-09
           5.76     6.81521e-08     2.64524e-09
           5.78     7.10957e-08     2.70306e-09
            5.8     6.30845e-08     2.54419e-09
           5.82     6.71325e-08     2.62548e-09
           5.84     6.30111e-08     2.54328e-09
           5.86     5.67784e-08      2.4148e-09
           5.88     5.50804e-08     2.37723e-09
            5.9     5.89958e-08     2.46063e-09
           5.92      5.2667e-08     2.32335e-09
           5.94     5.80159e-08     2.43889e-09
           5.96     5.25548e-08     2.32293e-09
           5.98     5.63758e-08     2.40418e-09
              6     5.29977e-08     2.32886e-09
           6.02     4.85486e-08     2.23018e-09
           6.04     4.98569e-08     2.25951e-09
           6.06     4.92097e-08     2.24405e-09
           6.08     4.26662e-08     2.08963e-09
            6.1     4.61034e-08     2.17118e-09
           6.12     4.54141e-08      2.1555e-09
           6.14     4.06075e-08     2.03827e-09
           6.16     4.09736e-08     2.04636e-09
           6.18     3.98441e-08     2.01779e-09
            6.2     4.05653e-08     2.03615e-09
           6.22     3.64058e-08      1.9297e-09
           6.24     3.89181e-08     1.99404e-09
           6.26     3.59383e-08      1.9157e-09
           6.28     3.78722e-08     1.96644e-09
            6.3     3.60751e-08     1.91753e-09
           6.32     3.39958e-08     1.86314e-09
           6.34     3.03896e-08     1.76059e-09
           6.36      3.2505e-08     1.82011e-09
           6.38     3.26132e-08     1.82329e-09
            6.4     2.79851e-08      1.6877e-09
           6.42     2.96303e-08     1.73711e-09
           6.44     2.82598e-08     1.69503e-09
           6.46     2.36712e-08     1.55085e-09
           6.48     2.55642e-08     1.61374e-09
            6.5     2.13542e-08     1.47368e-09
           6.52     2.56262e-08      1.6144e-09
           6.54     2.27425e-08     1.51964e-09
           6.56      2.3252e-08     1.53661e-09
           6.58      2.3669e-08     1.55069e-09
            6.6     1.90919e-08      1.3925e-09
           6.62     1.94712e-08     1.40528e-09
           6.64     1.60359e-08     1.27581e-09
           6.66     1.65483e-08     1.29623e-09
           6.68     1.62132e-08     1.28182e-09
            6.7     1.82546e-08     1.36069e-09
           6.72     1.44826e-08     1.21115e-09
           6.74     1.29691e-08     1.14637e-09
           6.76     1.47994e-08     1.22486e-09
           6.78     1.42807e-08      1.2027e-09
            6.8     1.51967e-08     1.24086e-09
           6.82     1.30712e-08     1.15089e-09
           6.84     1.20612e-08     1.10569e-09
           6.86     1.29724e-08     1.14665e-09
           6.88     9.42487e-09     9.77343e-10
            6.9     1.16615e-08     1.08747e-09
           6.92     9.82972e-09     9.98089e-10
           6.94     1.16472e-08     1.08614e-09
           6.96     1.12414e-08     1.06702e-09
           6.98     7.99749e-09     8.99808e-10
              7      9.6131e-09     9.86305e-10
           7.02     9.20801e-09     9.65282e-10
           7.04     7.47927e-09     8.69463e-10
           7.06     7.67845e-09     8.80792e-10
           7.08      7.3847e-09     8.64329e-10
            7.1     6.87177e-09     8.33342e-10
           7.12     6.37011e-09     8.02574e-10
           7.14     6.36254e-09      8.0162e-10
           7.16     7.37171e-09     8.62806e-10
           7.18     6.96665e-09     8.38701e-10
            7.2     4.74025e-09     6.91446e-10
           7.22     5.54859e-09     7.48181e-10
           7.24     6.24568e-09     7.93212e-10
           7.26     3.52271e-09     5.95451e-10
           7.28     4.23138e-09     6.52924e-10
            7.3     4.03162e-09     6.37462e-10
           7.32     2.92101e-09     5.42422e-10
           7.34     2.41383e-09     4.92724e-10
           7.36     3.31959e-09     5.77869e-10
           7.38     2.71402e-09     5.22316e-10
            7.4     1.80877e-09     4.26334e-10
           7.42     1.80854e-09     4.26277e-10
           7.44     1.90975e-09     4.38128e-10
           7.46      1.5071e-09     3.89132e-10
           7.48     1.20415e-09     3.47611e-10
            7.5     7.02091e-10     2.65366e-10
           7.52     8.03509e-10     2.84085e-10
           7.54     5.01689e-10     2.24362e-10
           7.56     6.01295e-10     2.45478e-10
           7.58     7.01733e-10      2.6523e-10
            7.6     1.00484e-10     1.00484e-10
           7.62     3.00408e-10     1.73441e-10
           7.64     3.00518e-10     1.73504e-10
           7.66               0               0
           7.68     1.00004e-10     1.00004e-10
            7.7               0               0
           7.72               0               0
           7.74               0               0
           7.76               0               0
           7.78               0               0
            7.8               0               0
           7.82               0               0
           7.84               0               0
           7.86               0               0
           7.88               0               0
            7.9               0               0
           7.92               0               0
           7.94               0               0
           7.96               0               0
           7.98               0               0
              8               0               0
           8.02               0               0
           8.04               0               0
           8.06               0               0
           8.08               0               0
            8.1               0               0
           8.12               0               0
           8.14               0               0
           8.16               0               0
           8.18               0               0
            8.2               0               0
           8.22               0               0
           8.24               0               0
           8.26               0               0
           8.28               0               0
            8.3               0               0
           8.32               0               0
           8.34               0               0
           8.36               0               0
           8.38               0               0
            8.4               0               0
           8.42               0               0
           8.44               0               0
           8.46               0               0
           8.48               0               0
            8.5               0               0
           8.52               0               0
           8.54               0               0
           8.56               0               0
           8.58               0               0
            8.6               0               0
           8.62               0               0
           8.64               0               0
           8.66               0               0
           8.68               0               0
            8.7               0               0
           8.72               0               0
           8.74               0               0
           8.76               0               0
           8.78               0               0
            8.8               0               0
           8.82               0               0
           8.84               0               0
           8.86               0               0
           8.88               0               0
            8.9               0               0
           8.92               0               0
           8.94               0               0
           8.96               0               0
           8.98               0               0
              9               0               0
           9.02               0               0
           9.04               0               0
           9.06               0               0
           9.08               0               0
            9.1               0               0
           9.12               0               0
           9.14               0               0
           9.16               0               0
           9.18               0               0
            9.2               0               0
           9.22               0               0
           9.24               0               0
           9.26               0               0
           9.28               0               0
            9.3               0               0
           9.32               0               0
           9.34               0               0
           9.36               0               0
           9.38               0               0
            9.4               0               0
           9.42               0               0
           9.44               0               0
           9.46               0               0
           9.48               0               0
            9.5               0               0
           9.52               0               0
           9.54               0               0
           9.56               0               0
           9.58               0               0
            9.6               0               0
           9.62               0               0
           9.64               0               0
           9.66               0               0
           9.68               0               0
            9.7               0               0
           9.72               0               0
           9.74               0               0
           9.76               0               0
           9.78               0               0
            9.8               0               0
           9.82               0               0
           9.84               0               0
           9.86               0               0
           9.88               0               0
            9.9               0               0
           9.92               0               0
           9.94               0               0
           9.96               0               0
           9.98               0               0
             10               0               0
          10.02               0               0
          10.04               0               0
          10.06               0               0
          10.08               0               0
           10.1               0               0
          10.12               0               0
          10.14               0               0
          10.16               0               0
          10.18               0               0
           10.2               0               0
          10.22               0               0
          10.24               0               0
          10.26               0               0
          10.28               0               0
           10.3               0               0
          10.32               0               0
          10.34               0               0
          10.36               0               0
          10.38               0               0
           10.4               0               0
          10.42               0               0
          10.44               0               0
          10.46               0               0
          10.48               0               0
           10.5               0               0
          10.52               0               0
          10.54               0               0
          10.56               0               0
          10.58               0               0
           10.6               0               0
          10.62               0               0
          10.64               0               0
          10.66               0               0
          10.68               0               0
           10.7               0               0
          10.72               0               0
          10.74               0               0
          10.76               0               0
          10.78               0               0
           10.8               0               0
          10.82               0               0
          10.84               0               0
          10.86               0               0
          10.88               0               0
           10.9               0               0
          10.92               0               0
          10.94               0               0
          10.96               0               0
          10.98               0               0
             11               0               0
          11.02               0               0
          11.04               0               0
          11.06               0               0
          11.08               0               0
           11.1               0               0
          11.12               0               0
          11.14               0               0
          11.16               0               0
          11.18               0               0
           11.2               0               0
          11.22               0               0
          11.24               0               0
          11.26               0               0
          11.28               0               0
           11.3               0               0
          11.32               0               0
          11.34               0               0
          11.36               0               0
          11.38               0               0
           11.4               0               0
          11.42               0               0
          11.44               0               0
          11.46               0               0
          11.48               0               0
           11.5               0               0
          11.52               0               0
          11.54               0               0
          11.56               0               0
          11.58               0               0
           11.6               0               0
          11.62               0               0
          11.64               0               0
          11.66               0               0
          11.68               0               0
           11.7               0               0
          11.72               0               0
          11.74               0               0
          11.76               0               0
          11.78               0               0
           11.8               0               0
          11.82               0               0
          11.84               0               0
          11.86               0               0
          11.88               0               0
           11.9               0               0
          11.92               0               0
          11.94               0               0
          11.96               0               0
          11.98               0               0
             12               0               0
          12.02               0               0
          12.04               0               0
          12.06               0               0
          12.08               0               0
           12.1               0               0
          12.12               0               0
          12.14               0               0
          12.16               0               0
          12.18               0               0
           12.2               0               0
          12.22               0               0
          12.24               0               0
          12.26               0               0
          12.28               0               0
           12.3               0               0
          12.32               0               0
          12.34               0               0
          12.36               0               0
          12.38               0               0
           12.4               0               0
          12.42               0               0
          12.44               0               0
          12.46               0               0
          12.48               0               0
           12.5               0               0
          12.52               0               0
          12.54               0               0
          12.56               0               0
          12.58               0               0
           12.6               0               0
          12.62               0               0
          12.64               0               0
          12.66               0               0
          12.68               0               0
           12.7               0               0
          12.72               0               0
          12.74               0               0
          12.76               0               0
          12.78               0               0
           12.8               0               0
          12.82               0               0
          12.84               0               0
          12.86               0               0
          12.88               0               0
           12.9               0               0
          12.92               0               0
          12.94               0               0
          12.96               0               0
          12.98               0               0
             13               0               0
          13.02               0               0
          13.04               0               0
          13.06               0               0
          13.08               0               0
           13.1               0               0
          13.12               0               0
          13.14               0               0
          13.16               0               0
          13.18               0               0
           13.2               0               0
          13.22               0               0
          13.24               0               0
          13.26               0               0
          13.28               0               0
           13.3               0               0
          13.32               0               0
          13.34               0               0
          13.36               0               0
          13.38               0               0
           13.4               0               0
          13.42               0               0
          13.44               0               0
          13.46               0               0
          13.48               0               0
           13.5               0               0
          13.52               0               0
          13.54               0               0
          13.56               0               0
          13.58               0               0
           13.6               0               0
          13.62               0               0
          13.64               0               0
          13.66               0               0
          13.68               0               0
           13.7               0               0
          13.72               0               0
          13.74               0               0
          13.76               0               0
          13.78               0               0
           13.8               0               0
          13.82               0               0
          13.84               0               0
          13.86               0               0
          13.88               0               0
           13.9               0               0
          13.92               0               0
          13.94               0               0
          13.96               0               0
          13.98               0               0
             14               0               0
          14.02               0               0
          14.04               0               0
          14.06               0               0
          14.08               0               0
           14.1               0               0
          14.12               0               0
          14.14               0               0
          14.16               0               0
          14.18               0               0
           14.2               0               0
          14.22               0               0
          14.24               0               0
          14.26               0               0
          14.28               0               0
           14.3               0               0
          14.32               0               0
          14.34               0               0
          14.36               0               0
          14.38               0               0
           14.4               0               0
          14.42               0               0
          14.44               0               0
          14.46               0               0
          14.48               0               0
           14.5               0               0
          14.52               0               0
          14.54               0               0
          14.56               0               0
          14.58               0               0
           14.6               0               0
          14.62               0               0
          14.64               0               0
          14.66               0               0
          14.68               0               0
           14.7               0               0
          14.72               0               0
          14.74               0               0
          14.76               0               0
          14.78               0               0
           14.8               0               0
          14.82               0               0
          14.84               0               0
          14.86               0               0
          14.88               0               0
           14.9               0               0
          14.92               0               0
          14.94               0               0
          14.96               0               0
          14.98               0               0
             15               0               0
          15.02               0               0
          15.04               0               0
          15.06               0               0
          15.08               0               0
           15.1               0               0
          15.12               0               0
          15.14               0               0
          15.16               0               0
          15.18               0               0
           15.2               0               0
          15.22               0               0
          15.24               0               0
          15.26               0               0
          15.28               0               0
           15.3               0               0
          15.32               0               0
          15.34               0               0
          15.36               0               0
          15.38               0               0
           15.4               0               0
          15.42               0               0
          15.44               0               0
          15.46               0               0
          15.48               0               0
           15.5               0               0
          15.52               0               0
          15.54               0               0
          15.56               0               0
          15.58               0               0
           15.6               0               0
          15.62               0               0
          15.64               0               0
          15.66               0               0
          15.68               0               0
           15.7               0               0
          15.72               0               0
          15.74               0               0
          15.76               0               0
          15.78               0               0
           15.8               0               0
          15.82               0               0
          15.84               0               0
          15.86               0               0
          15.88               0               0
           15.9               0               0
          15.92               0               0
          15.94               0               0
          15.96               0               0
          15.98               0               0
             16               0               0
          16.02               0               0
          16.04               0               0
          16.06               0               0
          16.08               0               0
           16.1               0               0
          16.12               0               0
          16.14               0               0
          16.16               0               0
          16.18               0               0
           16.2               0               0
          16.22               0               0
          16.24               0               0
          16.26               0               0
          16.28               0               0
           16.3               0               0
          16.32               0               0
          16.34               0               0
          16.36               0               0
          16.38               0               0
           16.4               0               0
          16.42               0               0
          16.44               0               0
          16.46               0               0
          16.48               0               0
           16.5               0               0
          16.52               0               0
          16.54               0               0
          16.56               0               0
          16.58               0               0
           16.6               0               0
          16.62               0               0
          16.64               0               0
          16.66               0               0
          16.68               0               0
           16.7               0               0
          16.72               0               0
          16.74               0               0
          16.76               0               0
          16.78               0               0
           16.8               0               0
          16.82               0               0
          16.84               0               0
          16.86               0               0
          16.88               0               0
           16.9               0               0
          16.92               0               0
          16.94               0               0
          16.96               0               0
          16.98               0               0
             17               0               0
          17.02               0               0
          17.04               0               0
          17.06               0               0
          17.08               0               0
           17.1               0               0
          17.12               0               0
          17.14               0               0
          17.16               0               0
          17.18               0               0
           17.2               0               0
          17.22               0               0
          17.24               0               0
          17.26               0               0
          17.28               0               0
           17.3               0               0
          17.32               0               0
          17.34               0               0
          17.36               0               0
          17.38               0               0
           17.4               0               0
          17.42               0               0
          17.44               0               0
          17.46               0               0
          17.48               0               0
           17.5               0               0
          17.52               0               0
          17.54               0               0
          17.56               0               0
          17.58               0               0
           17.6               0               0
          17.62               0               0
          17.64               0               0
          17.66               0               0
          17.68               0               0
           17.7               0               0
          17.72               0               0
          17.74               0               0
          17.76               0               0
          17.78               0               0
           17.8               0               0
          17.82               0               0
          17.84               0               0
          17.86               0               0
          17.88               0               0
           17.9               0               0
          17.92               0               0
          17.94               0               0
          17.96               0               0
          17.98               0               0
             18               0               0
          18.02               0               0
          18.04               0               0
          18.06               0               0
          18.08               0               0
           18.1               0               0
          18.12               0               0
          18.14               0               0
          18.16               0               0
          18.18               0               0
           18.2               0               0
          18.22               0               0
          18.24               0               0
          18.26               0               0
          18.28               0               0
           18.3               0               0
          18.32               0               0
          18.34               0               0
          18.36               0               0
          18.38               0               0
           18.4               0               0
          18.42               0               0
          18.44               0               0
          18.46               0               0
          18.48               0               0
           18.5               0               0
          18.52               0               0
          18.54               0               0
          18.56               0               0
          18.58               0               0
           18.6               0               0
          18.62               0               0
          18.64               0               0
          18.66               0               0
          18.68               0               0
           18.7               0               0
          18.72               0               0
          18.74               0               0
          18.76               0               0
          18.78               0               0
           18.8               0               0
          18.82               0               0
          18.84               0               0
          18.86               0               0
          18.88               0               0
           18.9               0               0
          18.92               0               0
          18.94               0               0
          18.96               0               0
          18.98               0               0
             19               0               0
          19.02               0               0
          19.04               0               0
          19.06               0               0
          19.08               0               0
           19.1               0               0
          19.12               0               0
          19.14               0               0
          19.16               0               0
          19.18               0               0
           19.2               0               0
          19.22               0               0
          19.24               0               0
          19.26               0               0
          19.28               0               0
           19.3               0               0
          19.32               0               0
          19.34               0               0
          19.36               0               0
          19.38               0               0
           19.4               0               0
          19.42               0               0
          19.44               0               0
          19.46               0               0
          19.48               0               0
           19.5               0               0
          19.52               0               0
          19.54               0               0
          19.56               0               0
          19.58               0               0
           19.6               0               0
          19.62               0               0
          19.64               0               0
          19.66               0               0
          19.68               0               0
           19.7               0               0
          19.72               0               0
          19.74               0               0
          19.76               0               0
          19.78               0               0
           19.8               0               0
          19.82               0               0
          19.84               0               0
          19.86               0               0
          19.88               0               0
           19.9               0               0
          19.92               0               0
          19.94               0               0
          19.96               0               0
          19.98               0               0
             20               0               0
          20.02               0               0

AFlux_Sample  1000  20
              0               0               0
           0.02     3.95828e-07     1.09325e-10
           0.04     3.42188e-07     8.35952e-11
           0.06     3.09876e-07     7.13398e-11
           0.08     2.85326e-07     6.30083e-11
            0.1     2.65459e-07     5.65928e-11
           0.12      2.4888e-07     5.13109e-11
           0.14      2.3487e-07     4.67913e-11
           0.16     2.22892e-07     4.28192e-11
           0.18      2.1266e-07     3.92868e-11
            0.2     2.03936e-07     3.61368e-11
           0.22     1.96496e-07     3.33096e-11
           0.24     1.90164e-07     3.07754e-11
           0.26     1.84813e-07     2.85215e-11
           0.28     1.80325e-07     2.65346e-11
            0.3     1.76578e-07     2.47966e-11
           0.32     1.73473e-07     2.32935e-11
           0.34      1.7092e-07     2.20112e-11
           0.36     1.68838e-07     2.09336e-11
           0.38     1.67153e-07     2.00386e-11
            0.4     1.65804e-07     1.93097e-11
           0.42     1.64735e-07     1.87244e-11
           0.44     1.63893e-07     1.82605e-11
           0.46     1.63239e-07     1.78991e-11
           0.48     1.62731e-07     1.76191e-11
            0.5     1.62344e-07     1.74078e-11
           0.52     1.62055e-07     1.72503e-11
           0.54     1.61839e-07     1.71339e-11
           0.56     1.61681e-07     1.70495e-11
           0.58     1.61564e-07     1.69882e-11
            0.6      1.6148e-07     1.69441e-11
           0.62      1.6142e-07     1.69128e-11
           0.64     1.61378e-07     1.68915e-11
           0.66     1.61349e-07     1.68771e-11
           0.68      1.6133e-07     1.68673e-11
            0.7     1.61317e-07     1.68607e-11
           0.72     1.61309e-07     1.68566e-11
           0.74     1.61304e-07     1.68539e-11
           0.76     1.61301e-07     1.68522e-11
           0.78     1.61299e-07     1.68512e-11
            0.8     1.61298e-07     1.68506e-11
           0.82     1.61298e-07     1.68503e-11
           0.84     1.61298e-07     1.68501e-11
           0.86     1.61298e-07       1.685e-11
           0.88     1.61298e-07     1.68499e-11
            0.9     1.61298e-07     1.68498e-11
           0.92     1.61299e-07     1.68497e-11
           0.94     1.61299e-07     1.68496e-11
           0.96     1.61299e-07     1.68494e-11
           0.98       1.613e-07     1.68493e-11
              1       1.613e-07     1.68492e-11
           1.02       1.613e-07     1.68491e-11
           1.04       1.613e-07     1.68491e-11
           1.06       1.613e-07      1.6849e-11
           1.08     1.61301e-07     1.68489e-11
            1.1     1.61301e-07     1.68488e-11
           1.12     1.61301e-07     1.68487e-11
           1.14     1.61301e-07     1.68486e-11
           1.16     1.61301e-07     1.68484e-11
           1.18     1.61301e-07     1.68483e-11
            1.2     1.61302e-07     1.68482e-11
           1.22     1.61302e-07     1.68481e-11
           1.24     1.61302e-07      1.6848e-11
           1.26     1.61302e-07     1.68479e-11
           1.28     1.61302e-07     1.68478e-11
            1.3     1.61303e-07     1.68477e-11
           1.32     1.61303e-07     1.68476e-11
           1.34     1.61303e-07     1.68475e-11
           1.36     1.61303e-07     1.68474e-11
           1.38     1.61304e-07     1.68473e-11
            1.4     1.61304e-07     1.68472e-11
           1.42     1.61304e-07     1.68471e-11
           1.44     1.61304e-07      1.6847e-11
           1.46     1.61305e-07     1.68469e-11
           1.48     1.61305e-07     1.68469e-11
            1.5     1.61305e-07     1.68468e-11
           1.52     1.61305e-07     1.68467e-11
           1.54     1.61305e-07     1.68467e-11
           1.56     1.61305e-07     1.68466e-11
           1.58     1.61306e-07     1.68464e-11
            1.6     1.61306e-07     1.68463e-11
           1.62     1.61307e-07     1.68462e-11
           1.64     1.61307e-07      1.6846e-11
           1.66     1.61307e-07     1.68459e-11
           1.68     1.61308e-07     1.68458e-11
            1.7     1.61308e-07     1.68457e-11
           1.72     1.61308e-07     1.68456e-11
           1.74     1.61309e-07     1.68455e-11
           1.76     1.61309e-07     1.68454e-11
           1.78     1.61309e-07     1.68453e-11
            1.8      1.6131e-07     1.68452e-11
           1.82      1.6131e-07     1.68452e-11
           1.84      1.6131e-07     1.68451e-11
           1.86      1.6131e-07     1.68449e-11
           1.88     1.61311e-07     1.68448e-11
            1.9     1.61311e-07     1.68448e-11
           1.92     1.61311e-07     1.68447e-11
           1.94     1.61312e-07     1.68446e-11
           1.96     1.61312e-07     1.68445e-11
           1.98     1.61312e-07     1.68445e-11
              2     1.61313e-07     1.68444e-11
           2.02     1.61313e-07     1.68443e-11
           2.04     1.61313e-07     1.68441e-11
           2.06     1.61314e-07      1.6844e-11
           2.08     1.61314e-07     1.68439e-11
            2.1     1.61314e-07     1.68438e-11
           2.12     1.61315e-07     1.68437e-11
           2.14     1.61315e-07     1.68437e-11
           2.16     1.61316e-07     1.68435e-11
           2.18     1.61316e-07     1.68434e-11
            2.2     1.61316e-07     1.68434e-11
           2.22     1.61317e-07     1.68433e-11
           2.24     1.61317e-07     1.68432e-11
           2.26     1.61317e-07     1.68432e-11
           2.28     1.61318e-07     1.68431e-11
            2.3     1.61318e-07     1.68432e-11
           2.32     1.61319e-07     1.68432e-11
           2.34     1.61321e-07     1.68435e-11
           2.36     1.61323e-07     1.68439e-11
           2.38     1.61327e-07     1.68448e-11
            2.4     1.61334e-07     1.68464e-11
           2.42     1.61346e-07     1.68494e-11
           2.44     1.61365e-07     1.68543e-11
           2.46     1.61396e-07     1.68626e-11
           2.48     1.61446e-07     1.68762e-11
            2.5     1.61525e-07     1.68978e-11
           2.52     1.61647e-07     1.69312e-11
           2.54     1.61829e-07     1.69818e-11
           2.56     1.62097e-07     1.70559e-11
           2.58     1.62478e-07     1.71612e-11
            2.6     1.63008e-07     1.73067e-11
           2.62     1.63731e-07     1.75021e-11
           2.64     1.64691e-07     1.77565e-11
           2.66     1.65933e-07     1.80753e-11
           2.68     1.67504e-07     1.84623e-11
            2.7      1.6944e-07     1.89159e-11
           2.72     1.71753e-07     1.94241e-11
           2.74     1.74454e-07     1.99731e-11
           2.76     1.77543e-07     2.05471e-11
           2.78     1.80958e-07     2.11196e-11
            2.8     1.84646e-07     2.16676e-11
           2.82     1.88535e-07     2.21741e-11
           2.84     1.92511e-07     2.26204e-11
           2.86      1.9647e-07     2.29968e-11
           2.88     2.00307e-07     2.33002e-11
            2.9     2.03926e-07     2.35338e-11
           2.92     2.07248e-07     2.37047e-11
           2.94     2.10226e-07     2.38233e-11
           2.96     2.12813e-07     2.39011e-11
           2.98     2.14998e-07     2.39485e-11
              3     2.16796e-07     2.39752e-11
           3.02     2.18237e-07     2.39881e-11
           3.04     2.19362e-07     2.39925e-11
           3.06     2.20216e-07     2.39924e-11
           3.08     2.20848e-07     2.39888e-11
            3.1     2.21306e-07     2.39827e-11
           3.12     2.21634e-07     2.39748e-11
           3.14     2.21864e-07     2.39659e-11
           3.16     2.22025e-07     2.39563e-11
           3.18     2.22139e-07     2.39455e-11
            3.2     2.22221e-07     2.39342e-11
           3.22     2.22284e-07     2.39219e-11
           3.24     2.22336e-07     2.39092e-11
           3.26     2.22378e-07     2.38971e-11
           3.28     2.22417e-07     2.38843e-11
            3.3     2.22453e-07     2.38719e-11
           3.32     2.22488e-07      2.3859e-11
           3.34     2.22521e-07     2.38465e-11
           3.36     2.22555e-07     2.38341e-11
           3.38     2.22588e-07     2.38214e-11
            3.4     2.22621e-07      2.3809e-11
           3.42     2.22653e-07     2.37968e-11
           3.44     2.22685e-07     2.37845e-11
           3.46     2.22718e-07      2.3772e-11
           3.48      2.2275e-07       2.376e-11
            3.5     2.22782e-07     2.37479e-11
           3.52     2.22813e-07      2.3736e-11
           3.54     2.22845e-07     2.37239e-11
           3.56     2.22877e-07     2.37119e-11
           3.58     2.22909e-07     2.36996e-11
            3.6     2.22941e-07     2.36879e-11
           3.62     2.22973e-07     2.36757e-11
           3.64     2.23004e-07     2.36642e-11
           3.66     2.23036e-07     2.36523e-11
           3.68     2.23067e-07     2.36406e-11
            3.7     2.23099e-07     2.36286e-11
           3.72     2.23131e-07      2.3617e-11
           3.74     2.23161e-07     2.36055e-11
           3.76     2.23193e-07     2.35936e-11
           3.78     2.23224e-07     2.35823e-11
            3.8     2.23255e-07     2.35707e-11
           3.82     2.23285e-07     2.35594e-11
           3.84     2.23317e-07     2.35477e-11
           3.86     2.23348e-07     2.35363e-11
           3.88     2.23378e-07     2.35253e-11
            3.9     2.23408e-07     2.35143e-11
           3.92     2.23438e-07      2.3503e-11
           3.94     2.23469e-07     2.34918e-11
           3.96     2.23499e-07     2.34806e-11
           3.98     2.23529e-07     2.34701e-11
              4     2.23558e-07     2.34594e-11
           4.02     2.23586e-07     2.34491e-11
           4.04     2.23615e-07     2.34385e-11
           4.06     2.23643e-07     2.34285e-11
           4.08     2.23673e-07     2.34174e-11
            4.1     2.23702e-07      2.3407e-11
           4.12     2.23731e-07     2.33965e-11
           4.14     2.23759e-07     2.33862e-11
           4.16     2.23788e-07     2.33759e-11
           4.18     2.23816e-07     2.33655e-11
            4.2     2.23845e-07     2.33553e-11
           4.22     2.23873e-07      2.3345e-11
           4.24     2.23901e-07      2.3335e-11
           4.26     2.23928e-07     2.33252e-11
           4.28     2.23955e-07     2.33157e-11
            4.3     2.23981e-07     2.33063e-11
           4.32     2.24008e-07     2.32968e-11
           4.34     2.24034e-07     2.32875e-11
           4.36     2.24061e-07     2.32781e-11
           4.38     2.24086e-07     2.32689e-11
            4.4     2.24112e-07     2.32598e-11
           4.42     2.24137e-07     2.32508e-11
           4.44     2.24164e-07     2.32413e-11
           4.46      2.2419e-07     2.32322e-11
           4.48     2.24215e-07     2.32235e-11
            4.5      2.2424e-07     2.32147e-11
           4.52     2.24265e-07     2.32059e-11
           4.54     2.24289e-07     2.31974e-11
           4.56     2.24313e-07     2.31891e-11
           4.58     2.24337e-07     2.31807e-11
            4.6     2.24362e-07     2.31717e-11
           4.62     2.24386e-07     2.31634e-11
           4.64      2.2441e-07     2.31552e-11
           4.66     2.24433e-07     2.31473e-11
           4.68     2.24455e-07     2.31396e-11
            4.7     2.24479e-07     2.31312e-11
           4.72     2.24502e-07     2.31231e-11
           4.74     2.24525e-07     2.31152e-11
           4.76     2.24548e-07     2.31074e-11
           4.78     2.24569e-07     2.31003e-11
            4.8      2.2459e-07      2.3093e-11
           4.82     2.24612e-07     2.30857e-11
           4.84     2.24632e-07     2.30789e-11
           4.86     2.24652e-07      2.3072e-11
           4.88     2.24671e-07     2.30656e-11
            4.9     2.24691e-07     2.30591e-11
           4.92     2.24708e-07     2.30534e-11
           4.94     2.24724e-07      2.3048e-11
           4.96      2.2474e-07     2.30425e-11
           4.98     2.24756e-07     2.30372e-11
              5     2.24772e-07     2.30318e-11
           5.02     2.24787e-07     2.30271e-11
           5.04     2.24801e-07     2.30224e-11
           5.06     2.24815e-07      2.3018e-11
           5.08     2.24827e-07      2.3014e-11
            5.1     2.24839e-07     2.30101e-11
           5.12     2.24851e-07     2.30063e-11
           5.14     2.24862e-07     2.30025e-11
           5.16     2.24874e-07     2.29991e-11
           5.18     2.24887e-07     2.29962e-11
            5.2     2.24902e-07     2.29943e-11
           5.22     2.24925e-07     2.29937e-11
           5.24     2.24965e-07     2.29964e-11
           5.26     2.25041e-07     2.30052e-11
           5.28     2.25186e-07     2.30271e-11
            5.3     2.25453e-07     2.30728e-11
           5.32     2.25929e-07     2.31587e-11
           5.34     2.26729e-07     2.33074e-11
           5.36     2.27994e-07     2.35445e-11
           5.38     2.29897e-07     2.38957e-11
            5.4     2.32596e-07     2.43762e-11
           5.42      2.3619e-07     2.49797e-11
           5.44     2.40714e-07     2.56742e-11
           5.46     2.46069e-07     2.64031e-11
           5.48     2.52049e-07        2.71e-11
            5.5     2.58328e-07     2.77096e-11
           5.52     2.64548e-07     2.81931e-11
           5.54     2.70341e-07      2.8547e-11
           5.56     2.75431e-07      2.8783e-11
           5.58      2.7964e-07     2.89284e-11
            5.6     2.82922e-07     2.90122e-11
           5.62     2.85342e-07     2.90597e-11
           5.64      2.8702e-07     2.90838e-11
           5.66     2.88119e-07     2.90937e-11
           5.68     2.88809e-07     2.90942e-11
            5.7     2.89224e-07     2.90885e-11
           5.72     2.89469e-07     2.90778e-11
           5.74     2.89611e-07     2.90658e-11
           5.76     2.89702e-07     2.90502e-11
           5.78     2.89764e-07     2.90344e-11
            5.8     2.89814e-07     2.90176e-11
           5.82     2.89856e-07     2.90019e-11
           5.84     2.89894e-07     2.89859e-11
           5.86      2.8993e-07     2.89704e-11
           5.88     2.89966e-07     2.89551e-11
            5.9     2.90002e-07     2.89396e-11
           5.92     2.90037e-07     2.89244e-11
           5.94     2.90072e-07     2.89091e-11
           5.96     2.90109e-07     2.88933e-11
           5.98     2.90143e-07     2.88786e-11
              6     2.90177e-07     2.88641e-11
           6.02     2.90211e-07     2.88494e-11
           6.04     2.90244e-07     2.88356e-11
           6.06     2.90275e-07      2.8822e-11
           6.08     2.90307e-07     2.88083e-11
            6.1      2.9034e-07     2.87942e-11
           6.12     2.90372e-07     2.87804e-11
           6.14     2.90402e-07     2.87673e-11
           6.16     2.90434e-07      2.8754e-11
           6.18     2.90463e-07     2.87415e-11
            6.2     2.90493e-07     2.87288e-11
           6.22     2.90523e-07      2.8716e-11
           6.24     2.90553e-07     2.87032e-11
           6.26     2.90582e-07     2.86906e-11
           6.28     2.90612e-07     2.86777e-11
            6.3     2.90642e-07     2.86653e-11
           6.32      2.9067e-07     2.86533e-11
           6.34     2.90698e-07     2.86413e-11
           6.36     2.90725e-07     2.86301e-11
           6.38     2.90752e-07     2.86184e-11
            6.4     2.90778e-07     2.86077e-11
           6.42     2.90803e-07     2.85967e-11
           6.44     2.90829e-07     2.85861e-11
           6.46     2.90853e-07     2.85758e-11
           6.48     2.90877e-07     2.85657e-11
            6.5     2.90899e-07     2.85562e-11
           6.52     2.90923e-07     2.85461e-11
           6.54     2.90946e-07     2.85363e-11
           6.56     2.90969e-07     2.85263e-11
           6.58     2.90992e-07     2.85169e-11
            6.6     2.91013e-07     2.85078e-11
           6.62     2.91035e-07     2.84987e-11
           6.64     2.91056e-07     2.84897e-11
           6.66     2.91078e-07     2.84806e-11
           6.68     2.91099e-07     2.84717e-11
            6.7     2.91119e-07     2.84633e-11
           6.72      2.9114e-07     2.84546e-11
           6.74      2.9116e-07     2.84461e-11
           6.76      2.9118e-07     2.84377e-11
           6.78     2.91199e-07     2.84297e-11
            6.8     2.91219e-07     2.84217e-11
           6.82     2.91237e-07     2.84138e-11
           6.84     2.91255e-07     2.84066e-11
           6.86     2.91271e-07     2.83999e-11
           6.88     2.91288e-07      2.8393e-11
            6.9     2.91305e-07     2.83858e-11
           6.92     2.91322e-07     2.83787e-11
           6.94     2.91337e-07     2.83726e-11
           6.96     2.91352e-07     2.83666e-11
           6.98     2.91366e-07     2.83606e-11
              7     2.91379e-07      2.8355e-11
           7.02     2.91394e-07     2.83488e-11
           7.04     2.91408e-07     2.83431e-11
           7.06     2.91421e-07     2.83376e-11
           7.08     2.91435e-07     2.83322e-11
            7.1     2.91448e-07     2.83267e-11
           7.12     2.91461e-07     2.83213e-11
           7.14     2.91474e-07      2.8316e-11
           7.16     2.91487e-07     2.83105e-11
           7.18       2.915e-07     2.83053e-11
            7.2     2.91512e-07     2.83005e-11
           7.22     2.91524e-07     2.82957e-11
           7.24     2.91535e-07      2.8291e-11
           7.26     2.91546e-07     2.82866e-11
           7.28     2.91556e-07     2.82825e-11
            7.3     2.91566e-07     2.82786e-11
           7.32     2.91576e-07     2.82743e-11
           7.34     2.91585e-07     2.82707e-11
           7.36     2.91594e-07     2.82674e-11
           7.38     2.91602e-07     2.82639e-11
            7.4      2.9161e-07     2.82608e-11
           7.42     2.91618e-07     2.82577e-11
           7.44     2.91625e-07     2.82549e-11
           7.46     2.91632e-07     2.82523e-11
           7.48     2.91637e-07     2.82501e-11
            7.5     2.91642e-07     2.82481e-11
           7.52     2.91647e-07     2.82461e-11
           7.54     2.91652e-07     2.82441e-11
           7.56     2.91657e-07     2.82426e-11
           7.58     2.91661e-07     2.82408e-11
            7.6     2.91665e-07     2.82391e-11
           7.62      2.9167e-07     2.82374e-11
           7.64     2.91679e-07     2.82353e-11
           7.66     2.91704e-07     2.82318e-11
           7.68     2.91774e-07     2.82252e-11
            7.7     2.91971e-07     2.82128e-11
           7.72     2.92464e-07     2.81923e-11
           7.74     2.93552e-07     2.81636e-11
           7.76      2.9564e-07     2.81359e-11
           7.78     2.99145e-07     2.81106e-11
            7.8     3.04281e-07     2.80763e-11
           7.82     3.10828e-07     2.79979e-11
           7.84      3.1813e-07     2.78379e-11
           7.86     3.25222e-07     2.76117e-11
           7.88      3.3125e-07     2.73574e-11
            7.9     3.35711e-07     2.71462e-11
           7.92     3.38608e-07     2.70027e-11
           7.94     3.40264e-07     2.69231e-11
           7.96     3.41097e-07     2.68801e-11
           7.98     3.41476e-07      2.6852e-11
              8     3.41646e-07     2.68265e-11
           8.02     3.41733e-07     2.68017e-11
           8.04     3.41791e-07     2.67751e-11
           8.06      3.4184e-07     2.67481e-11
           8.08     3.41885e-07     2.67219e-11
            8.1      3.4193e-07     2.66958e-11
           8.12     3.41974e-07     2.66696e-11
           8.14     3.42018e-07     2.66443e-11
           8.16      3.4206e-07     2.66189e-11
           8.18     3.42105e-07     2.65928e-11
            8.2     3.42145e-07     2.65692e-11
           8.22     3.42185e-07     2.65456e-11
           8.24     3.42228e-07     2.65202e-11
           8.26     3.42271e-07     2.64945e-11
           8.28     3.42312e-07     2.64706e-11
            8.3     3.42353e-07     2.64462e-11
           8.32     3.42392e-07     2.64242e-11
           8.34      3.4243e-07     2.64011e-11
           8.36      3.4247e-07     2.63774e-11
           8.38     3.42509e-07     2.63545e-11
            8.4     3.42548e-07     2.63315e-11
           8.42     3.42587e-07      2.6308e-11
           8.44     3.42625e-07     2.62862e-11
           8.46     3.42659e-07     2.62658e-11
           8.48     3.42696e-07     2.62443e-11
            8.5     3.42732e-07      2.6223e-11
           8.52     3.42766e-07     2.62024e-11
           8.54     3.42803e-07     2.61803e-11
           8.56     3.42839e-07     2.61594e-11
           8.58     3.42875e-07     2.61383e-11
            8.6     3.42909e-07     2.61182e-11
           8.62     3.42942e-07     2.60983e-11
           8.64     3.42976e-07     2.60787e-11
           8.66     3.43007e-07     2.60602e-11
           8.68      3.4304e-07     2.60405e-11
            8.7     3.43074e-07     2.60206e-11
           8.72     3.43106e-07     2.60014e-11
           8.74     3.43139e-07     2.59821e-11
           8.76     3.43172e-07     2.59626e-11
           8.78     3.43204e-07     2.59436e-11
            8.8     3.43236e-07     2.59243e-11
           8.82     3.43269e-07     2.59055e-11
           8.84     3.43299e-07     2.58877e-11
           8.86     3.43328e-07     2.58709e-11
           8.88     3.43354e-07     2.58554e-11
            8.9     3.43381e-07     2.58392e-11
           8.92     3.43408e-07     2.58236e-11
           8.94     3.43434e-07     2.58084e-11
           8.96     3.43458e-07     2.57945e-11
           8.98     3.43482e-07       2.578e-11
              9     3.43504e-07     2.57672e-11
           9.02     3.43526e-07     2.57544e-11
           9.04     3.43547e-07     2.57421e-11
           9.06     3.43568e-07     2.57292e-11
           9.08     3.43589e-07     2.57172e-11
            9.1     3.43609e-07     2.57053e-11
           9.12      3.4363e-07      2.5693e-11
           9.14     3.43651e-07     2.56809e-11
           9.16      3.4367e-07     2.56695e-11
           9.18     3.43688e-07     2.56588e-11
            9.2     3.43707e-07     2.56476e-11
           9.22     3.43726e-07     2.56369e-11
           9.24     3.43743e-07     2.56267e-11
           9.26     3.43761e-07     2.56157e-11
           9.28     3.43779e-07     2.56053e-11
            9.3     3.43796e-07     2.55959e-11
           9.32     3.43812e-07     2.55864e-11
           9.34     3.43828e-07     2.55769e-11
           9.36     3.43844e-07     2.55674e-11
           9.38      3.4386e-07     2.55584e-11
            9.4     3.43876e-07     2.55489e-11
           9.42     3.43891e-07     2.55395e-11
           9.44     3.43906e-07     2.55311e-11
           9.46      3.4392e-07     2.55231e-11
           9.48     3.43934e-07     2.55151e-11
            9.5     3.43947e-07     2.55074e-11
           9.52     3.43961e-07     2.54996e-11
           9.54     3.43973e-07     2.54921e-11
           9.56     3.43986e-07     2.54848e-11
           9.58     3.43998e-07      2.5478e-11
            9.6     3.44009e-07     2.54716e-11
           9.62     3.44019e-07     2.54654e-11
           9.64      3.4403e-07     2.54594e-11
           9.66     3.44039e-07     2.54543e-11
           9.68     3.44048e-07      2.5449e-11
            9.7     3.44056e-07     2.54444e-11
           9.72     3.44064e-07     2.54398e-11
           9.74     3.44072e-07     2.54357e-11
           9.76     3.44079e-07     2.54318e-11
           9.78     3.44084e-07     2.54285e-11
            9.8     3.44089e-07     2.54256e-11
           9.82     3.44095e-07     2.54227e-11
           9.84       3.441e-07     2.54199e-11
           9.86     3.44104e-07     2.54173e-11
           9.88     3.44108e-07     2.54154e-11
            9.9     3.44111e-07     2.54136e-11
           9.92     3.44114e-07     2.54124e-11
           9.94     3.44115e-07     2.54115e-11
           9.96     3.44117e-07     2.54107e-11
           9.98     3.44118e-07     2.54101e-11
             10     3.44119e-07     2.54099e-11
          10.02               0               0
          10.04               0               0
          10.06               0               0
          10.08               0               0
           10.1               0               0
          10.12               0               0
          10.14               0               0
          10.16               0               0
          10.18               0               0
           10.2               0               0
          10.22               0               0
          10.24               0               0
          10.26               0               0
          10.28               0               0
           10.3               0               0
          10.32               0               0
          10.34               0               0
          10.36               0               0
          10.38               0               0
           10.4               0               0
          10.42               0               0
          10.44               0               0
          10.46               0               0
          10.48               0               0
           10.5               0               0
          10.52               0               0
          10.54               0               0
          10.56               0               0
          10.58               0               0
           10.6               0               0
          10.62               0               0
          10.64               0               0
          10.66               0               0
          10.68               0               0
           10.7               0               0
          10.72               0               0
          10.74               0               0
          10.76               0               0
          10.78               0               0
           10.8               0               0
          10.82               0               0
          10.84               0               0
          10.86               0               0
          10.88               0               0
           10.9               0               0
          10.92               0               0
          10.94               0               0
          10.96               0               0
          10.98               0               0
             11               0               0
          11.02               0               0
          11.04               0               0
          11.06               0               0
          11.08               0               0
           11.1               0               0
          11.12               0               0
          11.14               0               0
          11.16               0               0
          11.18               0               0
           11.2               0               0
          11.22               0               0
          11.24               0               0
          11.26               0               0
          11.28               0               0
           11.3               0               0
          11.32               0               0
          11.34               0               0
          11.36               0               0
          11.38               0               0
           11.4               0               0
          11.42               0               0
          11.44               0               0
          11.46               0               0
          11.48               0               0
           11.5               0               0
          11.52               0               0
          11.54               0               0
          11.56               0               0
          11.58               0               0
           11.6               0               0
          11.62               0               0
          11.64               0               0
          11.66               0               0
          11.68               0               0
           11.7               0               0
          11.72               0               0
          11.74               0               0
          11.76               0               0
          11.78               0               0
           11.8               0               0
          11.82               0               0
          11.84               0               0
          11.86               0               0
          11.88               0               0
           11.9               0               0
          11.92               0               0
          11.94               0               0
          11.96               0               0
          11.98               0               0
             12               0               0
          12.02               0               0
          12.04               0               0
          12.06               0               0
          12.08               0               0
           12.1               0               0
          12.12               0               0
          12.14               0               0
          12.16               0               0
          12.18               0               0
           12.2               0               0
          12.22               0               0
          12.24               0               0
          12.26               0               0
          12.28               0               0
           12.3               0               0
          12.32               0               0
          12.34               0               0
          12.36               0               0
          12.38               0               0
           12.4               0               0
          12.42               0               0
          12.44               0               0
          12.46               0               0
          12.48               0               0
           12.5               0               0
          12.52               0               0
          12.54               0               0
          12.56               0               0
          12.58               0               0
           12.6               0               0
          12.62               0               0
          12.64               0               0
          12.66               0               0
          12.68               0               0
           12.7               0               0
          12.72               0               0
          12.74               0               0
          12.76               0               0
          12.78               0               0
           12.8               0               0
          12.82               0               0
          12.84               0               0
          12.86               0               0
          12.88               0               0
           12.9               0               0
          12.92               0               0
          12.94               0               0
          12.96               0               0
          12.98               0               0
             13               0               0
          13.02               0               0
          13.04               0               0
          13.06               0               0
          13.08               0               0
           13.1               0               0
          13.12               0               0
          13.14               0               0
          13.16               0               0
          13.18               0               0
           13.2               0               0
          13.22               0               0
          13.24               0               0
          13.26               0               0
          13.28               0               0
           13.3               0               0
          13.32               0               0
          13.34               0               0
          13.36               0               0
          13.38               0               0
           13.4               0               0
          13.42               0               0
          13.44               0               0
          13.46               0               0
          13.48               0               0
           13.5               0               0
          13.52               0               0
          13.54               0               0
          13.56               0               0
          13.58               0               0
           13.6               0               0
          13.62               0               0
          13.64               0               0
          13.66               0               0
          13.68               0               0
           13.7               0               0
          13.72               0               0
          13.74               0               0
          13.76               0               0
          13.78               0               0
           13.8               0               0
          13.82               0               0
          13.84               0               0
          13.86               0               0
          13.88               0               0
           13.9               0               0
          13.92               0               0
          13.94               0               0
          13.96               0               0
          13.98               0               0
             14               0               0
          14.02               0               0
          14.04               0               0
          14.06               0               0
          14.08               0               0
           14.1               0               0
          14.12               0               0
          14.14               0               0
          14.16               0               0
          14.18               0               0
           14.2               0               0
          14.22               0               0
          14.24               0               0
          14.26               0               0
          14.28               0               0
           14.3               0               0
          14.32               0               0
          14.34               0               0
          14.36               0               0
          14.38               0               0
           14.4               0               0
          14.42               0               0
          14.44               0               0
          14.46               0               0
          14.48               0               0
           14.5               0               0
          14.52               0               0
          14.54               0               0
          14.56               0               0
          14.58               0               0
           14.6               0               0
          14.62               0               0
          14.64               0               0
          14.66               0               0
          14.68               0               0
           14.7               0               0
          14.72               0               0
          14.74               0               0
          14.76               0               0
          14.78               0               0
           14.8               0               0
          14.82               0               0
          14.84               0               0
          14.86               0               0
          14.88               0               0
           14.9               0               0
          14.92               0               0
          14.94               0               0
          14.96               0               0
          14.98               0               0
             15               0               0
          15.02               0               0
          15.04               0               0
          15.06               0               0
          15.08               0               0
           15.1               0               0
          15.12               0               0
          15.14               0               0
          15.16               0               0
          15.18               0               0
           15.2               0               0
          15.22               0               0
          15.24               0               0
          15.26               0               0
          15.28               0               0
           15.3               0               0
          15.32               0               0
          15.34               0               0
          15.36               0               0
          15.38               0               0
           15.4               0               0
          15.42               0               0
          15.44               0               0
          15.46               0               0
          15.48               0               0
           15.5               0               0
          15.52               0               0
          15.54               0               0
          15.56               0               0
          15.58               0               0
           15.6               0               0
          15.62               0               0
          15.64               0               0
          15.66               0               0
          15.68               0               0
           15.7               0               0
          15.72               0               0
          15.74               0               0
          15.76               0               0
          15.78               0               0
           15.8               0               0
          15.82               0               0
          15.84               0               0
          15.86               0               0
          15.88               0               0
           15.9               0               0
          15.92               0               0
          15.94               0               0
          15.96               0               0
          15.98               0               0
             16               0               0
          16.02               0               0
          16.04               0               0
          16.06               0               0
          16.08               0               0
           16.1               0               0
          16.12               0               0
          16.14               0               0
          16.16               0               0
          16.18               0               0
           16.2               0               0
          16.22               0               0
          16.24               0               0
          16.26               0               0
          16.28               0               0
           16.3               0               0
          16.32               0               0
          16.34               0               0
          16.36               0               0
          16.38               0               0
           16.4               0               0
          16.42               0               0
          16.44               0               0
          16.46               0               0
          16.48               0               0
           16.5               0               0
          16.52               0               0
          16.54               0               0
          16.56               0               0
          16.58               0               0
           16.6               0               0
          16.62               0               0
          16.64               0               0
          16.66               0               0
          16.68               0               0
           16.7               0               0
          16.72               0               0
          16.74               0               0
          16.76               0               0
          16.78               0               0
           16.8               0               0
          16.82               0               0
          16.84               0               0
          16.86               0               0
          16.88               0               0
           16.9               0               0
          16.92               0               0
          16.94               0               0
          16.96               0               0
          16.98               0               0
             17               0               0
          17.02               0               0
          17.04               0               0
          17.06               0               0
          17.08               0               0
           17.1               0               0
          17.12               0               0
          17.14               0               0
          17.16               0               0
          17.18               0               0
           17.2               0               0
          17.22               0               0
          17.24               0               0
          17.26               0               0
          17.28               0               0
           17.3               0               0
          17.32               0               0
          17.34               0               0
          17.36               0               0
          17.38               0               0
           17.4               0               0
          17.42               0               0
          17.44               0               0
          17.46               0               0
          17.48               0               0
           17.5               0               0
          17.52               0               0
          17.54               0               0
          17.56               0               0
          17.58               0               0
           17.6               0               0
          17.62               0               0
          17.64               0               0
          17.66               0               0
          17.68               0               0
           17.7               0               0
          17.72               0               0
          17.74               0               0
          17.76               0               0
          17.78               0               0
           17.8               0               0
          17.82               0               0
          17.84               0               0
          17.86               0               0
          17.88               0               0
           17.9               0               0
          17.92               0               0
          17.94               0               0
          17.96               0               0
          17.98               0               0
             18               0               0
          18.02               0               0
          18.04               0               0
          18.06               0               0
          18.08               0               0
           18.1               0               0
          18.12               0               0
          18.14               0               0
          18.16               0               0
          18.18               0               0
           18.2               0               0
          18.22               0               0
          18.24               0               0
          18.26               0               0
          18.28               0               0
           18.3               0               0
          18.32               0               0
          18.34               0               0
          18.36               0               0
          18.38               0               0
           18.4               0               0
          18.42               0               0
          18.44               0               0
          18.46               0               0
          18.48               0               0
           18.5               0               0
          18.52               0               0
          18.54               0               0
          18.56               0               0
          18.58               0               0
           18.6               0               0
          18.62               0               0
          18.64               0               0
          18.66               0               0
          18.68               0               0
           18.7               0               0
          18.72               0               0
          18.74               0               0
          18.76               0               0
          18.78               0               0
           18.8               0               0
          18.82               0               0
          18.84               0               0
          18.86               0               0
          18.88               0               0
           18.9               0               0
          18.92               0               0
          18.94               0               0
          18.96               0               0
          18.98               0               0
             19               0               0
          19.02               0               0
          19.04               0               0
          19.06               0               0
          19.08               0               0
           19.1               0               0
          19.12               0               0
          19.14               0               0
          19.16               0               0
          19.18               0               0
           19.2               0               0
          19.22               0               0
          19.24               0               0
          19.26               0               0
          19.28               0               0
           19.3               0               0
          19.32               0               0
          19.34               0               0
          19.36               0               0
          19.38               0               0
           19.4               0               0
          19.42               0               0
          19.44               0               0
          19.46               0               0
          19.48               0               0
           19.5               0               0
          19.52               0               0
          19.54               0               0
          19.56               0               0
          19.58               0               0
           19.6               0               0
          19.62               0               0
          19.64               0               0
          19.66               0               0
          19.68               0               0
           19.7               0               0
          19.72               0               0
          19.74               0               0
          19.76               0               0
          19.78               0               0
           19.8               0               0
          19.82               0               0
          19.84               0               0
          19.86               0               0
          19.88               0               0
           19.9               0               0
          19.92               0               0
          19.94               0               0
          19.96               0               0
          19.98               0               0
             20               0               0
          20.02               0               0

Source_00  1000  20
              0               0               0
           0.02               0               0
           0.04               0               0
           0.06               0               0
           0.08               0               0
            0.1               0               0
           0.12               0               0
           0.14               0               0
           0.16               0               0
           0.18               0               0
            0.2               0               0
           0.22               0               0
           0.24               0               0
           0.26               0               0
           0.28               0               0
            0.3               0               0
           0.32               0               0
           0.34               0               0
           0.36               0               0
           0.38               0               0
            0.4               0               0
           0.42               0               0
           0.44               0               0
           0.46               0               0
           0.48               0               0
            0.5               0               0
           0.52               0               0
           0.54               0               0
           0.56               0               0
           0.58               0               0
            0.6               0               0
           0.62               0               0
           0.64               0               0
           0.66               0               0
           0.68               0               0
            0.7               0               0
           0.72               0               0
           0.74               0               0
           0.76               0               0
           0.78               0               0
            0.8               0               0
           0.82               0               0
           0.84               0               0
           0.86               0               0
           0.88               0               0
            0.9               0               0
           0.92               0               0
           0.94               0               0
           0.96               0               0
           0.98               0               0
              1               0               0
           1.02               0               0
           1.04               0               0
           1.06               0               0
           1.08               0               0
            1.1               0               0
           1.12               0               0
           1.14               0               0
           1.16               0               0
           1.18               0               0
            1.2               0               0
           1.22               0               0
           1.24               0               0
           1.26               0               0
           1.28               0               0
            1.3               0               0
           1.32               0               0
           1.34               0               0
           1.36               0               0
           1.38               0               0
            1.4               0               0
           1.42               0               0
           1.44               0               0
           1.46               0               0
           1.48               0               0
            1.5               0               0
           1.52               0               0
           1.54               0               0
           1.56               0               0
           1.58               0               0
            1.6               0               0
           1.62               0               0
           1.64               0               0
           1.66               0               0
           1.68               0               0
            1.7               0               0
           1.72               0               0
           1.74               0               0
           1.76               0               0
           1.78               0               0
            1.8               0               0
           1.82               0               0
           1.84               0               0
           1.86               0               0
           1.88               0               0
            1.9               0               0
           1.92               0               0
           1.94               0               0
           1.96               0               0
           1.98               0               0
              2               0               0
           2.02               0               0
           2.04               0               0
           2.06               0               0
           2.08               0               0
            2.1               0               0
           2.12               0               0
           2.14               0               0
           2.16               0               0
           2.18               0               0
            2.2               0               0
           2.22               0               0
           2.24               0               0
           2.26               0               0
           2.28               0               0
            2.3               0               0
           2.32               0               0
           2.34               0               0
           2.36               0               0
           2.38               0               0
            2.4               0               0
           2.42               0               0
           2.44               0               0
           2.46               0               0
           2.48               0               0
            2.5               0               0
           2.52               0               0
           2.54               0               0
           2.56               0               0
           2.58               0               0
            2.6               0               0
           2.62               0               0
           2.64               0               0
           2.66               0               0
           2.68               0               0
            2.7               0               0
           2.72               0               0
           2.74               0               0
           2.76               0               0
           2.78               0               0
            2.8               0               0
           2.82               0               0
           2.84               0               0
           2.86               0               0
           2.88               0               0
            2.9               0               0
           2.92               0               0
           2.94               0               0
           2.96               0               0
           2.98               0               0
              3               0               0
           3.02               0               0
           3.04               0               0
           3.06               0               0
           3.08               0               0
            3.1               0               0
           3.12               0               0
           3.14               0               0
           3.16               0               0
           3.18               0               0
            3.2               0               0
           3.22               0               0
           3.24               0               0
           3.26               0               0
           3.28               0               0
            3.3               0               0
           3.32               0               0
           3.34               0               0
           3.36               0               0
           3.38               0               0
            3.4               0               0
           3.42               0               0
           3.44               0               0
           3.46               0               0
           3.48               0               0
            3.5               0               0
           3.52               0               0
           3.54               0               0
           3.56               0               0
           3.58               0               0
            3.6               0               0
           3.62               0               0
           3.64               0               0
           3.66               0               0
           3.68               0               0
            3.7               0               0
           3.72               0               0
           3.74               0               0
           3.76               0               0
           3.78               0               0
            3.8               0               0
           3.82               0               0
           3.84               0               0
           3.86               0               0
           3.88               0               0
            3.9               0               0
           3.92               0               0
           3.94               0               0
           3.96               0               0
           3.98               0               0
              4               0               0
           4.02               0               0
           4.04               0               0
           4.06               0               0
           4.08               0               0
            4.1               0               0
           4.12               0               0
           4.14               0               0
           4.16               0               0
           4.18               0               0
            4.2               0               0
           4.22               0               0
           4.24               0               0
           4.26               0               0
           4.28               0               0
            4.3               0               0
           4.32               0               0
           4.34               0               0
           4.36               0               0
           4.38               0               0
            4.4               0               0
           4.42               0               0
           4.44               0               0
           4.46               0               0
           4.48               0               0
            4.5               0               0
           4.52               0               0
           4.54               0               0
           4.56               0               0
           4.58               0               0
            4.6               0               0
           4.62               0               0
           4.64               0               0
           4.66               0               0
           4.68               0               0
            4.7               0               0
           4.72               0               0
           4.74               0               0
           4.76               0               0
           4.78               0               0
            4.8               0               0
           4.82               0               0
           4.84               0               0
           4.86               0               0
           4.88               0               0
            4.9               0               0
           4.92               0               0
           4.94               0               0
           4.96               0               0
           4.98               0               0
              5               0               0
           5.02               0               0
           5.04               0               0
           5.06               0               0
           5.08               0               0
            5.1               0               0
           5.12               0               0
           5.14               0               0
           5.16               0               0
           5.18               0               0
            5.2               0               0
           5.22               0               0
           5.24               0               0
           5.26               0               0
           5.28               0               0
            5.3               0               0
           5.32               0               0
           5.34               0               0
           5.36               0               0
           5.38               0               0
            5.4               0               0
           5.42               0               0
           5.44               0               0
           5.46               0               0
           5.48               0               0
            5.5               0               0
           5.52               0               0
           5.54               0               0
           5.56               0               0
           5.58               0               0
            5.6               0               0
           5.62               0               0
           5.64               0               0
           5.66               0               0
           5.68               0               0
            5.7               0               0
           5.72               0               0
           5.74               0               0
           5.76               0               0
           5.78               0               0
            5.8               0               0
           5.82               0               0
           5.84               0               0
           5.86               0               0
           5.88               0               0
            5.9               0               0
           5.92               0               0
           5.94               0               0
           5.96               0               0
           5.98               0               0
              6               0               0
           6.02               0               0
           6.04               0               0
           6.06               0               0
           6.08               0               0
            6.1               0               0
           6.12               0               0
           6.14               0               0
           6.16               0               0
           6.18               0               0
            6.2               0               0
           6.22               0               0
           6.24               0               0
           6.26               0               0
           6.28               0               0
            6.3               0               0
           6.32               0               0
           6.34               0               0
           6.36               0               0
           6.38               0               0
            6.4               0               0
           6.42               0               0
           6.44               0               0
           6.46               0               0
           6.48               0               0
            6.5               0               0
           6.52               0               0
           6.54               0               0
           6.56               0               0
           6.58               0               0
            6.6               0               0
           6.62               0               0
           6.64               0               0
           6.66               0               0
           6.68               0               0
            6.7               0               0
           6.72               0               0
           6.74               0               0
           6.76               0               0
           6.78               0               0
            6.8               0               0
           6.82               0               0
           6.84               0               0
           6.86               0               0
           6.88               0               0
            6.9               0               0
           6.92               0               0
           6.94               0               0
           6.96               0               0
           6.98               0               0
              7               0               0
           7.02               0               0
           7.04               0               0
           7.06               0               0
           7.08               0               0
            7.1               0               0
           7.12               0               0
           7.14               0               0
           7.16               0               0
           7.18               0               0
            7.2               0               0
           7.22               0               0
           7.24               0               0
           7.26               0               0
           7.28               0               0
            7.3               0               0
           7.32               0               0
           7.34               0               0
           7.36               0               0
           7.38               0               0
            7.4               0               0
           7.42               0               0
           7.44               0               0
           7.46               0               0
           7.48               0               0
            7.5               0               0
           7.52               0               0
           7.54               0               0
           7.56               0               0
           7.58               0               0
            7.6               0               0
           7.62               0               0
           7.64               0               0
           7.66               0               0
           7.68               0               0
            7.7               0               0
           7.72               0               0
           7.74               0               0
           7.76               0               0
           7.78               0               0
            7.8               0               0
           7.82               0               0
           7.84               0               0
           7.86               0               0
           7.88               0               0
            7.9               0               0
           7.92               0               0
           7.94               0               0
           7.96               0               0
           7.98               0               0
              8               0               0
           8.02               0               0
           8.04               0               0
           8.06               0               0
           8.08               0               0
            8.1               0               0
           8.12               0               0
           8.14               0               0
           8.16               0               0
           8.18               0               0
            8.2               0               0
           8.22               0               0
           8.24               0               0
           8.26               0               0
           8.28               0               0
            8.3               0               0
           8.32               0               0
           8.34               0               0
           8.36               0               0
           8.38               0               0
            8.4               0               0
           8.42               0               0
           8.44               0               0
           8.46               0               0
           8.48               0               0
            8.5               0               0
           8.52               0               0
           8.54               0               0
           8.56               0               0
           8.58               0               0
            8.6               0               0
           8.62               0               0
           8.64               0               0
           8.66               0               0
           8.68               0               0
            8.7               0               0
           8.72               0               0
           8.74               0               0
           8.76               0               0
           8.78               0               0
            8.8               0               0
           8.82               0               0
           8.84               0               0
           8.86               0               0
           8.88               0               0
            8.9               0               0
           8.92               0               0
           8.94               0               0
           8.96               0               0
           8.98               0               0
              9               0               0
           9.02               0               0
           9.04               0               0
           9.06               0               0
           9.08               0               0
            9.1               0               0
           9.12               0               0
           9.14               0               0
           9.16               0               0
           9.18               0               0
            9.2               0               0
           9.22               0               0
           9.24               0               0
           9.26               0               0
           9.28               0               0
            9.3               0               0
           9.32               0               0
           9.34               0               0
           9.36               0               0
           9.38               0               0
            9.4               0               0
           9.42               0               0
           9.44               0               0
           9.46               0               0
           9.48               0               0
            9.5               0               0
           9.52               0               0
           9.54               0               0
           9.56               0               0
           9.58               0               0
            9.6               0               0
           9.62               0               0
           9.64               0               0
           9.66               0               0
           9.68               0               0
            9.7               0               0
           9.72               0               0
           9.74               0               0
           9.76               0               0
           9.78               0               0
            9.8               0               0
           9.82               0               0
           9.84               0               0
           9.86               0               0
           9.88               0               0
            9.9               0               0
           9.92               0               0
           9.94               0               0
           9.96               0               0
           9.98               0               0
             10               0               0
          10.02               1     0.000316228
          10.04               0               0
          10.06               0               0
          10.08               0               0
           10.1               0               0
          10.12               0               0
          10.14               0               0
          10.16               0               0
          10.18               0               0
           10.2               0               0
          10.22               0               0
          10.24               0               0
          10.26               0               0
          10.28               0               0
           10.3               0               0
          10.32               0               0
          10.34               0               0
          10.36               0               0
          10.38               0               0
           10.4               0               0
          10.42               0               0
          10.44               0               0
          10.46               0               0
          10.48               0               0
           10.5               0               0
          10.52               0               0
          10.54               0               0
          10.56               0               0
          10.58               0               0
           10.6               0               0
          10.62               0               0
          10.64               0               0
          10.66               0               0
          10.68               0               0
           10.7               0               0
          10.72               0               0
          10.74               0               0
          10.76               0               0
          10.78               0               0
           10.8               0               0
          10.82               0               0
          10.84               0               0
          10.86               0               0
          10.88               0               0
           10.9               0               0
          10.92               0               0
          10.94               0               0
          10.96               0               0
          10.98               0               0
             11               0               0
          11.02               0               0
          11.04               0               0
          11.06               0               0
          11.08               0               0
           11.1               0               0
          11.12               0               0
          11.14               0               0
          11.16               0               0
          11.18               0               0
           11.2               0               0
          11.22               0               0
          11.24               0               0
          11.26               0               0
          11.28               0               0
           11.3               0               0
          11.32               0               0
          11.34               0               0
          11.36               0               0
          11.38               0               0
           11.4               0               0
          11.42               0               0
          11.44               0               0
          11.46               0               0
          11.48               0               0
           11.5               0               0
          11.52               0               0
          11.54               0               0
          11.56               0               0
          11.58               0               0
           11.6               0               0
          11.62               0               0
          11.64               0               0
          11.66               0               0
          11.68               0               0
           11.7               0               0
          11.72               0               0
          11.74               0               0
          11.76               0               0
          11.78               0               0
           11.8               0               0
          11.82               0               0
          11.84               0               0
          11.86               0               0
          11.88               0               0
           11.9               0               0
          11.92               0               0
          11.94               0               0
          11.96               0               0
          11.98               0               0
             12               0               0
          12.02               0               0
          12.04               0               0
          12.06               0               0
          12.08               0               0
           12.1               0               0
          12.12               0               0
          12.14               0               0
          12.16               0               0
          12.18               0               0
           12.2               0               0
          12.22               0               0
          12.24               0               0
          12.26               0               0
          12.28               0               0
           12.3               0               0
          12.32               0               0
          12.34               0               0
          12.36               0               0
          12.38               0               0
           12.4               0               0
          12.42               0               0
          12.44               0               0
          12.46               0               0
          12.48               0               0
           12.5               0               0
          12.52               0               0
          12.54               0               0
          12.56               0               0
          12.58               0               0
           12.6               0               0
          12.62               0               0
          12.64               0               0
          12.66               0               0
          12.68               0               0
           12.7               0               0
          12.72               0               0
          12.74               0               0
          12.76               0               0
          12.78               0               0
           12.8               0               0
          12.82               0               0
          12.84               0               0
          12.86               0               0
          12.88               0               0
           12.9               0               0
          12.92               0               0
          12.94               0               0
          12.96               0               0
          12.98               0               0
             13               0               0
          13.02               0               0
          13.04               0               0
          13.06               0               0
          13.08               0               0
           13.1               0               0
          13.12               0               0
          13.14               0               0
          13.16               0               0
          13.18               0               0
           13.2               0               0
          13.22               0               0
          13.24               0               0
          13.26               0               0
          13.28               0               0
           13.3               0               0
          13.32               0               0
          13.34               0               0
          13.36               0               0
          13.38               0               0
           13.4               0               0
          13.42               0               0
          13.44               0               0
          13.46               0               0
          13.48               0               0
           13.5               0               0
          13.52               0               0
          13.54               0               0
          13.56               0               0
          13.58               0               0
           13.6               0               0
          13.62               0               0
          13.64               0               0
          13.66               0               0
          13.68               0               0
           13.7               0               0
          13.72               0               0
          13.74               0               0
          13.76               0               0
          13.78               0               0
           13.8               0               0
          13.82               0               0
          13.84               0               0
          13.86               0               0
          13.88               0               0
           13.9               0               0
          13.92               0               0
          13.94               0               0
          13.96               0               0
          13.98               0               0
             14               0               0
          14.02               0               0
          14.04               0               0
          14.06               0               0
          14.08               0               0
           14.1               0               0
          14.12               0               0
          14.14               0               0
          14.16               0               0
          14.18               0               0
           14.2               0               0
          14.22               0               0
          14.24               0               0
          14.26               0               0
          14.28               0               0
           14.3               0               0
          14.32               0               0
          14.34               0               0
          14.36               0               0
          14.38               0               0
           14.4               0               0
          14.42               0               0
          14.44               0               0
          14.46               0               0
          14.48               0               0
           14.5               0               0
          14.52               0               0
          14.54               0               0
          14.56               0               0
          14.58               0               0
           14.6               0               0
          14.62               0               0
          14.64               0               0
          14.66               0               0
          14.68               0               0
           14.7               0               0
          14.72               0               0
          14.74               0               0
          14.76               0               0
          14.78               0               0
           14.8               0               0
          14.82               0               0
          14.84               0               0
          14.86               0               0
          14.88               0               0
           14.9               0               0
          14.92               0               0
          14.94               0               0
          14.96               0               0
          14.98               0               0
             15               0               0
          15.02               0               0
          15.04               0               0
          15.06               0               0
          15.08               0               0
           15.1               0               0
          15.12               0               0
          15.14               0               0
          15.16               0               0
          15.18               0               0
           15.2               0               0
          15.22               0               0
          15.24               0               0
          15.26               0               0
          15.28               0               0
           15.3               0               0
          15.32               0               0
          15.34               0               0
          15.36               0               0
          15.38               0               0
           15.4               0               0
          15.42               0               0
          15.44               0               0
          15.46               0               0
          15.48               0               0
           15.5               0               0
          15.52               0               0
          15.54               0               0
          15.56               0               0
          15.58               0               0
           15.6               0               0
          15.62               0               0
          15.64               0               0
          15.66               0               0
          15.68               0               0
           15.7               0               0
          15.72               0               0
          15.74               0               0
          15.76               0               0
          15.78               0               0
           15.8               0               0
          15.82               0               0
          15.84               0               0
          15.86               0               0
          15.88               0               0
           15.9               0               0
          15.92               0               0
          15.94               0               0
          15.96               0               0
          15.98               0               0
             16               0               0
          16.02               0               0
          16.04               0               0
          16.06               0               0
          16.08               0               0
           16.1               0               0
          16.12               0               0
          16.14               0               0
          16.16               0               0
          16.18               0               0
           16.2               0               0
          16.22               0               0
          16.24               0               0
          16.26               0               0
          16.28               0               0
           16.3               0               0
          16.32               0               0
          16.34               0               0
          16.36               0               0
          16.38               0               0
           16.4               0               0
          16.42               0               0
          16.44               0               0
          16.46               0               0
          16.48               0               0
           16.5               0               0
          16.52               0               0
          16.54               0               0
          16.56               0               0
          16.58               0               0
           16.6               0               0
          16.62               0               0
          16.64               0               0
          16.66               0               0
          16.68               0               0
           16.7               0               0
          16.72               0               0
          16.74               0               0
          16.76               0               0
          16.78               0               0
           16.8               0               0
          16.82               0               0
          16.84               0               0
          16.86               0               0
          16.88               0               0
           16.9               0               0
          16.92               0               0
          16.94               0               0
          16.96               0               0
          16.98               0               0
             17               0               0
          17.02               0               0
          17.04               0               0
          17.06               0               0
          17.08               0               0
           17.1               0               0
          17.12               0               0
          17.14               0               0
          17.16               0               0
          17.18               0               0
           17.2               0               0
          17.22               0               0
          17.24               0               0
          17.26               0               0
          17.28               0               0
           17.3               0               0
          17.32               0               0
          17.34               0               0
          17.36               0               0
          17.38               0               0
           17.4               0               0
          17.42               0               0
          17.44               0               0
          17.46               0               0
          17.48               0               0
           17.5               0               0
          17.52               0               0
          17.54               0               0
          17.56               0               0
          17.58               0               0
           17.6               0               0
          17.62               0               0
          17.64               0               0
          17.66               0               0
          17.68               0               0
           17.7               0               0
          17.72               0               0
          17.74               0               0
          17.76               0               0
          17.78               0               0
           17.8               0               0
          17.82               0               0
          17.84               0               0
          17.86               0               0
          17.88               0               0
           17.9               0               0
          17.92               0               0
          17.94               0               0
          17.96               0               0
          17.98               0               0
             18               0               0
          18.02               0               0
          18.04               0               0
          18.06               0               0
          18.08               0               0
           18.1               0               0
          18.12               0               0
          18.14               0               0
          18.16               0               0
          18.18               0               0
           18.2               0               0
          18.22               0               0
          18.24               0               0
          18.26               0               0
          18.28               0               0
           18.3               0               0
          18.32               0               0
          18.34               0               0
          18.36               0               0
          18.38               0               0
           18.4               0               0
          18.42               0               0
          18.44               0               0
          18.46               0               0
          18.48               0               0
           18.5               0               0
          18.52               0               0
          18.54               0               0
          18.56               0               0
          18.58               0               0
           18.6               0               0
          18.62               0               0
          18.64               0               0
          18.66               0               0
          18.68               0               0
           18.7               0               0
          18.72               0               0
          18.74               0               0
          18.76               0               0
          18.78               0               0
           18.8               0               0
          18.82               0               0
          18.84               0               0
          18.86               0               0
          18.88               0               0
           18.9               0               0
          18.92               0               0
          18.94               0               0
          18.96               0               0
          18.98               0               0
             19               0               0
          19.02               0               0
          19.04               0               0
          19.06               0               0
          19.08               0               0
           19.1               0               0
          19.12               0               0
          19.14               0               0
          19.16               0               0
          19.18               0               0
           19.2               0               0
          19.22               0               0
          19.24               0               0
          19.26               0               0
          19.28               0               0
           19.3               0               0
          19.32               0               0
          19.34               0               0
          19.36               0               0
          19.38               0               0
           19.4               0               0
          19.42               0               0
          19.44               0               0
          19.46               0               0
          19.48               0               0
           19.5               0               0
          19.52               0               0
          19.54               0               0
          19.56               0               0
          19.58               0               0
           19.6               0               0
          19.62               0               0
          19.64               0               0
          19.66               0               0
          19.68               0               0
           19.7               0               0
          19.72               0               0
          19.74               0               0
          19.76               0               0
          19.78               0               0
           19.8               0               0
          19.82               0               0
          19.84               0               0
          19.86               0               0
          19.88               0               0
           19.9               0               0
          19.92               0               0
          19.94               0               0
          19.96               0               0
          19.98               0               0
             20               0               0
          20.02               0               0

