NSpec_Sample  1000  20
              0     1.28712e-07      3.5878e-09
           0.02     1.40024e-09     3.74231e-10
           0.04     2.80049e-09     5.29242e-10
           0.06     2.70048e-09     5.19708e-10
           0.08     3.70059e-09     6.08373e-10
            0.1     3.60059e-09     6.00099e-10
           0.12     3.80061e-09      6.1654e-10
           0.14     3.60058e-09     6.00097e-10
           0.16      3.0004e-09     5.47796e-10
           0.18     2.90041e-09     5.38592e-10
            0.2     3.80049e-09     6.16521e-10
           0.22     3.30043e-09     5.74532e-10
           0.24     3.60043e-09     6.00072e-10
           0.26     3.00032e-09     5.47781e-10
           0.28      4.4005e-09     6.63401e-10
            0.3     4.10046e-09     6.40384e-10
           0.32     4.80048e-09      6.9289e-10
           0.34     3.40028e-09     5.83144e-10
           0.36      3.5003e-09     5.91658e-10
           0.38     2.30022e-09     4.79629e-10
            0.4     4.40035e-09     6.63377e-10
           0.42     3.50023e-09     5.91647e-10
           0.44     4.60036e-09     6.78285e-10
           0.46     3.40023e-09     5.83134e-10
           0.48     3.10014e-09     5.56801e-10
            0.5     3.10018e-09     5.56808e-10
           0.52     3.10019e-09     5.56811e-10
           0.54     4.10021e-09     6.40346e-10
           0.56     3.00017e-09     5.47754e-10
           0.58     3.00016e-09     5.47753e-10
            0.6     1.80007e-09     4.24281e-10
           0.62      2.2001e-09     4.69063e-10
           0.64     2.20012e-09     4.69068e-10
           0.66      2.3001e-09     4.79605e-10
           0.68     2.40012e-09     4.89923e-10
            0.7     2.10006e-09     4.58272e-10
           0.72     1.90007e-09     4.35907e-10
           0.74     2.40009e-09     4.89916e-10
           0.76     1.30004e-09     3.60567e-10
           0.78     1.10005e-09     3.31677e-10
            0.8     1.80008e-09     4.24282e-10
           0.82     1.00003e-09     3.16237e-10
           0.84     9.00038e-10     3.00013e-10
           0.86     1.20004e-09     3.46421e-10
           0.88     1.10003e-09     3.31672e-10
            0.9     7.00008e-10     2.64578e-10
           0.92     8.00012e-10     2.82847e-10
           0.94     8.00013e-10     2.82847e-10
           0.96      4.0001e-10     2.00005e-10
           0.98               0               0
              1     2.00005e-10     1.41425e-10
           1.02     4.00006e-10     2.00003e-10
           1.04     2.00001e-10     1.41422e-10
           1.06     2.00005e-10     1.41425e-10
           1.08     1.00001e-10     1.00001e-10
            1.1     1.00001e-10     1.00001e-10
           1.12               0               0
           1.14     1.00001e-10     1.00001e-10
           1.16               0               0
           1.18               0               0
            1.2               0               0
           1.22               0               0
           1.24               0               0
           1.26               0               0
           1.28               0               0
            1.3               0               0
           1.32               0               0
           1.34               0               0
           1.36               0               0
           1.38               0               0
            1.4               0               0
           1.42               0               0
           1.44               0               0
           1.46               0               0
           1.48               0               0
            1.5               0               0
           1.52               0               0
           1.54               0               0
           1.56               0               0
           1.58               0               0
            1.6               0               0
           1.62               0               0
           1.64               0               0
           1.66               0               0
           1.68               0               0
            1.7               0               0
           1.72               0               0
           1.74               0               0
           1.76               0               0
           1.78               0               0
            1.8               0               0
           1.82               0               0
           1.84               0               0
           1.86               0               0
           1.88               0               0
            1.9               0               0
           1.92               0               0
           1.94               0               0
           1.96               0               0
           1.98               0               0
              2               0               0
           2.02               0               0
           2.04               0               0
           2.06               0               0
           2.08               0               0
            2.1               0               0
           2.12               0               0
           2.14               0               0
           2.16               0               0
           2.18               0               0
            2.2               0               0
           2.22               0               0
           2.24               0               0
           2.26               0               0
           2.28               0               0
            2.3               0               0
           2.32               0               0
           2.34               0               0
           2.36               0               0
           2.38               0               0
            2.4               0               0
           2.42               0               0
           2.44               0               0
           2.46               0               0
           2.48               0               0
            2.5               0               0
           2.52               0               0
           2.54               0               0
           2.56               0               0
           2.58               0               0
            2.6               0               0
           2.62               0               0
           2.64               0               0
           2.66               0               0
           2.68               0               0
            2.7               0               0
           2.72               0               0
           2.74               0               0
           2.76               0               0
           2.78               0               0
            2.8               0               0
           2.82               0               0
           2.84               0               0
           2.86               0               0
           2.88               0               0
            2.9               0               0
           2.92               0               0
           2.94               0               0
           2.96               0               0
           2.98               0               0
              3               0               0
           3.02               0               0
           3.04               0               0
           3.06               0               0
           3.08               0               0
            3.1               0               0
           3.12               0               0
           3.14               0               0
           3.16               0               0
           3.18               0               0
            3.2               0               0
           3.22               0               0
           3.24               0               0
           3.26               0               0
           3.28               0               0
            3.3               0               0
           3.32               0               0
           3.34               0               0
           3.36               0               0
           3.38               0               0
            3.4               0               0
           3.42               0               0
           3.44               0               0
           3.46               0               0
           3.48               0               0
            3.5               0               0
           3.52               0               0
           3.54               0               0
           3.56               0               0
           3.58               0               0
            3.6               0               0
           3.62               0               0
           3.64               0               0
           3.66               0               0
           3.68               0               0
            3.7               0               0
           3.72               0               0
           3.74               0               0
           3.76               0               0
           3.78               0               0
            3.8               0               0
           3.82               0               0
           3.84               0               0
           3.86               0               0
           3.88               0               0
            3.9               0               0
           3.92               0               0
           3.94               0               0
           3.96               0               0
           3.98               0               0
              4               0               0
           4.02               0               0
           4.04               0               0
           4.06               0               0
           4.08               0               0
            4.1               0               0
           4.12               0               0
           4.14               0               0
           4.16               0               0
           4.18               0               0
            4.2               0               0
           4.22               0               0
           4.24               0               0
           4.26               0               0
           4.28               0               0
            4.3               0               0
           4.32               0               0
           4.34               0               0
           4.36               0               0
           4.38               0               0
            4.4               0               0
           4.42               0               0
           4.44               0               0
           4.46               0               0
           4.48               0               0
            4.5               0               0
           4.52               0               0
           4.54               0               0
           4.56               0               0
           4.58               0               0
            4.6               0               0
           4.62               0               0
           4.64               0               0
           4.66               0               0
           4.68               0               0
            4.7               0               0
           4.72               0               0
           4.74               0               0
           4.76               0               0
           4.78               0               0
            4.8               0               0
           4.82               0               0
           4.84               0               0
           4.86               0               0
           4.88               0               0
            4.9               0               0
           4.92               0               0
           4.94               0               0
           4.96               0               0
           4.98               0               0
              5               0               0
           5.02               0               0
           5.04               0               0
           5.06               0               0
           5.08               0               0
            5.1               0               0
           5.12               0               0
           5.14               0               0
           5.16               0               0
           5.18               0               0
            5.2               0               0
           5.22               0               0
           5.24               0               0
           5.26               0               0
           5.28               0               0
            5.3               0               0
           5.32               0               0
           5.34               0               0
           5.36               0               0
           5.38               0               0
            5.4               0               0
           5.42               0               0
           5.44               0               0
           5.46               0               0
           5.48               0               0
            5.5               0               0
           5.52               0               0
           5.54               0               0
           5.56               0               0
           5.58               0               0
            5.6               0               0
           5.62               0               0
           5.64               0               0
           5.66               0               0
           5.68               0               0
            5.7               0               0
           5.72               0               0
           5.74               0               0
           5.76               0               0
           5.78               0               0
            5.8               0               0
           5.82               0               0
           5.84               0               0
           5.86               0               0
           5.88               0               0
            5.9               0               0
           5.92               0               0
           5.94               0               0
           5.96               0               0
           5.98               0               0
              6               0               0
           6.02               0               0
           6.04               0               0
           6.06               0               0
           6.08               0               0
            6.1               0               0
           6.12               0               0
           6.14               0               0
           6.16               0               0
           6.18               0               0
            6.2               0               0
           6.22               0               0
           6.24               0               0
           6.26               0               0
           6.28               0               0
            6.3               0               0
           6.32               0               0
           6.34               0               0
           6.36               0               0
           6.38               0               0
            6.4               0               0
           6.42               0               0
           6.44               0               0
           6.46               0               0
           6.48               0               0
            6.5               0               0
           6.52               0               0
           6.54               0               0
           6.56               0               0
           6.58               0               0
            6.6               0               0
           6.62               0               0
           6.64               0               0
           6.66               0               0
           6.68               0               0
            6.7               0               0
           6.72               0               0
           6.74               0               0
           6.76               0               0
           6.78               0               0
            6.8               0               0
           6.82               0               0
           6.84               0               0
           6.86               0               0
           6.88               0               0
            6.9               0               0
           6.92               0               0
           6.94               0               0
           6.96               0               0
           6.98               0               0
              7               0               0
           7.02               0               0
           7.04               0               0
           7.06               0               0
           7.08               0               0
            7.1               0               0
           7.12               0               0
           7.14               0               0
           7.16               0               0
           7.18               0               0
            7.2               0               0
           7.22               0               0
           7.24               0               0
           7.26               0               0
           7.28               0               0
            7.3               0               0
           7.32               0               0
           7.34               0               0
           7.36               0               0
           7.38               0               0
            7.4               0               0
           7.42               0               0
           7.44               0               0
           7.46               0               0
           7.48               0               0
            7.5               0               0
           7.52               0               0
           7.54               0               0
           7.56               0               0
           7.58               0               0
            7.6               0               0
           7.62               0               0
           7.64               0               0
           7.66               0               0
           7.68               0               0
            7.7               0               0
           7.72               0               0
           7.74               0               0
           7.76               0               0
           7.78               0               0
            7.8               0               0
           7.82               0               0
           7.84               0               0
           7.86               0               0
           7.88               0               0
            7.9               0               0
           7.92               0               0
           7.94               0               0
           7.96               0               0
           7.98               0               0
              8               0               0
           8.02               0               0
           8.04               0               0
           8.06               0               0
           8.08               0               0
            8.1               0               0
           8.12               0               0
           8.14               0               0
           8.16               0               0
           8.18               0               0
            8.2               0               0
           8.22               0               0
           8.24               0               0
           8.26               0               0
           8.28               0               0
            8.3               0               0
           8.32               0               0
           8.34               0               0
           8.36               0               0
           8.38               0               0
            8.4               0               0
           8.42               0               0
           8.44               0               0
           8.46               0               0
           8.48               0               0
            8.5               0               0
           8.52               0               0
           8.54               0               0
           8.56               0               0
           8.58               0               0
            8.6               0               0
           8.62               0               0
           8.64               0               0
           8.66               0               0
           8.68               0               0
            8.7               0               0
           8.72               0               0
           8.74               0               0
           8.76               0               0
           8.78               0               0
            8.8               0               0
           8.82               0               0
           8.84               0               0
           8.86               0               0
           8.88               0               0
            8.9               0               0
           8.92               0               0
           8.94               0               0
           8.96               0               0
           8.98               0               0
              9               0               0
           9.02               0               0
           9.04               0               0
           9.06               0               0
           9.08               0               0
            9.1               0               0
           9.12               0               0
           9.14               0               0
           9.16               0               0
           9.18               0               0
            9.2               0               0
           9.22               0               0
           9.24               0               0
           9.26               0               0
           9.28               0               0
            9.3               0               0
           9.32               0               0
           9.34               0               0
           9.36               0               0
           9.38               0               0
            9.4               0               0
           9.42               0               0
           9.44               0               0
           9.46               0               0
           9.48               0               0
            9.5               0               0
           9.52               0               0
           9.54               0               0
           9.56               0               0
           9.58               0               0
            9.6               0               0
           9.62               0               0
           9.64               0               0
           9.66               0               0
           9.68               0               0
            9.7               0               0
           9.72               0               0
           9.74               0               0
           9.76               0               0
           9.78               0               0
            9.8               0               0
           9.82               0               0
           9.84               0               0
           9.86               0               0
           9.88               0               0
            9.9               0               0
           9.92               0               0
           9.94               0               0
           9.96               0               0
           9.98               0               0
             10               0               0
          10.02               0               0
          10.04               0               0
          10.06               0               0
          10.08               0               0
           10.1               0               0
          10.12               0               0
          10.14               0               0
          10.16               0               0
          10.18               0               0
           10.2               0               0
          10.22               0               0
          10.24               0               0
          10.26               0               0
          10.28               0               0
           10.3               0               0
          10.32               0               0
          10.34               0               0
          10.36               0               0
          10.38               0               0
           10.4               0               0
          10.42               0               0
          10.44               0               0
          10.46               0               0
          10.48               0               0
           10.5               0               0
          10.52               0               0
          10.54               0               0
          10.56               0               0
          10.58               0               0
           10.6               0               0
          10.62               0               0
          10.64               0               0
          10.66               0               0
          10.68               0               0
           10.7               0               0
          10.72               0               0
          10.74               0               0
          10.76               0               0
          10.78               0               0
           10.8               0               0
          10.82               0               0
          10.84               0               0
          10.86               0               0
          10.88               0               0
           10.9               0               0
          10.92               0               0
          10.94               0               0
          10.96               0               0
          10.98               0               0
             11               0               0
          11.02               0               0
          11.04               0               0
          11.06               0               0
          11.08               0               0
           11.1               0               0
          11.12               0               0
          11.14               0               0
          11.16               0               0
          11.18               0               0
           11.2               0               0
          11.22               0               0
          11.24               0               0
          11.26               0               0
          11.28               0               0
           11.3               0               0
          11.32               0               0
          11.34               0               0
          11.36               0               0
          11.38               0               0
           11.4               0               0
          11.42               0               0
          11.44               0               0
          11.46               0               0
          11.48               0               0
           11.5               0               0
          11.52               0               0
          11.54               0               0
          11.56               0               0
          11.58               0               0
           11.6               0               0
          11.62               0               0
          11.64               0               0
          11.66               0               0
          11.68               0               0
           11.7               0               0
          11.72               0               0
          11.74               0               0
          11.76               0               0
          11.78               0               0
           11.8               0               0
          11.82               0               0
          11.84               0               0
          11.86               0               0
          11.88               0               0
           11.9               0               0
          11.92               0               0
          11.94               0               0
          11.96               0               0
          11.98               0               0
             12               0               0
          12.02               0               0
          12.04               0               0
          12.06               0               0
          12.08               0               0
           12.1               0               0
          12.12               0               0
          12.14               0               0
          12.16               0               0
          12.18               0               0
           12.2               0               0
          12.22               0               0
          12.24               0               0
          12.26               0               0
          12.28               0               0
           12.3               0               0
          12.32               0               0
          12.34               0               0
          12.36               0               0
          12.38               0               0
           12.4               0               0
          12.42               0               0
          12.44               0               0
          12.46               0               0
          12.48               0               0
           12.5               0               0
          12.52               0               0
          12.54               0               0
          12.56               0               0
          12.58               0               0
           12.6               0               0
          12.62               0               0
          12.64               0               0
          12.66               0               0
          12.68               0               0
           12.7               0               0
          12.72               0               0
          12.74               0               0
          12.76               0               0
          12.78               0               0
           12.8               0               0
          12.82               0               0
          12.84               0               0
          12.86               0               0
          12.88               0               0
           12.9               0               0
          12.92               0               0
          12.94               0               0
          12.96               0               0
          12.98               0               0
             13               0               0
          13.02               0               0
          13.04               0               0
          13.06               0               0
          13.08               0               0
           13.1               0               0
          13.12               0               0
          13.14               0               0
          13.16               0               0
          13.18               0               0
           13.2               0               0
          13.22               0               0
          13.24               0               0
          13.26               0               0
          13.28               0               0
           13.3               0               0
          13.32               0               0
          13.34               0               0
          13.36               0               0
          13.38               0               0
           13.4               0               0
          13.42               0               0
          13.44               0               0
          13.46               0               0
          13.48               0               0
           13.5               0               0
          13.52               0               0
          13.54               0               0
          13.56               0               0
          13.58               0               0
           13.6               0               0
          13.62               0               0
          13.64               0               0
          13.66               0               0
          13.68               0               0
           13.7               0               0
          13.72               0               0
          13.74               0               0
          13.76               0               0
          13.78               0               0
           13.8               0               0
          13.82               0               0
          13.84               0               0
          13.86               0               0
          13.88               0               0
           13.9               0               0
          13.92               0               0
          13.94               0               0
          13.96               0               0
          13.98               0               0
             14               0               0
          14.02               0               0
          14.04               0               0
          14.06               0               0
          14.08               0               0
           14.1               0               0
          14.12               0               0
          14.14               0               0
          14.16               0               0
          14.18               0               0
           14.2               0               0
          14.22               0               0
          14.24               0               0
          14.26               0               0
          14.28               0               0
           14.3               0               0
          14.32               0               0
          14.34               0               0
          14.36               0               0
          14.38               0               0
           14.4               0               0
          14.42               0               0
          14.44               0               0
          14.46               0               0
          14.48               0               0
           14.5               0               0
          14.52               0               0
          14.54               0               0
          14.56               0               0
          14.58               0               0
           14.6               0               0
          14.62               0               0
          14.64               0               0
          14.66               0               0
          14.68               0               0
           14.7               0               0
          14.72               0               0
          14.74               0               0
          14.76               0               0
          14.78               0               0
           14.8               0               0
          14.82               0               0
          14.84               0               0
          14.86               0               0
          14.88               0               0
           14.9               0               0
          14.92               0               0
          14.94               0               0
          14.96               0               0
          14.98               0               0
             15               0               0
          15.02               0               0
          15.04               0               0
          15.06               0               0
          15.08               0               0
           15.1               0               0
          15.12               0               0
          15.14               0               0
          15.16               0               0
          15.18               0               0
           15.2               0               0
          15.22               0               0
          15.24               0               0
          15.26               0               0
          15.28               0               0
           15.3               0               0
          15.32               0               0
          15.34               0               0
          15.36               0               0
          15.38               0               0
           15.4               0               0
          15.42               0               0
          15.44               0               0
          15.46               0               0
          15.48               0               0
           15.5               0               0
          15.52               0               0
          15.54               0               0
          15.56               0               0
          15.58               0               0
           15.6               0               0
          15.62               0               0
          15.64               0               0
          15.66               0               0
          15.68               0               0
           15.7               0               0
          15.72               0               0
          15.74               0               0
          15.76               0               0
          15.78               0               0
           15.8               0               0
          15.82               0               0
          15.84               0               0
          15.86               0               0
          15.88               0               0
           15.9               0               0
          15.92               0               0
          15.94               0               0
          15.96               0               0
          15.98               0               0
             16               0               0
          16.02               0               0
          16.04               0               0
          16.06               0               0
          16.08               0               0
           16.1               0               0
          16.12               0               0
          16.14               0               0
          16.16               0               0
          16.18               0               0
           16.2               0               0
          16.22               0               0
          16.24               0               0
          16.26               0               0
          16.28               0               0
           16.3               0               0
          16.32               0               0
          16.34               0               0
          16.36               0               0
          16.38               0               0
           16.4               0               0
          16.42               0               0
          16.44               0               0
          16.46               0               0
          16.48               0               0
           16.5               0               0
          16.52               0               0
          16.54               0               0
          16.56               0               0
          16.58               0               0
           16.6               0               0
          16.62               0               0
          16.64               0               0
          16.66               0               0
          16.68               0               0
           16.7               0               0
          16.72               0               0
          16.74               0               0
          16.76               0               0
          16.78               0               0
           16.8               0               0
          16.82               0               0
          16.84               0               0
          16.86               0               0
          16.88               0               0
           16.9               0               0
          16.92               0               0
          16.94               0               0
          16.96               0               0
          16.98               0               0
             17               0               0
          17.02               0               0
          17.04               0               0
          17.06               0               0
          17.08               0               0
           17.1               0               0
          17.12               0               0
          17.14               0               0
          17.16               0               0
          17.18               0               0
           17.2               0               0
          17.22               0               0
          17.24               0               0
          17.26               0               0
          17.28               0               0
           17.3               0               0
          17.32               0               0
          17.34               0               0
          17.36               0               0
          17.38               0               0
           17.4               0               0
          17.42               0               0
          17.44               0               0
          17.46               0               0
          17.48               0               0
           17.5               0               0
          17.52               0               0
          17.54               0               0
          17.56               0               0
          17.58               0               0
           17.6               0               0
          17.62               0               0
          17.64               0               0
          17.66               0               0
          17.68               0               0
           17.7               0               0
          17.72               0               0
          17.74               0               0
          17.76               0               0
          17.78               0               0
           17.8               0               0
          17.82               0               0
          17.84               0               0
          17.86               0               0
          17.88               0               0
           17.9               0               0
          17.92               0               0
          17.94               0               0
          17.96               0               0
          17.98               0               0
             18               0               0
          18.02               0               0
          18.04               0               0
          18.06               0               0
          18.08               0               0
           18.1               0               0
          18.12               0               0
          18.14               0               0
          18.16               0               0
          18.18               0               0
           18.2               0               0
          18.22               0               0
          18.24               0               0
          18.26               0               0
          18.28               0               0
           18.3               0               0
          18.32               0               0
          18.34               0               0
          18.36               0               0
          18.38               0               0
           18.4               0               0
          18.42               0               0
          18.44               0               0
          18.46               0               0
          18.48               0               0
           18.5               0               0
          18.52               0               0
          18.54               0               0
          18.56               0               0
          18.58               0               0
           18.6               0               0
          18.62               0               0
          18.64               0               0
          18.66               0               0
          18.68               0               0
           18.7               0               0
          18.72               0               0
          18.74               0               0
          18.76               0               0
          18.78               0               0
           18.8               0               0
          18.82               0               0
          18.84               0               0
          18.86               0               0
          18.88               0               0
           18.9               0               0
          18.92               0               0
          18.94               0               0
          18.96               0               0
          18.98               0               0
             19               0               0
          19.02               0               0
          19.04               0               0
          19.06               0               0
          19.08               0               0
           19.1               0               0
          19.12               0               0
          19.14               0               0
          19.16               0               0
          19.18               0               0
           19.2               0               0
          19.22               0               0
          19.24               0               0
          19.26               0               0
          19.28               0               0
           19.3               0               0
          19.32               0               0
          19.34               0               0
          19.36               0               0
          19.38               0               0
           19.4               0               0
          19.42               0               0
          19.44               0               0
          19.46               0               0
          19.48               0               0
           19.5               0               0
          19.52               0               0
          19.54               0               0
          19.56               0               0
          19.58               0               0
           19.6               0               0
          19.62               0               0
          19.64               0               0
          19.66               0               0
          19.68               0               0
           19.7               0               0
          19.72               0               0
          19.74               0               0
          19.76               0               0
          19.78               0               0
           19.8               0               0
          19.82               0               0
          19.84               0               0
          19.86               0               0
          19.88               0               0
           19.9               0               0
          19.92               0               0
          19.94               0               0
          19.96               0               0
          19.98               0               0
             20               0               0
          20.02               0               0

AFlux_Sample  1000  20
              0               0               0
           0.02      3.2682e-07     7.63426e-11
           0.04     2.82802e-07     5.19068e-11
           0.06     2.57845e-07     4.15545e-11
           0.08     2.39344e-07     3.50742e-11
            0.1     2.24523e-07     3.04067e-11
           0.12     2.12231e-07     2.67722e-11
           0.14      2.0185e-07     2.37875e-11
           0.16     1.92979e-07     2.12428e-11
           0.18     1.85395e-07     1.90308e-11
            0.2     1.78879e-07     1.70548e-11
           0.22     1.73294e-07     1.52822e-11
           0.24     1.68518e-07     1.36754e-11
           0.26     1.64463e-07     1.22195e-11
           0.28     1.61024e-07      1.0893e-11
            0.3     1.58143e-07     9.69544e-12
           0.32     1.55738e-07      8.6127e-12
           0.34     1.53753e-07     7.64331e-12
           0.36     1.52122e-07     6.77834e-12
           0.38     1.50797e-07     6.01581e-12
            0.4     1.49732e-07      5.3503e-12
           0.42     1.48884e-07     4.77739e-12
           0.44     1.48222e-07     4.29647e-12
           0.46     1.47711e-07      3.9005e-12
           0.48     1.47323e-07     3.58199e-12
            0.5     1.47032e-07     3.33293e-12
           0.52      1.4682e-07     3.14535e-12
           0.54      1.4667e-07     3.00999e-12
           0.56     1.46567e-07     2.91686e-12
           0.58     1.46501e-07     2.85671e-12
            0.6      1.4646e-07     2.82063e-12
           0.62     1.46439e-07     2.80218e-12
           0.64     1.46431e-07     2.79563e-12
           0.66     1.46432e-07     2.79687e-12
           0.68     1.46438e-07     2.80282e-12
            0.7     1.46448e-07      2.8114e-12
           0.72     1.46459e-07     2.82102e-12
           0.74     1.46471e-07     2.83087e-12
           0.76     1.46482e-07     2.84018e-12
           0.78     1.46492e-07     2.84894e-12
            0.8     1.46501e-07     2.85668e-12
           0.82      1.4651e-07     2.86339e-12
           0.84     1.46516e-07     2.86915e-12
           0.86     1.46522e-07     2.87402e-12
           0.88     1.46527e-07      2.8779e-12
            0.9     1.46531e-07     2.88109e-12
           0.92     1.46534e-07     2.88375e-12
           0.94     1.46536e-07     2.88596e-12
           0.96     1.46538e-07     2.88767e-12
           0.98      1.4654e-07     2.88902e-12
              1     1.46541e-07     2.89006e-12
           1.02     1.46542e-07     2.89085e-12
           1.04     1.46543e-07     2.89144e-12
           1.06     1.46543e-07     2.89192e-12
           1.08     1.46543e-07     2.89229e-12
            1.1     1.46544e-07     2.89253e-12
           1.12     1.46544e-07     2.89274e-12
           1.14     1.46544e-07     2.89293e-12
           1.16     1.46544e-07     2.89308e-12
           1.18     1.46544e-07     2.89323e-12
            1.2     1.46545e-07     2.89329e-12
           1.22     1.46545e-07     2.89334e-12
           1.24     1.46545e-07      2.8934e-12
           1.26     1.46545e-07     2.89343e-12
           1.28     1.46545e-07      2.8935e-12
            1.3     1.46545e-07     2.89353e-12
           1.32     1.46545e-07     2.89358e-12
           1.34     1.46545e-07     2.89359e-12
           1.36     1.46545e-07     2.89363e-12
           1.38     1.46545e-07     2.89366e-12
            1.4     1.46545e-07      2.8937e-12
           1.42     1.46545e-07     2.89374e-12
           1.44     1.46545e-07     2.89376e-12
           1.46     1.46545e-07     2.89381e-12
           1.48     1.46545e-07     2.89386e-12
            1.5     1.46546e-07      2.8939e-12
           1.52     1.46546e-07     2.89394e-12
           1.54     1.46546e-07     2.89399e-12
           1.56     1.46546e-07     2.89402e-12
           1.58     1.46546e-07      2.8941e-12
            1.6     1.46546e-07     2.89414e-12
           1.62     1.46546e-07     2.89419e-12
           1.64     1.46546e-07     2.89424e-12
           1.66     1.46546e-07     2.89426e-12
           1.68     1.46546e-07      2.8943e-12
            1.7     1.46546e-07     2.89435e-12
           1.72     1.46546e-07     2.89443e-12
           1.74     1.46546e-07     2.89449e-12
           1.76     1.46546e-07     2.89454e-12
           1.78     1.46547e-07     2.89459e-12
            1.8     1.46547e-07     2.89465e-12
           1.82     1.46547e-07     2.89472e-12
           1.84     1.46547e-07     2.89476e-12
           1.86     1.46547e-07     2.89482e-12
           1.88     1.46547e-07     2.89488e-12
            1.9     1.46547e-07     2.89492e-12
           1.92     1.46547e-07     2.89501e-12
           1.94     1.46547e-07     2.89508e-12
           1.96     1.46547e-07     2.89515e-12
           1.98     1.46547e-07     2.89522e-12
              2     1.46547e-07     2.89531e-12
           2.02     1.46547e-07     2.89538e-12
           2.04     1.46548e-07     2.89547e-12
           2.06     1.46548e-07     2.89557e-12
           2.08     1.46548e-07     2.89566e-12
            2.1     1.46548e-07     2.89575e-12
           2.12     1.46548e-07     2.89585e-12
           2.14     1.46548e-07     2.89592e-12
           2.16     1.46548e-07     2.89598e-12
           2.18     1.46548e-07     2.89612e-12
            2.2     1.46548e-07      2.8962e-12
           2.22     1.46548e-07     2.89629e-12
           2.24     1.46549e-07     2.89641e-12
           2.26     1.46549e-07     2.89651e-12
           2.28     1.46549e-07     2.89664e-12
            2.3     1.46549e-07     2.89679e-12
           2.32     1.46549e-07     2.89687e-12
           2.34     1.46549e-07     2.89696e-12
           2.36     1.46549e-07     2.89709e-12
           2.38     1.46549e-07     2.89717e-12
            2.4     1.46549e-07     2.89728e-12
           2.42     1.46549e-07     2.89742e-12
           2.44      1.4655e-07     2.89756e-12
           2.46      1.4655e-07     2.89772e-12
           2.48      1.4655e-07     2.89786e-12
            2.5      1.4655e-07     2.89801e-12
           2.52      1.4655e-07     2.89817e-12
           2.54      1.4655e-07     2.89831e-12
           2.56      1.4655e-07     2.89847e-12
           2.58      1.4655e-07     2.89863e-12
            2.6     1.46551e-07     2.89881e-12
           2.62     1.46551e-07     2.89915e-12
           2.64     1.46551e-07     2.89984e-12
           2.66     1.46552e-07     2.90093e-12
           2.68     1.46554e-07       2.903e-12
            2.7     1.46558e-07      2.9068e-12
           2.72     1.46565e-07      2.9143e-12
           2.74     1.46577e-07     2.92788e-12
           2.76     1.46598e-07     2.95185e-12
           2.78     1.46636e-07     2.99411e-12
            2.8     1.46699e-07      3.0652e-12
           2.82     1.46803e-07     3.17937e-12
           2.84     1.46971e-07     3.35747e-12
           2.86     1.47234e-07      3.6212e-12
           2.88     1.47632e-07     3.99036e-12
            2.9     1.48219e-07     4.47933e-12
           2.92      1.4906e-07     5.09665e-12
           2.94     1.50229e-07     5.84016e-12
           2.96     1.51809e-07       6.695e-12
           2.98     1.53894e-07     7.64629e-12
              3     1.56551e-07     8.65711e-12
           3.02     1.59838e-07     9.68308e-12
           3.04     1.63801e-07     1.06829e-11
           3.06     1.68426e-07     1.15985e-11
           3.08      1.7366e-07     1.23784e-11
            3.1      1.7941e-07     1.29718e-11
           3.12     1.85535e-07      1.3338e-11
           3.14     1.91864e-07     1.34529e-11
           3.16     1.98208e-07     1.33046e-11
           3.18      2.0438e-07     1.29013e-11
            3.2     2.10189e-07     1.22692e-11
           3.22     2.15485e-07     1.14487e-11
           3.24     2.20164e-07     1.04921e-11
           3.26     2.24171e-07     9.45212e-12
           3.28     2.27496e-07     8.38943e-12
            3.3     2.30167e-07     7.35289e-12
           3.32     2.32248e-07     6.38565e-12
           3.34     2.33812e-07     5.52862e-12
           3.36     2.34952e-07     4.80143e-12
           3.38     2.35757e-07     4.21677e-12
            3.4     2.36305e-07     3.77336e-12
           3.42     2.36667e-07     3.45754e-12
           3.44     2.36897e-07     3.24694e-12
           3.46     2.37041e-07     3.11157e-12
           3.48     2.37126e-07     3.03209e-12
            3.5     2.37176e-07      2.9871e-12
           3.52     2.37203e-07     2.96323e-12
           3.54     2.37218e-07     2.94973e-12
           3.56     2.37227e-07     2.94298e-12
           3.58     2.37231e-07     2.93952e-12
            3.6     2.37233e-07      2.9379e-12
           3.62     2.37234e-07     2.93727e-12
           3.64     2.37235e-07     2.93674e-12
           3.66     2.37235e-07      2.9365e-12
           3.68     2.37235e-07     2.93638e-12
            3.7     2.37235e-07     2.93624e-12
           3.72     2.37235e-07     2.93611e-12
           3.74     2.37236e-07       2.936e-12
           3.76     2.37236e-07     2.93586e-12
           3.78     2.37236e-07     2.93578e-12
            3.8     2.37236e-07     2.93561e-12
           3.82     2.37236e-07     2.93552e-12
           3.84     2.37236e-07     2.93541e-12
           3.86     2.37236e-07     2.93527e-12
           3.88     2.37237e-07     2.93517e-12
            3.9     2.37237e-07     2.93511e-12
           3.92     2.37237e-07       2.935e-12
           3.94     2.37237e-07     2.93492e-12
           3.96     2.37237e-07     2.93479e-12
           3.98     2.37237e-07      2.9347e-12
              4     2.37237e-07     2.93458e-12
           4.02     2.37238e-07     2.93447e-12
           4.04     2.37238e-07     2.93438e-12
           4.06     2.37238e-07     2.93429e-12
           4.08     2.37238e-07     2.93418e-12
            4.1     2.37238e-07     2.93416e-12
           4.12     2.37238e-07     2.93408e-12
           4.14     2.37239e-07     2.93395e-12
           4.16     2.37239e-07     2.93386e-12
           4.18     2.37239e-07     2.93379e-12
            4.2     2.37239e-07      2.9337e-12
           4.22     2.37239e-07     2.93363e-12
           4.24     2.37239e-07     2.93359e-12
           4.26      2.3724e-07     2.93353e-12
           4.28      2.3724e-07     2.93346e-12
            4.3      2.3724e-07      2.9334e-12
           4.32      2.3724e-07     2.93335e-12
           4.34      2.3724e-07     2.93334e-12
           4.36      2.3724e-07     2.93332e-12
           4.38      2.3724e-07     2.93328e-12
            4.4     2.37241e-07     2.93323e-12
           4.42     2.37241e-07     2.93322e-12
           4.44     2.37241e-07     2.93321e-12
           4.46     2.37241e-07     2.93321e-12
           4.48     2.37241e-07     2.93317e-12
            4.5     2.37241e-07     2.93317e-12
           4.52     2.37241e-07     2.93316e-12
           4.54     2.37242e-07     2.93313e-12
           4.56     2.37242e-07     2.93314e-12
           4.58     2.37242e-07     2.93313e-12
            4.6     2.37242e-07     2.93313e-12
           4.62     2.37242e-07     2.93314e-12
           4.64     2.37242e-07     2.93315e-12
           4.66     2.37242e-07     2.93318e-12
           4.68     2.37242e-07      2.9332e-12
            4.7     2.37243e-07     2.93324e-12
           4.72     2.37243e-07     2.93323e-12
           4.74     2.37243e-07     2.93328e-12
           4.76     2.37243e-07     2.93333e-12
           4.78     2.37243e-07     2.93336e-12
            4.8     2.37243e-07      2.9334e-12
           4.82     2.37244e-07     2.93344e-12
           4.84     2.37244e-07     2.93351e-12
           4.86     2.37244e-07     2.93357e-12
           4.88     2.37244e-07     2.93362e-12
            4.9     2.37244e-07     2.93366e-12
           4.92     2.37244e-07      2.9337e-12
           4.94     2.37244e-07     2.93375e-12
           4.96     2.37245e-07     2.93383e-12
           4.98     2.37245e-07      2.9339e-12
              5     2.37245e-07     2.93394e-12
           5.02     2.37245e-07     2.93399e-12
           5.04     2.37245e-07      2.9341e-12
           5.06     2.37245e-07     2.93415e-12
           5.08     2.37245e-07     2.93425e-12
            5.1     2.37246e-07     2.93436e-12
           5.12     2.37246e-07     2.93449e-12
           5.14     2.37246e-07      2.9346e-12
           5.16     2.37246e-07     2.93472e-12
           5.18     2.37246e-07     2.93484e-12
            5.2     2.37246e-07     2.93494e-12
           5.22     2.37246e-07     2.93501e-12
           5.24     2.37247e-07     2.93512e-12
           5.26     2.37247e-07     2.93529e-12
           5.28     2.37247e-07     2.93546e-12
            5.3     2.37247e-07     2.93563e-12
           5.32     2.37248e-07     2.93598e-12
           5.34     2.37249e-07     2.93678e-12
           5.36     2.37253e-07     2.93896e-12
           5.38     2.37262e-07     2.94428e-12
            5.4     2.37285e-07     2.95838e-12
           5.42     2.37336e-07     2.99195e-12
           5.44     2.37444e-07     3.06691e-12
           5.46     2.37659e-07     3.21824e-12
           5.48     2.38067e-07     3.49909e-12
            5.5      2.3879e-07     3.96488e-12
           5.52     2.39996e-07     4.65122e-12
           5.54     2.41877e-07     5.55288e-12
           5.56     2.44645e-07     6.62454e-12
           5.58     2.48471e-07     7.78107e-12
            5.6     2.53445e-07     8.90573e-12
           5.62     2.59514e-07     9.86895e-12
           5.64     2.66474e-07      1.0543e-11
           5.66     2.73968e-07     1.08403e-11
           5.68     2.81555e-07     1.07169e-11
            5.7     2.88772e-07     1.01947e-11
           5.72      2.9522e-07     9.34973e-12
           5.74     3.00613e-07     8.30813e-12
           5.76     3.04849e-07     7.19987e-12
           5.78     3.07993e-07     6.14979e-12
            5.8     3.10171e-07     5.26155e-12
           5.82     3.11585e-07     4.58938e-12
           5.84     3.12451e-07     4.13657e-12
           5.86     3.12946e-07     3.86821e-12
           5.88     3.13214e-07     3.72392e-12
            5.9      3.1335e-07     3.65469e-12
           5.92     3.13415e-07     3.62345e-12
           5.94     3.13443e-07     3.61144e-12
           5.96     3.13456e-07     3.60659e-12
           5.98     3.13461e-07     3.60473e-12
              6     3.13462e-07     3.60409e-12
           6.02     3.13463e-07     3.60374e-12
           6.04     3.13464e-07     3.60354e-12
           6.06     3.13464e-07     3.60327e-12
           6.08     3.13464e-07     3.60299e-12
            6.1     3.13464e-07     3.60266e-12
           6.12     3.13464e-07     3.60253e-12
           6.14     3.13464e-07     3.60245e-12
           6.16     3.13465e-07     3.60232e-12
           6.18     3.13465e-07     3.60204e-12
            6.2     3.13465e-07     3.60187e-12
           6.22     3.13465e-07     3.60172e-12
           6.24     3.13465e-07      3.6016e-12
           6.26     3.13465e-07     3.60132e-12
           6.28     3.13465e-07     3.60116e-12
            6.3     3.13466e-07     3.60087e-12
           6.32     3.13466e-07     3.60076e-12
           6.34     3.13466e-07     3.60072e-12
           6.36     3.13466e-07     3.60065e-12
           6.38     3.13466e-07     3.60043e-12
            6.4     3.13466e-07     3.60022e-12
           6.42     3.13466e-07     3.60003e-12
           6.44     3.13466e-07     3.59965e-12
           6.46     3.13467e-07     3.59959e-12
           6.48     3.13467e-07     3.59943e-12
            6.5     3.13467e-07      3.5994e-12
           6.52     3.13467e-07     3.59911e-12
           6.54     3.13467e-07     3.59894e-12
           6.56     3.13467e-07     3.59889e-12
           6.58     3.13467e-07      3.5986e-12
            6.6     3.13468e-07      3.5985e-12
           6.62     3.13468e-07     3.59845e-12
           6.64     3.13468e-07     3.59841e-12
           6.66     3.13468e-07     3.59828e-12
           6.68     3.13468e-07     3.59805e-12
            6.7     3.13468e-07     3.59788e-12
           6.72     3.13468e-07     3.59766e-12
           6.74     3.13468e-07      3.5975e-12
           6.76     3.13469e-07     3.59713e-12
           6.78     3.13469e-07     3.59667e-12
            6.8     3.13469e-07     3.59659e-12
           6.82     3.13469e-07     3.59649e-12
           6.84     3.13469e-07     3.59639e-12
           6.86     3.13469e-07     3.59637e-12
           6.88     3.13469e-07     3.59624e-12
            6.9     3.13469e-07     3.59603e-12
           6.92      3.1347e-07      3.5958e-12
           6.94      3.1347e-07     3.59567e-12
           6.96      3.1347e-07     3.59555e-12
           6.98      3.1347e-07     3.59547e-12
              7      3.1347e-07     3.59512e-12
           7.02      3.1347e-07      3.5949e-12
           7.04      3.1347e-07     3.59465e-12
           7.06      3.1347e-07     3.59462e-12
           7.08     3.13471e-07     3.59468e-12
            7.1     3.13471e-07     3.59458e-12
           7.12     3.13471e-07     3.59453e-12
           7.14     3.13471e-07     3.59438e-12
           7.16     3.13471e-07     3.59422e-12
           7.18     3.13471e-07       3.594e-12
            7.2     3.13471e-07     3.59384e-12
           7.22     3.13471e-07     3.59386e-12
           7.24     3.13471e-07     3.59368e-12
           7.26     3.13472e-07     3.59368e-12
           7.28     3.13472e-07     3.59362e-12
            7.3     3.13472e-07     3.59354e-12
           7.32     3.13472e-07     3.59362e-12
           7.34     3.13472e-07     3.59368e-12
           7.36     3.13472e-07     3.59352e-12
           7.38     3.13472e-07     3.59356e-12
            7.4     3.13472e-07     3.59361e-12
           7.42     3.13472e-07     3.59371e-12
           7.44     3.13472e-07     3.59356e-12
           7.46     3.13473e-07     3.59342e-12
           7.48     3.13473e-07     3.59333e-12
            7.5     3.13473e-07     3.59336e-12
           7.52     3.13473e-07     3.59344e-12
           7.54     3.13473e-07     3.59324e-12
           7.56     3.13473e-07     3.59331e-12
           7.58     3.13473e-07     3.59349e-12
            7.6     3.13473e-07     3.59321e-12
           7.62     3.13473e-07     3.59328e-12
           7.64     3.13473e-07     3.59317e-12
           7.66     3.13473e-07     3.59323e-12
           7.68     3.13474e-07     3.59347e-12
            7.7     3.13476e-07     3.59404e-12
           7.72     3.13485e-07     3.59614e-12
           7.74      3.1352e-07     3.60685e-12
           7.76      3.1363e-07     3.64539e-12
           7.78     3.13947e-07     3.77145e-12
            7.8     3.14739e-07     4.10277e-12
           7.82     3.16453e-07     4.78242e-12
           7.84     3.19664e-07     5.84633e-12
           7.86     3.24905e-07     7.13406e-12
           7.88     3.32334e-07     8.31401e-12
            7.9     3.41498e-07     9.02164e-12
           7.92      3.5132e-07     9.02775e-12
           7.94     3.60458e-07      8.3455e-12
           7.96      3.6786e-07     7.22807e-12
           7.98     3.73081e-07     6.05346e-12
              8     3.76275e-07     5.14246e-12
           8.02     3.77978e-07     4.61193e-12
           8.04     3.78767e-07     4.38032e-12
           8.06     3.79085e-07     4.29993e-12
           8.08     3.79198e-07     4.27142e-12
            8.1     3.79235e-07     4.26027e-12
           8.12     3.79246e-07     4.24812e-12
           8.14     3.79251e-07     4.23758e-12
           8.16     3.79253e-07     4.22836e-12
           8.18     3.79256e-07     4.21646e-12
            8.2     3.79259e-07     4.20532e-12
           8.22     3.79261e-07     4.19456e-12
           8.24     3.79264e-07     4.18355e-12
           8.26     3.79266e-07     4.17236e-12
           8.28     3.79269e-07     4.16233e-12
            8.3     3.79271e-07     4.15254e-12
           8.32     3.79273e-07     4.14062e-12
           8.34     3.79276e-07     4.13164e-12
           8.36     3.79278e-07     4.12007e-12
           8.38      3.7928e-07     4.10945e-12
            8.4     3.79283e-07     4.09805e-12
           8.42     3.79285e-07     4.08807e-12
           8.44     3.79288e-07     4.07784e-12
           8.46      3.7929e-07     4.06699e-12
           8.48     3.79292e-07     4.05639e-12
            8.5     3.79295e-07     4.04548e-12
           8.52     3.79298e-07     4.03293e-12
           8.54       3.793e-07     4.02357e-12
           8.56     3.79302e-07     4.01319e-12
           8.58     3.79304e-07     4.00111e-12
            8.6     3.79307e-07     3.98963e-12
           8.62     3.79309e-07     3.97993e-12
           8.64     3.79312e-07     3.96868e-12
           8.66     3.79314e-07     3.95738e-12
           8.68     3.79316e-07      3.9466e-12
            8.7     3.79319e-07     3.93196e-12
           8.72     3.79322e-07     3.92079e-12
           8.74     3.79325e-07     3.90858e-12
           8.76     3.79328e-07     3.89377e-12
           8.78      3.7933e-07     3.88202e-12
            8.8     3.79332e-07     3.87269e-12
           8.82     3.79335e-07     3.86132e-12
           8.84     3.79338e-07      3.8472e-12
           8.86      3.7934e-07     3.83588e-12
           8.88     3.79343e-07     3.82384e-12
            8.9     3.79345e-07     3.81225e-12
           8.92     3.79347e-07     3.80098e-12
           8.94      3.7935e-07     3.78616e-12
           8.96     3.79354e-07       3.771e-12
           8.98     3.79357e-07     3.75723e-12
              9     3.79359e-07     3.74469e-12
           9.02     3.79362e-07     3.73143e-12
           9.04     3.79365e-07     3.71814e-12
           9.06     3.79367e-07     3.70868e-12
           9.08     3.79369e-07     3.69633e-12
            9.1     3.79372e-07     3.68247e-12
           9.12     3.79375e-07     3.66969e-12
           9.14     3.79377e-07     3.65633e-12
           9.16      3.7938e-07     3.64401e-12
           9.18     3.79383e-07     3.62937e-12
            9.2     3.79385e-07      3.6164e-12
           9.22     3.79388e-07     3.60395e-12
           9.24     3.79391e-07     3.58987e-12
           9.26     3.79394e-07     3.57427e-12
           9.28     3.79397e-07     3.56133e-12
            9.3     3.79399e-07     3.54953e-12
           9.32     3.79401e-07     3.53689e-12
           9.34     3.79403e-07     3.52562e-12
           9.36     3.79406e-07     3.51464e-12
           9.38     3.79408e-07     3.50351e-12
            9.4      3.7941e-07     3.49422e-12
           9.42     3.79411e-07     3.48629e-12
           9.44     3.79413e-07     3.47684e-12
           9.46     3.79415e-07     3.46738e-12
           9.48     3.79416e-07     3.45991e-12
            9.5     3.79418e-07     3.45067e-12
           9.52      3.7942e-07     3.44127e-12
           9.54     3.79421e-07     3.43499e-12
           9.56     3.79423e-07     3.42397e-12
           9.58     3.79425e-07     3.41509e-12
            9.6     3.79426e-07     3.40812e-12
           9.62     3.79428e-07     3.40047e-12
           9.64     3.79429e-07     3.39467e-12
           9.66      3.7943e-07     3.38827e-12
           9.68     3.79431e-07      3.3803e-12
            9.7     3.79433e-07     3.37328e-12
           9.72     3.79434e-07     3.36778e-12
           9.74     3.79435e-07     3.36068e-12
           9.76     3.79436e-07     3.35467e-12
           9.78     3.79438e-07      3.3488e-12
            9.8     3.79438e-07     3.34458e-12
           9.82     3.79439e-07     3.33966e-12
           9.84      3.7944e-07     3.33441e-12
           9.86     3.79441e-07     3.33001e-12
           9.88     3.79442e-07     3.32775e-12
            9.9     3.79442e-07     3.32555e-12
           9.92     3.79442e-07     3.32311e-12
           9.94     3.79443e-07     3.32132e-12
           9.96     3.79443e-07     3.32012e-12
           9.98     3.79443e-07      3.3191e-12
             10     3.79443e-07     3.31916e-12
          10.02               0               0
          10.04               0               0
          10.06               0               0
          10.08               0               0
           10.1               0               0
          10.12               0               0
          10.14               0               0
          10.16               0               0
          10.18               0               0
           10.2               0               0
          10.22               0               0
          10.24               0               0
          10.26               0               0
          10.28               0               0
           10.3               0               0
          10.32               0               0
          10.34               0               0
          10.36               0               0
          10.38               0               0
           10.4               0               0
          10.42               0               0
          10.44               0               0
          10.46               0               0
          10.48               0               0
           10.5               0               0
          10.52               0               0
          10.54               0               0
          10.56               0               0
          10.58               0               0
           10.6               0               0
          10.62               0               0
          10.64               0               0
          10.66               0               0
          10.68               0               0
           10.7               0               0
          10.72               0               0
          10.74               0               0
          10.76               0               0
          10.78               0               0
           10.8               0               0
          10.82               0               0
          10.84               0               0
          10.86               0               0
          10.88               0               0
           10.9               0               0
          10.92               0               0
          10.94               0               0
          10.96               0               0
          10.98               0               0
             11               0               0
          11.02               0               0
          11.04               0               0
          11.06               0               0
          11.08               0               0
           11.1               0               0
          11.12               0               0
          11.14               0               0
          11.16               0               0
          11.18               0               0
           11.2               0               0
          11.22               0               0
          11.24               0               0
          11.26               0               0
          11.28               0               0
           11.3               0               0
          11.32               0               0
          11.34               0               0
          11.36               0               0
          11.38               0               0
           11.4               0               0
          11.42               0               0
          11.44               0               0
          11.46               0               0
          11.48               0               0
           11.5               0               0
          11.52               0               0
          11.54               0               0
          11.56               0               0
          11.58               0               0
           11.6               0               0
          11.62               0               0
          11.64               0               0
          11.66               0               0
          11.68               0               0
           11.7               0               0
          11.72               0               0
          11.74               0               0
          11.76               0               0
          11.78               0               0
           11.8               0               0
          11.82               0               0
          11.84               0               0
          11.86               0               0
          11.88               0               0
           11.9               0               0
          11.92               0               0
          11.94               0               0
          11.96               0               0
          11.98               0               0
             12               0               0
          12.02               0               0
          12.04               0               0
          12.06               0               0
          12.08               0               0
           12.1               0               0
          12.12               0               0
          12.14               0               0
          12.16               0               0
          12.18               0               0
           12.2               0               0
          12.22               0               0
          12.24               0               0
          12.26               0               0
          12.28               0               0
           12.3               0               0
          12.32               0               0
          12.34               0               0
          12.36               0               0
          12.38               0               0
           12.4               0               0
          12.42               0               0
          12.44               0               0
          12.46               0               0
          12.48               0               0
           12.5               0               0
          12.52               0               0
          12.54               0               0
          12.56               0               0
          12.58               0               0
           12.6               0               0
          12.62               0               0
          12.64               0               0
          12.66               0               0
          12.68               0               0
           12.7               0               0
          12.72               0               0
          12.74               0               0
          12.76               0               0
          12.78               0               0
           12.8               0               0
          12.82               0               0
          12.84               0               0
          12.86               0               0
          12.88               0               0
           12.9               0               0
          12.92               0               0
          12.94               0               0
          12.96               0               0
          12.98               0               0
             13               0               0
          13.02               0               0
          13.04               0               0
          13.06               0               0
          13.08               0               0
           13.1               0               0
          13.12               0               0
          13.14               0               0
          13.16               0               0
          13.18               0               0
           13.2               0               0
          13.22               0               0
          13.24               0               0
          13.26               0               0
          13.28               0               0
           13.3               0               0
          13.32               0               0
          13.34               0               0
          13.36               0               0
          13.38               0               0
           13.4               0               0
          13.42               0               0
          13.44               0               0
          13.46               0               0
          13.48               0               0
           13.5               0               0
          13.52               0               0
          13.54               0               0
          13.56               0               0
          13.58               0               0
           13.6               0               0
          13.62               0               0
          13.64               0               0
          13.66               0               0
          13.68               0               0
           13.7               0               0
          13.72               0               0
          13.74               0               0
          13.76               0               0
          13.78               0               0
           13.8               0               0
          13.82               0               0
          13.84               0               0
          13.86               0               0
          13.88               0               0
           13.9               0               0
          13.92               0               0
          13.94               0               0
          13.96               0               0
          13.98               0               0
             14               0               0
          14.02               0               0
          14.04               0               0
          14.06               0               0
          14.08               0               0
           14.1               0               0
          14.12               0               0
          14.14               0               0
          14.16               0               0
          14.18               0               0
           14.2               0               0
          14.22               0               0
          14.24               0               0
          14.26               0               0
          14.28               0               0
           14.3               0               0
          14.32               0               0
          14.34               0               0
          14.36               0               0
          14.38               0               0
           14.4               0               0
          14.42               0               0
          14.44               0               0
          14.46               0               0
          14.48               0               0
           14.5               0               0
          14.52               0               0
          14.54               0               0
          14.56               0               0
          14.58               0               0
           14.6               0               0
          14.62               0               0
          14.64               0               0
          14.66               0               0
          14.68               0               0
           14.7               0               0
          14.72               0               0
          14.74               0               0
          14.76               0               0
          14.78               0               0
           14.8               0               0
          14.82               0               0
          14.84               0               0
          14.86               0               0
          14.88               0               0
           14.9               0               0
          14.92               0               0
          14.94               0               0
          14.96               0               0
          14.98               0               0
             15               0               0
          15.02               0               0
          15.04               0               0
          15.06               0               0
          15.08               0               0
           15.1               0               0
          15.12               0               0
          15.14               0               0
          15.16               0               0
          15.18               0               0
           15.2               0               0
          15.22               0               0
          15.24               0               0
          15.26               0               0
          15.28               0               0
           15.3               0               0
          15.32               0               0
          15.34               0               0
          15.36               0               0
          15.38               0               0
           15.4               0               0
          15.42               0               0
          15.44               0               0
          15.46               0               0
          15.48               0               0
           15.5               0               0
          15.52               0               0
          15.54               0               0
          15.56               0               0
          15.58               0               0
           15.6               0               0
          15.62               0               0
          15.64               0               0
          15.66               0               0
          15.68               0               0
           15.7               0               0
          15.72               0               0
          15.74               0               0
          15.76               0               0
          15.78               0               0
           15.8               0               0
          15.82               0               0
          15.84               0               0
          15.86               0               0
          15.88               0               0
           15.9               0               0
          15.92               0               0
          15.94               0               0
          15.96               0               0
          15.98               0               0
             16               0               0
          16.02               0               0
          16.04               0               0
          16.06               0               0
          16.08               0               0
           16.1               0               0
          16.12               0               0
          16.14               0               0
          16.16               0               0
          16.18               0               0
           16.2               0               0
          16.22               0               0
          16.24               0               0
          16.26               0               0
          16.28               0               0
           16.3               0               0
          16.32               0               0
          16.34               0               0
          16.36               0               0
          16.38               0               0
           16.4               0               0
          16.42               0               0
          16.44               0               0
          16.46               0               0
          16.48               0               0
           16.5               0               0
          16.52               0               0
          16.54               0               0
          16.56               0               0
          16.58               0               0
           16.6               0               0
          16.62               0               0
          16.64               0               0
          16.66               0               0
          16.68               0               0
           16.7               0               0
          16.72               0               0
          16.74               0               0
          16.76               0               0
          16.78               0               0
           16.8               0               0
          16.82               0               0
          16.84               0               0
          16.86               0               0
          16.88               0               0
           16.9               0               0
          16.92               0               0
          16.94               0               0
          16.96               0               0
          16.98               0               0
             17               0               0
          17.02               0               0
          17.04               0               0
          17.06               0               0
          17.08               0               0
           17.1               0               0
          17.12               0               0
          17.14               0               0
          17.16               0               0
          17.18               0               0
           17.2               0               0
          17.22               0               0
          17.24               0               0
          17.26               0               0
          17.28               0               0
           17.3               0               0
          17.32               0               0
          17.34               0               0
          17.36               0               0
          17.38               0               0
           17.4               0               0
          17.42               0               0
          17.44               0               0
          17.46               0               0
          17.48               0               0
           17.5               0               0
          17.52               0               0
          17.54               0               0
          17.56               0               0
          17.58               0               0
           17.6               0               0
          17.62               0               0
          17.64               0               0
          17.66               0               0
          17.68               0               0
           17.7               0               0
          17.72               0               0
          17.74               0               0
          17.76               0               0
          17.78               0               0
           17.8               0               0
          17.82               0               0
          17.84               0               0
          17.86               0               0
          17.88               0               0
           17.9               0               0
          17.92               0               0
          17.94               0               0
          17.96               0               0
          17.98               0               0
             18               0               0
          18.02               0               0
          18.04               0               0
          18.06               0               0
          18.08               0               0
           18.1               0               0
          18.12               0               0
          18.14               0               0
          18.16               0               0
          18.18               0               0
           18.2               0               0
          18.22               0               0
          18.24               0               0
          18.26               0               0
          18.28               0               0
           18.3               0               0
          18.32               0               0
          18.34               0               0
          18.36               0               0
          18.38               0               0
           18.4               0               0
          18.42               0               0
          18.44               0               0
          18.46               0               0
          18.48               0               0
           18.5               0               0
          18.52               0               0
          18.54               0               0
          18.56               0               0
          18.58               0               0
           18.6               0               0
          18.62               0               0
          18.64               0               0
          18.66               0               0
          18.68               0               0
           18.7               0               0
          18.72               0               0
          18.74               0               0
          18.76               0               0
          18.78               0               0
           18.8               0               0
          18.82               0               0
          18.84               0               0
          18.86               0               0
          18.88               0               0
           18.9               0               0
          18.92               0               0
          18.94               0               0
          18.96               0               0
          18.98               0               0
             19               0               0
          19.02               0               0
          19.04               0               0
          19.06               0               0
          19.08               0               0
           19.1               0               0
          19.12               0               0
          19.14               0               0
          19.16               0               0
          19.18               0               0
           19.2               0               0
          19.22               0               0
          19.24               0               0
          19.26               0               0
          19.28               0               0
           19.3               0               0
          19.32               0               0
          19.34               0               0
          19.36               0               0
          19.38               0               0
           19.4               0               0
          19.42               0               0
          19.44               0               0
          19.46               0               0
          19.48               0               0
           19.5               0               0
          19.52               0               0
          19.54               0               0
          19.56               0               0
          19.58               0               0
           19.6               0               0
          19.62               0               0
          19.64               0               0
          19.66               0               0
          19.68               0               0
           19.7               0               0
          19.72               0               0
          19.74               0               0
          19.76               0               0
          19.78               0               0
           19.8               0               0
          19.82               0               0
          19.84               0               0
          19.86               0               0
          19.88               0               0
           19.9               0               0
          19.92               0               0
          19.94               0               0
          19.96               0               0
          19.98               0               0
             20               0               0
          20.02               0               0

Source_00  1000  20
              0               0               0
           0.02               0               0
           0.04               0               0
           0.06               0               0
           0.08               0               0
            0.1               0               0
           0.12               0               0
           0.14               0               0
           0.16               0               0
           0.18               0               0
            0.2               0               0
           0.22               0               0
           0.24               0               0
           0.26               0               0
           0.28               0               0
            0.3               0               0
           0.32               0               0
           0.34               0               0
           0.36               0               0
           0.38               0               0
            0.4               0               0
           0.42               0               0
           0.44               0               0
           0.46               0               0
           0.48               0               0
            0.5               0               0
           0.52               0               0
           0.54               0               0
           0.56               0               0
           0.58               0               0
            0.6               0               0
           0.62               0               0
           0.64               0               0
           0.66               0               0
           0.68               0               0
            0.7               0               0
           0.72               0               0
           0.74               0               0
           0.76               0               0
           0.78               0               0
            0.8               0               0
           0.82               0               0
           0.84               0               0
           0.86               0               0
           0.88               0               0
            0.9               0               0
           0.92               0               0
           0.94               0               0
           0.96               0               0
           0.98               0               0
              1               0               0
           1.02               0               0
           1.04               0               0
           1.06               0               0
           1.08               0               0
            1.1               0               0
           1.12               0               0
           1.14               0               0
           1.16               0               0
           1.18               0               0
            1.2               0               0
           1.22               0               0
           1.24               0               0
           1.26               0               0
           1.28               0               0
            1.3               0               0
           1.32               0               0
           1.34               0               0
           1.36               0               0
           1.38               0               0
            1.4               0               0
           1.42               0               0
           1.44               0               0
           1.46               0               0
           1.48               0               0
            1.5               0               0
           1.52               0               0
           1.54               0               0
           1.56               0               0
           1.58               0               0
            1.6               0               0
           1.62               0               0
           1.64               0               0
           1.66               0               0
           1.68               0               0
            1.7               0               0
           1.72               0               0
           1.74               0               0
           1.76               0               0
           1.78               0               0
            1.8               0               0
           1.82               0               0
           1.84               0               0
           1.86               0               0
           1.88               0               0
            1.9               0               0
           1.92               0               0
           1.94               0               0
           1.96               0               0
           1.98               0               0
              2               0               0
           2.02               0               0
           2.04               0               0
           2.06               0               0
           2.08               0               0
            2.1               0               0
           2.12               0               0
           2.14               0               0
           2.16               0               0
           2.18               0               0
            2.2               0               0
           2.22               0               0
           2.24               0               0
           2.26               0               0
           2.28               0               0
            2.3               0               0
           2.32               0               0
           2.34               0               0
           2.36               0               0
           2.38               0               0
            2.4               0               0
           2.42               0               0
           2.44               0               0
           2.46               0               0
           2.48               0               0
            2.5               0               0
           2.52               0               0
           2.54               0               0
           2.56               0               0
           2.58               0               0
            2.6               0               0
           2.62               0               0
           2.64               0               0
           2.66               0               0
           2.68               0               0
            2.7               0               0
           2.72               0               0
           2.74               0               0
           2.76               0               0
           2.78               0               0
            2.8               0               0
           2.82               0               0
           2.84               0               0
           2.86               0               0
           2.88               0               0
            2.9               0               0
           2.92               0               0
           2.94               0               0
           2.96               0               0
           2.98               0               0
              3               0               0
           3.02               0               0
           3.04               0               0
           3.06               0               0
           3.08               0               0
            3.1               0               0
           3.12               0               0
           3.14               0               0
           3.16               0               0
           3.18               0               0
            3.2               0               0
           3.22               0               0
           3.24               0               0
           3.26               0               0
           3.28               0               0
            3.3               0               0
           3.32               0               0
           3.34               0               0
           3.36               0               0
           3.38               0               0
            3.4               0               0
           3.42               0               0
           3.44               0               0
           3.46               0               0
           3.48               0               0
            3.5               0               0
           3.52               0               0
           3.54               0               0
           3.56               0               0
           3.58               0               0
            3.6               0               0
           3.62               0               0
           3.64               0               0
           3.66               0               0
           3.68               0               0
            3.7               0               0
           3.72               0               0
           3.74               0               0
           3.76               0               0
           3.78               0               0
            3.8               0               0
           3.82               0               0
           3.84               0               0
           3.86               0               0
           3.88               0               0
            3.9               0               0
           3.92               0               0
           3.94               0               0
           3.96               0               0
           3.98               0               0
              4               0               0
           4.02               0               0
           4.04               0               0
           4.06               0               0
           4.08               0               0
            4.1               0               0
           4.12               0               0
           4.14               0               0
           4.16               0               0
           4.18               0               0
            4.2               0               0
           4.22               0               0
           4.24               0               0
           4.26               0               0
           4.28               0               0
            4.3               0               0
           4.32               0               0
           4.34               0               0
           4.36               0               0
           4.38               0               0
            4.4               0               0
           4.42               0               0
           4.44               0               0
           4.46               0               0
           4.48               0               0
            4.5               0               0
           4.52               0               0
           4.54               0               0
           4.56               0               0
           4.58               0               0
            4.6               0               0
           4.62               0               0
           4.64               0               0
           4.66               0               0
           4.68               0               0
            4.7               0               0
           4.72               0               0
           4.74               0               0
           4.76               0               0
           4.78               0               0
            4.8               0               0
           4.82               0               0
           4.84               0               0
           4.86               0               0
           4.88               0               0
            4.9               0               0
           4.92               0               0
           4.94               0               0
           4.96               0               0
           4.98               0               0
              5               0               0
           5.02               0               0
           5.04               0               0
           5.06               0               0
           5.08               0               0
            5.1               0               0
           5.12               0               0
           5.14               0               0
           5.16               0               0
           5.18               0               0
            5.2               0               0
           5.22               0               0
           5.24               0               0
           5.26               0               0
           5.28               0               0
            5.3               0               0
           5.32               0               0
           5.34               0               0
           5.36               0               0
           5.38               0               0
            5.4               0               0
           5.42               0               0
           5.44               0               0
           5.46               0               0
           5.48               0               0
            5.5               0               0
           5.52               0               0
           5.54               0               0
           5.56               0               0
           5.58               0               0
            5.6               0               0
           5.62               0               0
           5.64               0               0
           5.66               0               0
           5.68               0               0
            5.7               0               0
           5.72               0               0
           5.74               0               0
           5.76               0               0
           5.78               0               0
            5.8               0               0
           5.82               0               0
           5.84               0               0
           5.86               0               0
           5.88               0               0
            5.9               0               0
           5.92               0               0
           5.94               0               0
           5.96               0               0
           5.98               0               0
              6               0               0
           6.02               0               0
           6.04               0               0
           6.06               0               0
           6.08               0               0
            6.1               0               0
           6.12               0               0
           6.14               0               0
           6.16               0               0
           6.18               0               0
            6.2               0               0
           6.22               0               0
           6.24               0               0
           6.26               0               0
           6.28               0               0
            6.3               0               0
           6.32               0               0
           6.34               0               0
           6.36               0               0
           6.38               0               0
            6.4               0               0
           6.42               0               0
           6.44               0               0
           6.46               0               0
           6.48               0               0
            6.5               0               0
           6.52               0               0
           6.54               0               0
           6.56               0               0
           6.58               0               0
            6.6               0               0
           6.62               0               0
           6.64               0               0
           6.66               0               0
           6.68               0               0
            6.7               0               0
           6.72               0               0
           6.74               0               0
           6.76               0               0
           6.78               0               0
            6.8               0               0
           6.82               0               0
           6.84               0               0
           6.86               0               0
           6.88               0               0
            6.9               0               0
           6.92               0               0
           6.94               0               0
           6.96               0               0
           6.98               0               0
              7               0               0
           7.02               0               0
           7.04               0               0
           7.06               0               0
           7.08               0               0
            7.1               0               0
           7.12               0               0
           7.14               0               0
           7.16               0               0
           7.18               0               0
            7.2               0               0
           7.22               0               0
           7.24               0               0
           7.26               0               0
           7.28               0               0
            7.3               0               0
           7.32               0               0
           7.34               0               0
           7.36               0               0
           7.38               0               0
            7.4               0               0
           7.42               0               0
           7.44               0               0
           7.46               0               0
           7.48               0               0
            7.5               0               0
           7.52               0               0
           7.54               0               0
           7.56               0               0
           7.58               0               0
            7.6               0               0
           7.62               0               0
           7.64               0               0
           7.66               0               0
           7.68               0               0
            7.7               0               0
           7.72               0               0
           7.74               0               0
           7.76               0               0
           7.78               0               0
            7.8               0               0
           7.82               0               0
           7.84               0               0
           7.86               0               0
           7.88               0               0
            7.9               0               0
           7.92               0               0
           7.94               0               0
           7.96               0               0
           7.98               0               0
              8               0               0
           8.02               0               0
           8.04               0               0
           8.06               0               0
           8.08               0               0
            8.1               0               0
           8.12               0               0
           8.14               0               0
           8.16               0               0
           8.18               0               0
            8.2               0               0
           8.22               0               0
           8.24               0               0
           8.26               0               0
           8.28               0               0
            8.3               0               0
           8.32               0               0
           8.34               0               0
           8.36               0               0
           8.38               0               0
            8.4               0               0
           8.42               0               0
           8.44               0               0
           8.46               0               0
           8.48               0               0
            8.5               0               0
           8.52               0               0
           8.54               0               0
           8.56               0               0
           8.58               0               0
            8.6               0               0
           8.62               0               0
           8.64               0               0
           8.66               0               0
           8.68               0               0
            8.7               0               0
           8.72               0               0
           8.74               0               0
           8.76               0               0
           8.78               0               0
            8.8               0               0
           8.82               0               0
           8.84               0               0
           8.86               0               0
           8.88               0               0
            8.9               0               0
           8.92               0               0
           8.94               0               0
           8.96               0               0
           8.98               0               0
              9               0               0
           9.02               0               0
           9.04               0               0
           9.06               0               0
           9.08               0               0
            9.1               0               0
           9.12               0               0
           9.14               0               0
           9.16               0               0
           9.18               0               0
            9.2               0               0
           9.22               0               0
           9.24               0               0
           9.26               0               0
           9.28               0               0
            9.3               0               0
           9.32               0               0
           9.34               0               0
           9.36               0               0
           9.38               0               0
            9.4               0               0
           9.42               0               0
           9.44               0               0
           9.46               0               0
           9.48               0               0
            9.5               0               0
           9.52               0               0
           9.54               0               0
           9.56               0               0
           9.58               0               0
            9.6               0               0
           9.62               0               0
           9.64               0               0
           9.66               0               0
           9.68               0               0
            9.7               0               0
           9.72               0               0
           9.74               0               0
           9.76               0               0
           9.78               0               0
            9.8               0               0
           9.82               0               0
           9.84               0               0
           9.86               0               0
           9.88               0               0
            9.9               0               0
           9.92               0               0
           9.94               0               0
           9.96               0               0
           9.98               0               0
             10               0               0
          10.02               1     0.000316228
          10.04               0               0
          10.06               0               0
          10.08               0               0
           10.1               0               0
          10.12               0               0
          10.14               0               0
          10.16               0               0
          10.18               0               0
           10.2               0               0
          10.22               0               0
          10.24               0               0
          10.26               0               0
          10.28               0               0
           10.3               0               0
          10.32               0               0
          10.34               0               0
          10.36               0               0
          10.38               0               0
           10.4               0               0
          10.42               0               0
          10.44               0               0
          10.46               0               0
          10.48               0               0
           10.5               0               0
          10.52               0               0
          10.54               0               0
          10.56               0               0
          10.58               0               0
           10.6               0               0
          10.62               0               0
          10.64               0               0
          10.66               0               0
          10.68               0               0
           10.7               0               0
          10.72               0               0
          10.74               0               0
          10.76               0               0
          10.78               0               0
           10.8               0               0
          10.82               0               0
          10.84               0               0
          10.86               0               0
          10.88               0               0
           10.9               0               0
          10.92               0               0
          10.94               0               0
          10.96               0               0
          10.98               0               0
             11               0               0
          11.02               0               0
          11.04               0               0
          11.06               0               0
          11.08               0               0
           11.1               0               0
          11.12               0               0
          11.14               0               0
          11.16               0               0
          11.18               0               0
           11.2               0               0
          11.22               0               0
          11.24               0               0
          11.26               0               0
          11.28               0               0
           11.3               0               0
          11.32               0               0
          11.34               0               0
          11.36               0               0
          11.38               0               0
           11.4               0               0
          11.42               0               0
          11.44               0               0
          11.46               0               0
          11.48               0               0
           11.5               0               0
          11.52               0               0
          11.54               0               0
          11.56               0               0
          11.58               0               0
           11.6               0               0
          11.62               0               0
          11.64               0               0
          11.66               0               0
          11.68               0               0
           11.7               0               0
          11.72               0               0
          11.74               0               0
          11.76               0               0
          11.78               0               0
           11.8               0               0
          11.82               0               0
          11.84               0               0
          11.86               0               0
          11.88               0               0
           11.9               0               0
          11.92               0               0
          11.94               0               0
          11.96               0               0
          11.98               0               0
             12               0               0
          12.02               0               0
          12.04               0               0
          12.06               0               0
          12.08               0               0
           12.1               0               0
          12.12               0               0
          12.14               0               0
          12.16               0               0
          12.18               0               0
           12.2               0               0
          12.22               0               0
          12.24               0               0
          12.26               0               0
          12.28               0               0
           12.3               0               0
          12.32               0               0
          12.34               0               0
          12.36               0               0
          12.38               0               0
           12.4               0               0
          12.42               0               0
          12.44               0               0
          12.46               0               0
          12.48               0               0
           12.5               0               0
          12.52               0               0
          12.54               0               0
          12.56               0               0
          12.58               0               0
           12.6               0               0
          12.62               0               0
          12.64               0               0
          12.66               0               0
          12.68               0               0
           12.7               0               0
          12.72               0               0
          12.74               0               0
          12.76               0               0
          12.78               0               0
           12.8               0               0
          12.82               0               0
          12.84               0               0
          12.86               0               0
          12.88               0               0
           12.9               0               0
          12.92               0               0
          12.94               0               0
          12.96               0               0
          12.98               0               0
             13               0               0
          13.02               0               0
          13.04               0               0
          13.06               0               0
          13.08               0               0
           13.1               0               0
          13.12               0               0
          13.14               0               0
          13.16               0               0
          13.18               0               0
           13.2               0               0
          13.22               0               0
          13.24               0               0
          13.26               0               0
          13.28               0               0
           13.3               0               0
          13.32               0               0
          13.34               0               0
          13.36               0               0
          13.38               0               0
           13.4               0               0
          13.42               0               0
          13.44               0               0
          13.46               0               0
          13.48               0               0
           13.5               0               0
          13.52               0               0
          13.54               0               0
          13.56               0               0
          13.58               0               0
           13.6               0               0
          13.62               0               0
          13.64               0               0
          13.66               0               0
          13.68               0               0
           13.7               0               0
          13.72               0               0
          13.74               0               0
          13.76               0               0
          13.78               0               0
           13.8               0               0
          13.82               0               0
          13.84               0               0
          13.86               0               0
          13.88               0               0
           13.9               0               0
          13.92               0               0
          13.94               0               0
          13.96               0               0
          13.98               0               0
             14               0               0
          14.02               0               0
          14.04               0               0
          14.06               0               0
          14.08               0               0
           14.1               0               0
          14.12               0               0
          14.14               0               0
          14.16               0               0
          14.18               0               0
           14.2               0               0
          14.22               0               0
          14.24               0               0
          14.26               0               0
          14.28               0               0
           14.3               0               0
          14.32               0               0
          14.34               0               0
          14.36               0               0
          14.38               0               0
           14.4               0               0
          14.42               0               0
          14.44               0               0
          14.46               0               0
          14.48               0               0
           14.5               0               0
          14.52               0               0
          14.54               0               0
          14.56               0               0
          14.58               0               0
           14.6               0               0
          14.62               0               0
          14.64               0               0
          14.66               0               0
          14.68               0               0
           14.7               0               0
          14.72               0               0
          14.74               0               0
          14.76               0               0
          14.78               0               0
           14.8               0               0
          14.82               0               0
          14.84               0               0
          14.86               0               0
          14.88               0               0
           14.9               0               0
          14.92               0               0
          14.94               0               0
          14.96               0               0
          14.98               0               0
             15               0               0
          15.02               0               0
          15.04               0               0
          15.06               0               0
          15.08               0               0
           15.1               0               0
          15.12               0               0
          15.14               0               0
          15.16               0               0
          15.18               0               0
           15.2               0               0
          15.22               0               0
          15.24               0               0
          15.26               0               0
          15.28               0               0
           15.3               0               0
          15.32               0               0
          15.34               0               0
          15.36               0               0
          15.38               0               0
           15.4               0               0
          15.42               0               0
          15.44               0               0
          15.46               0               0
          15.48               0               0
           15.5               0               0
          15.52               0               0
          15.54               0               0
          15.56               0               0
          15.58               0               0
           15.6               0               0
          15.62               0               0
          15.64               0               0
          15.66               0               0
          15.68               0               0
           15.7               0               0
          15.72               0               0
          15.74               0               0
          15.76               0               0
          15.78               0               0
           15.8               0               0
          15.82               0               0
          15.84               0               0
          15.86               0               0
          15.88               0               0
           15.9               0               0
          15.92               0               0
          15.94               0               0
          15.96               0               0
          15.98               0               0
             16               0               0
          16.02               0               0
          16.04               0               0
          16.06               0               0
          16.08               0               0
           16.1               0               0
          16.12               0               0
          16.14               0               0
          16.16               0               0
          16.18               0               0
           16.2               0               0
          16.22               0               0
          16.24               0               0
          16.26               0               0
          16.28               0               0
           16.3               0               0
          16.32               0               0
          16.34               0               0
          16.36               0               0
          16.38               0               0
           16.4               0               0
          16.42               0               0
          16.44               0               0
          16.46               0               0
          16.48               0               0
           16.5               0               0
          16.52               0               0
          16.54               0               0
          16.56               0               0
          16.58               0               0
           16.6               0               0
          16.62               0               0
          16.64               0               0
          16.66               0               0
          16.68               0               0
           16.7               0               0
          16.72               0               0
          16.74               0               0
          16.76               0               0
          16.78               0               0
           16.8               0               0
          16.82               0               0
          16.84               0               0
          16.86               0               0
          16.88               0               0
           16.9               0               0
          16.92               0               0
          16.94               0               0
          16.96               0               0
          16.98               0               0
             17               0               0
          17.02               0               0
          17.04               0               0
          17.06               0               0
          17.08               0               0
           17.1               0               0
          17.12               0               0
          17.14               0               0
          17.16               0               0
          17.18               0               0
           17.2               0               0
          17.22               0               0
          17.24               0               0
          17.26               0               0
          17.28               0               0
           17.3               0               0
          17.32               0               0
          17.34               0               0
          17.36               0               0
          17.38               0               0
           17.4               0               0
          17.42               0               0
          17.44               0               0
          17.46               0               0
          17.48               0               0
           17.5               0               0
          17.52               0               0
          17.54               0               0
          17.56               0               0
          17.58               0               0
           17.6               0               0
          17.62               0               0
          17.64               0               0
          17.66               0               0
          17.68               0               0
           17.7               0               0
          17.72               0               0
          17.74               0               0
          17.76               0               0
          17.78               0               0
           17.8               0               0
          17.82               0               0
          17.84               0               0
          17.86               0               0
          17.88               0               0
           17.9               0               0
          17.92               0               0
          17.94               0               0
          17.96               0               0
          17.98               0               0
             18               0               0
          18.02               0               0
          18.04               0               0
          18.06               0               0
          18.08               0               0
           18.1               0               0
          18.12               0               0
          18.14               0               0
          18.16               0               0
          18.18               0               0
           18.2               0               0
          18.22               0               0
          18.24               0               0
          18.26               0               0
          18.28               0               0
           18.3               0               0
          18.32               0               0
          18.34               0               0
          18.36               0               0
          18.38               0               0
           18.4               0               0
          18.42               0               0
          18.44               0               0
          18.46               0               0
          18.48               0               0
           18.5               0               0
          18.52               0               0
          18.54               0               0
          18.56               0               0
          18.58               0               0
           18.6               0               0
          18.62               0               0
          18.64               0               0
          18.66               0               0
          18.68               0               0
           18.7               0               0
          18.72               0               0
          18.74               0               0
          18.76               0               0
          18.78               0               0
           18.8               0               0
          18.82               0               0
          18.84               0               0
          18.86               0               0
          18.88               0               0
           18.9               0               0
          18.92               0               0
          18.94               0               0
          18.96               0               0
          18.98               0               0
             19               0               0
          19.02               0               0
          19.04               0               0
          19.06               0               0
          19.08               0               0
           19.1               0               0
          19.12               0               0
          19.14               0               0
          19.16               0               0
          19.18               0               0
           19.2               0               0
          19.22               0               0
          19.24               0               0
          19.26               0               0
          19.28               0               0
           19.3               0               0
          19.32               0               0
          19.34               0               0
          19.36               0               0
          19.38               0               0
           19.4               0               0
          19.42               0               0
          19.44               0               0
          19.46               0               0
          19.48               0               0
           19.5               0               0
          19.52               0               0
          19.54               0               0
          19.56               0               0
          19.58               0               0
           19.6               0               0
          19.62               0               0
          19.64               0               0
          19.66               0               0
          19.68               0               0
           19.7               0               0
          19.72               0               0
          19.74               0               0
          19.76               0               0
          19.78               0               0
           19.8               0               0
          19.82               0               0
          19.84               0               0
          19.86               0               0
          19.88               0               0
           19.9               0               0
          19.92               0               0
          19.94               0               0
          19.96               0               0
          19.98               0               0
             20               0               0
          20.02               0               0

