NSpec_Sample  1000  20
              0     0.000107884     1.06905e-07
           0.02     1.46891e-08     1.24235e-09
           0.04      2.7707e-08     1.71631e-09
           0.06     3.91031e-08     2.03726e-09
           0.08     4.91955e-08     2.28562e-09
            0.1     6.19406e-08     2.56284e-09
           0.12     6.84515e-08     2.69303e-09
           0.14     7.89375e-08     2.89613e-09
           0.16     8.82892e-08     3.05942e-09
           0.18     1.00187e-07     3.26146e-09
            0.2     1.04543e-07     3.33166e-09
           0.22      1.2149e-07     3.59445e-09
           0.24     1.31904e-07     3.74378e-09
           0.26     1.35938e-07     3.80665e-09
           0.28      1.4886e-07     3.97825e-09
            0.3     1.62419e-07     4.15519e-09
           0.32      1.6864e-07     4.23623e-09
           0.34     1.89929e-07     4.49474e-09
           0.36     1.90035e-07     4.49854e-09
           0.38     2.04178e-07     4.66417e-09
            0.4     2.15128e-07     4.78388e-09
           0.42     2.31493e-07     4.96715e-09
           0.44     2.30268e-07      4.9524e-09
           0.46     2.42617e-07     5.08683e-09
           0.48     2.45509e-07     5.11725e-09
            0.5      2.4559e-07     5.11771e-09
           0.52     2.64154e-07     5.30384e-09
           0.54      2.7897e-07     5.45174e-09
           0.56     2.83967e-07      5.5024e-09
           0.58     2.87381e-07     5.53236e-09
            0.6     2.90962e-07     5.57349e-09
           0.62     3.09719e-07     5.74834e-09
           0.64     3.13545e-07     5.78371e-09
           0.66     3.24293e-07     5.88193e-09
           0.68      3.3213e-07       5.956e-09
            0.7      3.3954e-07     6.01874e-09
           0.72     3.34354e-07     5.97365e-09
           0.74     3.54235e-07     6.15013e-09
           0.76     3.65917e-07       6.245e-09
           0.78      3.5767e-07     6.17642e-09
            0.8     3.79568e-07     6.36058e-09
           0.82     3.78016e-07     6.35242e-09
           0.84     3.83699e-07     6.39492e-09
           0.86     3.92913e-07     6.47524e-09
           0.88     4.02957e-07     6.55685e-09
            0.9      3.9875e-07      6.5194e-09
           0.92     4.07062e-07     6.59497e-09
           0.94     4.05556e-07     6.57903e-09
           0.96     4.21899e-07     6.71143e-09
           0.98      4.1991e-07     6.69331e-09
              1     4.22726e-07     6.71608e-09
           1.02     4.33037e-07     6.79738e-09
           1.04     4.25963e-07     6.73951e-09
           1.06     4.41966e-07     6.86924e-09
           1.08      4.3258e-07     6.79104e-09
            1.1     4.52223e-07     6.94209e-09
           1.12     4.49718e-07     6.92338e-09
           1.14     4.49476e-07     6.92525e-09
           1.16      4.6195e-07     7.01938e-09
           1.18     4.46478e-07     6.90068e-09
            1.2     4.50047e-07      6.9317e-09
           1.22     4.53438e-07     6.95104e-09
           1.24     4.68415e-07     7.06877e-09
           1.26     4.71326e-07     7.08867e-09
           1.28     4.78001e-07     7.13895e-09
            1.3     4.80421e-07     7.15216e-09
           1.32     4.91176e-07     7.23491e-09
           1.34     4.85398e-07     7.19303e-09
           1.36     4.93423e-07     7.25472e-09
           1.38     4.75188e-07     7.11607e-09
            1.4     4.85974e-07     7.19903e-09
           1.42     4.84842e-07     7.18788e-09
           1.44     4.92191e-07     7.24071e-09
           1.46     4.72169e-07     7.09226e-09
           1.48     4.94406e-07     7.25903e-09
            1.5     4.92736e-07     7.24383e-09
           1.52     5.00225e-07     7.30551e-09
           1.54     4.90881e-07      7.2315e-09
           1.56     4.94486e-07     7.25869e-09
           1.58     4.99927e-07     7.29934e-09
            1.6     4.97525e-07     7.28294e-09
           1.62     4.95943e-07     7.26925e-09
           1.64     5.06936e-07     7.34712e-09
           1.66     4.93304e-07     7.24682e-09
           1.68     5.10333e-07     7.37083e-09
            1.7      4.9427e-07     7.25788e-09
           1.72     4.97012e-07      7.2769e-09
           1.74       5.084e-07     7.35835e-09
           1.76     4.93205e-07     7.24689e-09
           1.78     5.08594e-07     7.36028e-09
            1.8     4.96893e-07     7.27502e-09
           1.82      5.0999e-07     7.37214e-09
           1.84     4.98369e-07     7.28676e-09
           1.86     4.99648e-07     7.29461e-09
           1.88     4.92218e-07     7.24094e-09
            1.9     4.93494e-07     7.24797e-09
           1.92     4.86316e-07     7.19306e-09
           1.94     5.04358e-07     7.32984e-09
           1.96     5.14046e-07     7.39599e-09
           1.98      5.0071e-07     7.30224e-09
              2     4.91577e-07     7.22905e-09
           2.02     5.00245e-07     7.29849e-09
           2.04     4.90167e-07     7.22163e-09
           2.06     4.93524e-07     7.24913e-09
           2.08     5.01292e-07      7.3021e-09
            2.1     4.98729e-07     7.28095e-09
           2.12     4.96449e-07     7.26545e-09
           2.14      4.9778e-07     7.27724e-09
           2.16     5.00633e-07     7.29949e-09
           2.18     4.98426e-07     7.28198e-09
            2.2     4.86913e-07     7.19478e-09
           2.22     4.91233e-07     7.22642e-09
           2.24     4.79823e-07     7.14138e-09
           2.26     4.89706e-07     7.21626e-09
           2.28     4.93311e-07     7.24521e-09
            2.3     4.91339e-07     7.23112e-09
           2.32     4.97239e-07     7.27008e-09
           2.34     4.75151e-07     7.10898e-09
           2.36     4.83529e-07     7.17216e-09
           2.38     4.76956e-07     7.12098e-09
            2.4     4.79567e-07     7.13924e-09
           2.42     4.69744e-07     7.06929e-09
           2.44     4.74111e-07     7.09905e-09
           2.46     4.70199e-07     7.06972e-09
           2.48     4.68509e-07     7.05555e-09
            2.5     4.64508e-07     7.02638e-09
           2.52     4.63818e-07     7.02403e-09
           2.54      4.6903e-07     7.06166e-09
           2.56     4.44971e-07     6.87527e-09
           2.58     4.72867e-07     7.08427e-09
            2.6     4.71811e-07     7.07956e-09
           2.62     4.52848e-07      6.9335e-09
           2.64     4.46116e-07     6.88149e-09
           2.66      4.5245e-07     6.92993e-09
           2.68     4.57713e-07     6.97468e-09
            2.7     4.56519e-07     6.96452e-09
           2.72     4.48185e-07     6.89706e-09
           2.74     4.51227e-07     6.92002e-09
           2.76     4.58142e-07      6.9771e-09
           2.78     4.42759e-07     6.85577e-09
            2.8     4.49193e-07     6.90681e-09
           2.82     4.46597e-07     6.88303e-09
           2.84     4.37684e-07     6.81469e-09
           2.86     4.45547e-07     6.87671e-09
           2.88     4.40833e-07     6.84058e-09
            2.9     4.51319e-07       6.919e-09
           2.92     4.29407e-07     6.75082e-09
           2.94     4.36247e-07     6.80553e-09
           2.96     4.35491e-07     6.79964e-09
           2.98     4.36276e-07     6.80107e-09
              3     4.29335e-07     6.75036e-09
           3.02     4.23962e-07     6.70491e-09
           3.04     4.12275e-07     6.61237e-09
           3.06      4.2585e-07     6.71802e-09
           3.08     4.06155e-07     6.56499e-09
            3.1     4.20908e-07     6.68171e-09
           3.12     4.20079e-07     6.67356e-09
           3.14     4.08314e-07     6.58277e-09
           3.16     4.04665e-07     6.55381e-09
           3.18     4.06063e-07      6.5618e-09
            3.2     4.06137e-07     6.56045e-09
           3.22     4.20705e-07     6.67848e-09
           3.24     4.05174e-07     6.55523e-09
           3.26     4.06018e-07     6.56102e-09
           3.28     3.96303e-07     6.48223e-09
            3.3     4.00865e-07     6.51965e-09
           3.32     4.08666e-07     6.57819e-09
           3.34     3.92124e-07     6.44584e-09
           3.36     3.99643e-07     6.50735e-09
           3.38     3.78749e-07     6.33461e-09
            3.4     3.88651e-07     6.41563e-09
           3.42     3.87036e-07     6.40385e-09
           3.44     3.90717e-07     6.43318e-09
           3.46     3.72248e-07     6.27602e-09
           3.48     3.79538e-07     6.33891e-09
            3.5     3.75364e-07      6.3018e-09
           3.52     3.63307e-07     6.20414e-09
           3.54     3.71805e-07     6.27559e-09
           3.56     3.65709e-07     6.22356e-09
           3.58      3.7128e-07     6.26945e-09
            3.6     3.64929e-07     6.21914e-09
           3.62     3.53833e-07     6.11583e-09
           3.64     3.65777e-07     6.22196e-09
           3.66      3.5963e-07     6.17106e-09
           3.68     3.51134e-07     6.09476e-09
            3.7     3.50784e-07     6.09142e-09
           3.72     3.65195e-07     6.21644e-09
           3.74     3.53251e-07     6.11676e-09
           3.76     3.43593e-07     6.02858e-09
           3.78     3.49338e-07     6.07898e-09
            3.8     3.36306e-07     5.96511e-09
           3.82     3.36691e-07     5.97107e-09
           3.84     3.46284e-07     6.05339e-09
           3.86     3.35345e-07     5.95928e-09
           3.88     3.42692e-07     6.02099e-09
            3.9      3.4327e-07      6.0283e-09
           3.92     3.25609e-07     5.87128e-09
           3.94     3.26069e-07     5.87087e-09
           3.96     3.23367e-07     5.84892e-09
           3.98     3.19818e-07     5.81899e-09
              4     3.17245e-07     5.79135e-09
           4.02     3.14186e-07     5.76337e-09
           4.04     3.27142e-07     5.88258e-09
           4.06     3.10343e-07     5.72959e-09
           4.08     3.15026e-07     5.77004e-09
            4.1     3.22246e-07     5.84001e-09
           4.12     3.09028e-07     5.71488e-09
           4.14     3.08096e-07      5.7046e-09
           4.16     2.99308e-07     5.62538e-09
           4.18     2.94729e-07     5.57884e-09
            4.2     3.06093e-07        5.69e-09
           4.22     2.98575e-07     5.61546e-09
           4.24     2.89025e-07      5.5254e-09
           4.26     2.85533e-07      5.4939e-09
           4.28     2.82956e-07     5.46764e-09
            4.3     2.87151e-07     5.50981e-09
           4.32     2.80039e-07     5.44074e-09
           4.34     2.80886e-07     5.44587e-09
           4.36     2.80777e-07      5.4448e-09
           4.38     2.69053e-07     5.33084e-09
            4.4     2.71663e-07     5.35527e-09
           4.42     2.74299e-07     5.38016e-09
           4.44     2.73081e-07     5.36554e-09
           4.46     2.63184e-07     5.27061e-09
           4.48     2.68249e-07     5.32311e-09
            4.5     2.58689e-07     5.22583e-09
           4.52     2.54839e-07     5.18832e-09
           4.54      2.5624e-07     5.20072e-09
           4.56     2.60753e-07     5.24294e-09
           4.58     2.61328e-07     5.24802e-09
            4.6     2.56076e-07     5.19627e-09
           4.62     2.56579e-07      5.2054e-09
           4.64     2.46392e-07     5.09832e-09
           4.66     2.48035e-07     5.11481e-09
           4.68     2.54948e-07      5.1884e-09
            4.7     2.39296e-07     5.02166e-09
           4.72     2.46223e-07     5.09473e-09
           4.74     2.46213e-07     5.09231e-09
           4.76     2.37125e-07     4.99594e-09
           4.78      2.3534e-07     4.98156e-09
            4.8     2.31165e-07     4.93765e-09
           4.82     2.34146e-07     4.96511e-09
           4.84     2.23377e-07     4.84817e-09
           4.86     2.22668e-07     4.84642e-09
           4.88     2.27699e-07     4.89595e-09
            4.9     2.26722e-07     4.88622e-09
           4.92     2.21031e-07     4.82439e-09
           4.94     2.23358e-07     4.85105e-09
           4.96     2.21358e-07     4.82939e-09
           4.98     2.16132e-07     4.76998e-09
              5     2.13281e-07     4.73595e-09
           5.02     2.06276e-07     4.65916e-09
           5.04     2.05533e-07     4.64709e-09
           5.06     2.04529e-07     4.63855e-09
           5.08     2.05351e-07     4.64656e-09
            5.1     2.04342e-07     4.63793e-09
           5.12     2.13354e-07     4.73645e-09
           5.14     2.05718e-07     4.65243e-09
           5.16     1.92208e-07     4.49276e-09
           5.18     2.02096e-07     4.60954e-09
            5.2     1.95438e-07     4.53366e-09
           5.22     1.95398e-07      4.5291e-09
           5.24     1.92572e-07     4.49876e-09
           5.26     1.86178e-07     4.42235e-09
           5.28     1.89168e-07     4.45698e-09
            5.3     1.88061e-07     4.44321e-09
           5.32     1.75815e-07     4.29788e-09
           5.34     1.83761e-07     4.39219e-09
           5.36     1.77942e-07     4.32277e-09
           5.38     1.76047e-07     4.29954e-09
            5.4     1.82999e-07     4.38658e-09
           5.42     1.74229e-07     4.27696e-09
           5.44     1.73981e-07      4.2721e-09
           5.46     1.69425e-07     4.21778e-09
           5.48     1.72904e-07     4.26111e-09
            5.5     1.65537e-07     4.16901e-09
           5.52     1.67705e-07     4.19701e-09
           5.54     1.58087e-07     4.07133e-09
           5.56     1.55558e-07     4.04114e-09
           5.58     1.63052e-07     4.13533e-09
            5.6     1.65812e-07     4.16927e-09
           5.62     1.53889e-07     4.01678e-09
           5.64     1.62838e-07     4.13118e-09
           5.66     1.52497e-07     3.99817e-09
           5.68     1.50994e-07     3.97651e-09
            5.7     1.48349e-07      3.9439e-09
           5.72     1.47655e-07     3.93245e-09
           5.74     1.46207e-07     3.91618e-09
           5.76     1.46574e-07     3.91467e-09
           5.78     1.34881e-07     3.75991e-09
            5.8     1.44795e-07     3.89365e-09
           5.82     1.37492e-07     3.79592e-09
           5.84     1.36338e-07     3.77856e-09
           5.86     1.33531e-07     3.73675e-09
           5.88     1.32637e-07      3.7234e-09
            5.9      1.3299e-07     3.73484e-09
           5.92     1.32877e-07      3.7286e-09
           5.94     1.26646e-07     3.63924e-09
           5.96     1.25961e-07     3.63155e-09
           5.98     1.22271e-07     3.57755e-09
              6     1.24171e-07     3.60402e-09
           6.02     1.26818e-07     3.63967e-09
           6.04     1.18817e-07     3.52355e-09
           6.06     1.25336e-07     3.61951e-09
           6.08     1.21398e-07     3.56263e-09
            6.1     1.21396e-07     3.56262e-09
           6.12     1.15011e-07     3.46585e-09
           6.14     1.17442e-07      3.5028e-09
           6.16     1.08584e-07     3.36671e-09
           6.18     1.12908e-07     3.43378e-09
            6.2     1.14958e-07     3.46421e-09
           6.22     1.11017e-07     3.40469e-09
           6.24     1.02485e-07     3.26827e-09
           6.26     1.03411e-07     3.28787e-09
           6.28     1.03486e-07      3.2852e-09
            6.3     9.92406e-08     3.21757e-09
           6.32     1.06061e-07     3.32537e-09
           6.34     1.00657e-07      3.2414e-09
           6.36     1.01438e-07     3.25142e-09
           6.38     9.50749e-08     3.14757e-09
            6.4      9.4651e-08     3.14391e-09
           6.42     9.28287e-08     3.10924e-09
           6.44     9.36892e-08      3.1241e-09
           6.46      9.1416e-08     3.08629e-09
           6.48     9.08992e-08     3.07577e-09
            6.5     9.37693e-08     3.12491e-09
           6.52     8.99684e-08     3.06193e-09
           6.54     8.60524e-08     2.99695e-09
           6.56     8.20497e-08     2.92383e-09
           6.58     8.97856e-08     3.05733e-09
            6.6     8.70693e-08     3.00872e-09
           6.62     8.33874e-08     2.94364e-09
           6.64     8.07826e-08     2.90083e-09
           6.66       8.105e-08     2.90484e-09
           6.68     7.97975e-08     2.88227e-09
            6.7     7.92973e-08     2.87161e-09
           6.72     7.46913e-08     2.78443e-09
           6.74     7.52622e-08     2.79597e-09
           6.76     7.89432e-08     2.86453e-09
           6.78     7.25555e-08      2.7471e-09
            6.8     7.10081e-08     2.71589e-09
           6.82     7.27446e-08     2.74836e-09
           6.84     6.84079e-08     2.66557e-09
           6.86     7.09842e-08     2.71499e-09
           6.88     6.60054e-08     2.61805e-09
            6.9     7.03172e-08     2.70331e-09
           6.92     6.28053e-08     2.55416e-09
           6.94      6.4127e-08     2.57819e-09
           6.96     6.80931e-08     2.65934e-09
           6.98     5.88474e-08     2.46987e-09
              7     6.67726e-08     2.63196e-09
           7.02     5.94263e-08     2.48328e-09
           7.04     6.04888e-08     2.50371e-09
           7.06     5.85207e-08     2.46487e-09
           7.08     5.52869e-08      2.3931e-09
            7.1     5.50035e-08     2.38759e-09
           7.12     5.82809e-08     2.45694e-09
           7.14     5.41988e-08     2.36831e-09
           7.16     5.34804e-08     2.35494e-09
           7.18     5.03003e-08     2.27998e-09
            7.2     5.21897e-08      2.3253e-09
           7.22     5.30574e-08     2.34545e-09
           7.24     4.96816e-08     2.26822e-09
           7.26     5.15977e-08     2.31278e-09
           7.28     5.15987e-08     2.31042e-09
            7.3     5.06378e-08     2.29053e-09
           7.32     4.35738e-08     2.12167e-09
           7.34     4.75125e-08     2.21584e-09
           7.36     4.93265e-08     2.25665e-09
           7.38     4.51317e-08     2.16196e-09
            7.4     4.67464e-08     2.19929e-09
           7.42     4.09518e-08     2.05838e-09
           7.44     4.96397e-08     2.26388e-09
           7.46     4.37749e-08     2.12637e-09
           7.48      4.6906e-08     2.20191e-09
            7.5     4.55949e-08     2.16921e-09
           7.52     4.19867e-08     2.08162e-09
           7.54     3.81623e-08     1.98443e-09
           7.56     3.79186e-08      1.9798e-09
           7.58     4.15733e-08     2.06877e-09
            7.6     3.81521e-08     1.98384e-09
           7.62     3.95828e-08     2.02038e-09
           7.64     3.93307e-08     2.01273e-09
           7.66     4.00469e-08      2.0335e-09
           7.68     3.27623e-08     1.83757e-09
            7.7      3.5278e-08     1.90801e-09
           7.72     3.80834e-08     1.98021e-09
           7.74     3.29553e-08     1.84263e-09
           7.76     3.31676e-08     1.84876e-09
           7.78     3.26152e-08     1.83219e-09
            7.8     3.19087e-08     1.81267e-09
           7.82     3.06119e-08     1.77661e-09
           7.84     3.11933e-08     1.79238e-09
           7.86     2.87604e-08     1.71905e-09
           7.88     2.88862e-08     1.72349e-09
            7.9     2.79374e-08     1.69427e-09
           7.92     2.95258e-08     1.74314e-09
           7.94     3.01227e-08     1.76013e-09
           7.96     2.86449e-08      1.7152e-09
           7.98     2.60642e-08     1.63892e-09
              8     2.66333e-08     1.65518e-09
           8.02      2.6365e-08     1.64812e-09
           8.04     2.52171e-08     1.60804e-09
           8.06      2.3069e-08     1.54164e-09
           8.08     2.43889e-08      1.5845e-09
            8.1     2.25834e-08     1.52281e-09
           8.12     2.31987e-08     1.54342e-09
           8.14     2.09015e-08     1.46358e-09
           8.16     2.12399e-08     1.47648e-09
           8.18      2.1398e-08     1.48391e-09
            8.2     2.08272e-08       1.462e-09
           8.22     2.11699e-08      1.4752e-09
           8.24      2.1318e-08     1.47836e-09
           8.26     2.10691e-08     1.46817e-09
           8.28     2.13456e-08     1.48028e-09
            8.3     2.15389e-08     1.48656e-09
           8.32     1.91839e-08     1.40309e-09
           8.34      1.8249e-08     1.36801e-09
           8.36     1.86329e-08     1.38134e-09
           8.38     1.83094e-08     1.36869e-09
            8.4     1.73026e-08     1.33114e-09
           8.42     1.67897e-08     1.31124e-09
           8.44     1.80992e-08     1.36061e-09
           8.46     1.59366e-08     1.27611e-09
           8.48     1.52324e-08     1.24806e-09
            8.5     1.54595e-08     1.25826e-09
           8.52     1.65957e-08     1.30406e-09
           8.54     1.70181e-08     1.32106e-09
           8.56     1.45163e-08     1.21831e-09
           8.58     1.43962e-08     1.21251e-09
            8.6     1.41187e-08     1.20198e-09
           8.62     1.41903e-08     1.20374e-09
           8.64     1.25787e-08     1.13433e-09
           8.66     1.35021e-08     1.17533e-09
           8.68     1.23667e-08     1.12437e-09
            8.7     1.28591e-08     1.14571e-09
           8.72      1.1524e-08      1.0842e-09
           8.74     1.24325e-08     1.12569e-09
           8.76     1.16152e-08     1.08795e-09
           8.78     1.09892e-08     1.05753e-09
            8.8     1.06274e-08     1.04219e-09
           8.82     1.02127e-08     1.02137e-09
           8.84     9.89905e-09      1.0052e-09
           8.86     9.17284e-09     9.66996e-10
           8.88      9.8081e-09     1.00112e-09
            8.9     8.97532e-09     9.56877e-10
           8.92     1.26439e-08     1.13555e-09
           8.94     8.95795e-09     9.55005e-10
           8.96     1.09212e-08      1.0559e-09
           8.98     9.49085e-09     9.84224e-10
              9     7.52092e-09     8.74381e-10
           9.02     8.64909e-09     9.38202e-10
           9.04     6.82245e-09     8.33559e-10
           9.06     9.57876e-09     9.88051e-10
           9.08     8.55978e-09     9.34013e-10
            9.1     7.83175e-09     8.92566e-10
           9.12     7.02705e-09     8.46015e-10
           9.14     5.48481e-09     7.46437e-10
           9.16     7.33459e-09     8.64452e-10
           9.18     5.89021e-09     7.73478e-10
            9.2     8.04114e-09     9.04767e-10
           9.22     5.80948e-09     7.69555e-10
           9.24     6.50975e-09     8.13786e-10
           9.26     6.00519e-09     7.81862e-10
           9.28     4.97055e-09     7.10121e-10
            9.3     6.19754e-09     7.93572e-10
           9.32     5.59667e-09       7.547e-10
           9.34     4.78078e-09     6.97385e-10
           9.36     4.56613e-09     6.80744e-10
           9.38      3.9453e-09     6.31776e-10
            9.4     4.26972e-09     6.58868e-10
           9.42     5.88531e-09     7.72817e-10
           9.44     6.30013e-09     8.00159e-10
           9.46      4.1716e-09     6.51542e-10
           9.48     4.76598e-09     6.95235e-10
            9.5     5.57524e-09     7.51795e-10
           9.52     2.82949e-09     5.34742e-10
           9.54     4.46817e-09     6.73647e-10
           9.56     3.65138e-09     6.08599e-10
           9.58     3.86065e-09     6.26315e-10
            9.6     4.25041e-09     6.55875e-10
           9.62     2.53289e-09     5.06595e-10
           9.64     2.43226e-09     4.96511e-10
           9.66     3.44817e-09     5.91379e-10
           9.68     3.34594e-09     5.82481e-10
            9.7       3.546e-09      5.9941e-10
           9.72     2.32685e-09     4.85206e-10
           9.74      3.1356e-09     5.63194e-10
           9.76     1.71791e-09     4.16666e-10
           9.78     2.12809e-09     4.64401e-10
            9.8     3.03669e-09     5.54451e-10
           9.82     2.02838e-09     4.53582e-10
           9.84     1.91969e-09     4.40412e-10
           9.86     1.72338e-09     4.18002e-10
           9.88     2.73372e-09     5.26121e-10
            9.9     1.71545e-09     4.16066e-10
           9.92     1.21769e-09     3.51533e-10
           9.94     2.31977e-09      4.8372e-10
           9.96     1.72289e-09     4.17876e-10
           9.98     2.72731e-09      5.2488e-10
             10     1.92374e-09      4.4135e-10
          10.02     1.41576e-09     3.78403e-10
          10.04     1.31123e-09     3.63675e-10
          10.06     1.11082e-09     3.34933e-10
          10.08     1.41921e-09      3.7932e-10
           10.1     1.31248e-09     3.64024e-10
          10.12     1.40986e-09     3.76804e-10
          10.14     1.11025e-09     3.34759e-10
          10.16     7.05632e-10     2.66714e-10
          10.18     7.06783e-10     2.67146e-10
           10.2     6.02795e-10     2.46092e-10
          10.22     7.06543e-10     2.67051e-10
          10.24     8.06725e-10     2.85228e-10
          10.26     5.03019e-10      2.2496e-10
          10.28     9.06289e-10     3.02102e-10
           10.3      7.0379e-10     2.66012e-10
          10.32     8.02651e-10     2.83781e-10
          10.34     7.06804e-10      2.6715e-10
          10.36     8.08287e-10     2.85777e-10
          10.38     8.09081e-10     2.86066e-10
           10.4     5.02766e-10     2.24846e-10
          10.42     3.00277e-10     1.73365e-10
          10.44     2.01079e-10     1.42185e-10
          10.46     4.01761e-10     2.00882e-10
          10.48     6.03353e-10      2.4632e-10
           10.5     6.05239e-10     2.47088e-10
          10.52     3.01411e-10      1.7402e-10
          10.54     7.02506e-10     2.65523e-10
          10.56     3.01727e-10     1.74204e-10
          10.58     1.01283e-10     1.01283e-10
           10.6               0               0
          10.62     5.05029e-10     2.25859e-10
          10.64     2.00917e-10      1.4207e-10
          10.66               0               0
          10.68     1.00749e-10     1.00749e-10
           10.7               0               0
          10.72               0               0
          10.74     1.00625e-10     1.00625e-10
          10.76     1.00972e-10     1.00972e-10
          10.78     2.00754e-10     1.41955e-10
           10.8               0               0
          10.82               0               0
          10.84      2.0028e-10     1.41619e-10
          10.86     1.00376e-10     1.00376e-10
          10.88     1.00309e-10     1.00309e-10
           10.9               0               0
          10.92               0               0
          10.94     1.01792e-10     1.01792e-10
          10.96               0               0
          10.98               0               0
             11     1.00063e-10     1.00063e-10
          11.02     1.00339e-10     1.00339e-10
          11.04               0               0
          11.06               0               0
          11.08     1.00361e-10     1.00361e-10
           11.1               0               0
          11.12               0               0
          11.14               0               0
          11.16               0               0
          11.18               0               0
           11.2               0               0
          11.22               0               0
          11.24               0               0
          11.26               0               0
          11.28               0               0
           11.3               0               0
          11.32               0               0
          11.34               0               0
          11.36     1.00033e-10     1.00033e-10
          11.38               0               0
           11.4               0               0
          11.42               0               0
          11.44               0               0
          11.46               0               0
          11.48               0               0
           11.5               0               0
          11.52               0               0
          11.54               0               0
          11.56               0               0
          11.58               0               0
           11.6               0               0
          11.62               0               0
          11.64               0               0
          11.66               0               0
          11.68               0               0
           11.7               0               0
          11.72               0               0
          11.74               0               0
          11.76               0               0
          11.78               0               0
           11.8               0               0
          11.82               0               0
          11.84               0               0
          11.86               0               0
          11.88               0               0
           11.9               0               0
          11.92               0               0
          11.94               0               0
          11.96               0               0
          11.98               0               0
             12               0               0
          12.02               0               0
          12.04               0               0
          12.06               0               0
          12.08               0               0
           12.1               0               0
          12.12               0               0
          12.14               0               0
          12.16               0               0
          12.18               0               0
           12.2               0               0
          12.22               0               0
          12.24               0               0
          12.26               0               0
          12.28               0               0
           12.3               0               0
          12.32               0               0
          12.34               0               0
          12.36               0               0
          12.38               0               0
           12.4               0               0
          12.42               0               0
          12.44               0               0
          12.46               0               0
          12.48               0               0
           12.5               0               0
          12.52               0               0
          12.54               0               0
          12.56               0               0
          12.58               0               0
           12.6               0               0
          12.62               0               0
          12.64               0               0
          12.66               0               0
          12.68               0               0
           12.7               0               0
          12.72               0               0
          12.74               0               0
          12.76               0               0
          12.78               0               0
           12.8               0               0
          12.82               0               0
          12.84               0               0
          12.86               0               0
          12.88               0               0
           12.9               0               0
          12.92               0               0
          12.94               0               0
          12.96               0               0
          12.98               0               0
             13               0               0
          13.02               0               0
          13.04               0               0
          13.06               0               0
          13.08               0               0
           13.1               0               0
          13.12               0               0
          13.14               0               0
          13.16               0               0
          13.18               0               0
           13.2               0               0
          13.22               0               0
          13.24               0               0
          13.26               0               0
          13.28               0               0
           13.3               0               0
          13.32               0               0
          13.34               0               0
          13.36               0               0
          13.38               0               0
           13.4               0               0
          13.42               0               0
          13.44               0               0
          13.46               0               0
          13.48               0               0
           13.5               0               0
          13.52               0               0
          13.54               0               0
          13.56               0               0
          13.58               0               0
           13.6               0               0
          13.62               0               0
          13.64               0               0
          13.66               0               0
          13.68               0               0
           13.7               0               0
          13.72               0               0
          13.74               0               0
          13.76               0               0
          13.78               0               0
           13.8               0               0
          13.82               0               0
          13.84               0               0
          13.86               0               0
          13.88               0               0
           13.9               0               0
          13.92               0               0
          13.94               0               0
          13.96               0               0
          13.98               0               0
             14               0               0
          14.02               0               0
          14.04               0               0
          14.06               0               0
          14.08               0               0
           14.1               0               0
          14.12               0               0
          14.14               0               0
          14.16               0               0
          14.18               0               0
           14.2               0               0
          14.22               0               0
          14.24               0               0
          14.26               0               0
          14.28               0               0
           14.3               0               0
          14.32               0               0
          14.34               0               0
          14.36               0               0
          14.38               0               0
           14.4               0               0
          14.42               0               0
          14.44               0               0
          14.46               0               0
          14.48               0               0
           14.5               0               0
          14.52               0               0
          14.54               0               0
          14.56               0               0
          14.58               0               0
           14.6               0               0
          14.62               0               0
          14.64               0               0
          14.66               0               0
          14.68               0               0
           14.7               0               0
          14.72               0               0
          14.74               0               0
          14.76               0               0
          14.78               0               0
           14.8               0               0
          14.82               0               0
          14.84               0               0
          14.86               0               0
          14.88               0               0
           14.9               0               0
          14.92               0               0
          14.94               0               0
          14.96               0               0
          14.98               0               0
             15               0               0
          15.02               0               0
          15.04               0               0
          15.06               0               0
          15.08               0               0
           15.1               0               0
          15.12               0               0
          15.14               0               0
          15.16               0               0
          15.18               0               0
           15.2               0               0
          15.22               0               0
          15.24               0               0
          15.26               0               0
          15.28               0               0
           15.3               0               0
          15.32               0               0
          15.34               0               0
          15.36               0               0
          15.38               0               0
           15.4               0               0
          15.42               0               0
          15.44               0               0
          15.46               0               0
          15.48               0               0
           15.5               0               0
          15.52               0               0
          15.54               0               0
          15.56               0               0
          15.58               0               0
           15.6               0               0
          15.62               0               0
          15.64               0               0
          15.66               0               0
          15.68               0               0
           15.7               0               0
          15.72               0               0
          15.74               0               0
          15.76               0               0
          15.78               0               0
           15.8               0               0
          15.82               0               0
          15.84               0               0
          15.86               0               0
          15.88               0               0
           15.9               0               0
          15.92               0               0
          15.94               0               0
          15.96               0               0
          15.98               0               0
             16               0               0
          16.02               0               0
          16.04               0               0
          16.06               0               0
          16.08               0               0
           16.1               0               0
          16.12               0               0
          16.14               0               0
          16.16               0               0
          16.18               0               0
           16.2               0               0
          16.22               0               0
          16.24               0               0
          16.26               0               0
          16.28               0               0
           16.3               0               0
          16.32               0               0
          16.34               0               0
          16.36               0               0
          16.38               0               0
           16.4               0               0
          16.42               0               0
          16.44               0               0
          16.46               0               0
          16.48               0               0
           16.5               0               0
          16.52               0               0
          16.54               0               0
          16.56               0               0
          16.58               0               0
           16.6               0               0
          16.62               0               0
          16.64               0               0
          16.66               0               0
          16.68               0               0
           16.7               0               0
          16.72               0               0
          16.74               0               0
          16.76               0               0
          16.78               0               0
           16.8               0               0
          16.82               0               0
          16.84               0               0
          16.86               0               0
          16.88               0               0
           16.9               0               0
          16.92               0               0
          16.94               0               0
          16.96               0               0
          16.98               0               0
             17               0               0
          17.02               0               0
          17.04               0               0
          17.06               0               0
          17.08               0               0
           17.1               0               0
          17.12               0               0
          17.14               0               0
          17.16               0               0
          17.18               0               0
           17.2               0               0
          17.22               0               0
          17.24               0               0
          17.26               0               0
          17.28               0               0
           17.3               0               0
          17.32               0               0
          17.34               0               0
          17.36               0               0
          17.38               0               0
           17.4               0               0
          17.42               0               0
          17.44               0               0
          17.46               0               0
          17.48               0               0
           17.5               0               0
          17.52               0               0
          17.54               0               0
          17.56               0               0
          17.58               0               0
           17.6               0               0
          17.62               0               0
          17.64               0               0
          17.66               0               0
          17.68               0               0
           17.7               0               0
          17.72               0               0
          17.74               0               0
          17.76               0               0
          17.78               0               0
           17.8               0               0
          17.82               0               0
          17.84               0               0
          17.86               0               0
          17.88               0               0
           17.9               0               0
          17.92               0               0
          17.94               0               0
          17.96               0               0
          17.98               0               0
             18               0               0
          18.02               0               0
          18.04               0               0
          18.06               0               0
          18.08               0               0
           18.1               0               0
          18.12               0               0
          18.14               0               0
          18.16               0               0
          18.18               0               0
           18.2               0               0
          18.22               0               0
          18.24               0               0
          18.26               0               0
          18.28               0               0
           18.3               0               0
          18.32               0               0
          18.34               0               0
          18.36               0               0
          18.38               0               0
           18.4               0               0
          18.42               0               0
          18.44               0               0
          18.46               0               0
          18.48               0               0
           18.5               0               0
          18.52               0               0
          18.54               0               0
          18.56               0               0
          18.58               0               0
           18.6               0               0
          18.62               0               0
          18.64               0               0
          18.66               0               0
          18.68               0               0
           18.7               0               0
          18.72               0               0
          18.74               0               0
          18.76               0               0
          18.78               0               0
           18.8               0               0
          18.82               0               0
          18.84               0               0
          18.86               0               0
          18.88               0               0
           18.9               0               0
          18.92               0               0
          18.94               0               0
          18.96               0               0
          18.98               0               0
             19               0               0
          19.02               0               0
          19.04               0               0
          19.06               0               0
          19.08               0               0
           19.1               0               0
          19.12               0               0
          19.14               0               0
          19.16               0               0
          19.18               0               0
           19.2               0               0
          19.22               0               0
          19.24               0               0
          19.26               0               0
          19.28               0               0
           19.3               0               0
          19.32               0               0
          19.34               0               0
          19.36               0               0
          19.38               0               0
           19.4               0               0
          19.42               0               0
          19.44               0               0
          19.46               0               0
          19.48               0               0
           19.5               0               0
          19.52               0               0
          19.54               0               0
          19.56               0               0
          19.58               0               0
           19.6               0               0
          19.62               0               0
          19.64               0               0
          19.66               0               0
          19.68               0               0
           19.7               0               0
          19.72               0               0
          19.74               0               0
          19.76               0               0
          19.78               0               0
           19.8               0               0
          19.82               0               0
          19.84               0               0
          19.86               0               0
          19.88               0               0
           19.9               0               0
          19.92               0               0
          19.94               0               0
          19.96               0               0
          19.98               0               0
             20               0               0
          20.02               0               0

AFlux_Sample  1000  20
              0               0               0
           0.02     1.12888e-07     1.06408e-11
           0.04     1.12857e-07     1.05786e-11
           0.06     1.12839e-07     1.05526e-11
           0.08     1.12828e-07     1.05369e-11
            0.1     1.12819e-07     1.05261e-11
           0.12     1.12814e-07      1.0518e-11
           0.14      1.1281e-07      1.0512e-11
           0.16     1.12807e-07      1.0507e-11
           0.18     1.12806e-07     1.05029e-11
            0.2     1.12806e-07     1.04997e-11
           0.22     1.12807e-07     1.04968e-11
           0.24     1.12808e-07     1.04944e-11
           0.26      1.1281e-07     1.04922e-11
           0.28     1.12812e-07     1.04902e-11
            0.3     1.12814e-07     1.04884e-11
           0.32     1.12817e-07     1.04866e-11
           0.34      1.1282e-07      1.0485e-11
           0.36     1.12823e-07     1.04835e-11
           0.38     1.12825e-07      1.0482e-11
            0.4     1.12828e-07     1.04806e-11
           0.42     1.12831e-07     1.04793e-11
           0.44     1.12834e-07      1.0478e-11
           0.46     1.12837e-07     1.04767e-11
           0.48     1.12839e-07     1.04755e-11
            0.5     1.12842e-07     1.04741e-11
           0.52     1.12845e-07     1.04729e-11
           0.54     1.12848e-07     1.04716e-11
           0.56      1.1285e-07     1.04704e-11
           0.58     1.12853e-07      1.0469e-11
            0.6     1.12856e-07     1.04675e-11
           0.62     1.12859e-07     1.04662e-11
           0.64     1.12863e-07     1.04647e-11
           0.66     1.12866e-07     1.04632e-11
           0.68     1.12869e-07     1.04617e-11
            0.7     1.12872e-07     1.04603e-11
           0.72     1.12875e-07     1.04587e-11
           0.74     1.12879e-07     1.04571e-11
           0.76     1.12882e-07     1.04557e-11
           0.78     1.12885e-07     1.04544e-11
            0.8     1.12888e-07     1.04529e-11
           0.82     1.12891e-07     1.04516e-11
           0.84     1.12895e-07       1.045e-11
           0.86     1.12898e-07     1.04485e-11
           0.88     1.12901e-07     1.04471e-11
            0.9     1.12905e-07     1.04454e-11
           0.92     1.12908e-07      1.0444e-11
           0.94     1.12912e-07     1.04426e-11
           0.96     1.12915e-07     1.04411e-11
           0.98     1.12918e-07     1.04397e-11
              1     1.12921e-07     1.04383e-11
           1.02     1.12924e-07      1.0437e-11
           1.04     1.12928e-07     1.04354e-11
           1.06     1.12931e-07     1.04338e-11
           1.08     1.12935e-07     1.04322e-11
            1.1     1.12938e-07     1.04307e-11
           1.12     1.12942e-07     1.04292e-11
           1.14     1.12945e-07     1.04277e-11
           1.16     1.12949e-07     1.04263e-11
           1.18     1.12952e-07     1.04249e-11
            1.2     1.12955e-07     1.04235e-11
           1.22     1.12959e-07     1.04222e-11
           1.24     1.12962e-07     1.04208e-11
           1.26     1.12965e-07     1.04194e-11
           1.28     1.12969e-07     1.04179e-11
            1.3     1.12973e-07     1.04163e-11
           1.32     1.12976e-07     1.04147e-11
           1.34     1.12981e-07     1.04129e-11
           1.36     1.12984e-07     1.04114e-11
           1.38     1.12988e-07     1.04098e-11
            1.4     1.12992e-07     1.04081e-11
           1.42     1.12996e-07     1.04065e-11
           1.44        1.13e-07     1.04049e-11
           1.46     1.13005e-07     1.04032e-11
           1.48     1.13009e-07     1.04015e-11
            1.5     1.13013e-07        1.04e-11
           1.52     1.13016e-07     1.03985e-11
           1.54      1.1302e-07     1.03969e-11
           1.56     1.13025e-07     1.03953e-11
           1.58     1.13029e-07     1.03935e-11
            1.6     1.13033e-07     1.03919e-11
           1.62     1.13037e-07     1.03903e-11
           1.64     1.13042e-07     1.03887e-11
           1.66     1.13046e-07     1.03871e-11
           1.68      1.1305e-07     1.03855e-11
            1.7     1.13054e-07     1.03838e-11
           1.72     1.13059e-07     1.03821e-11
           1.74     1.13064e-07     1.03804e-11
           1.76     1.13068e-07     1.03788e-11
           1.78     1.13072e-07     1.03772e-11
            1.8     1.13077e-07     1.03759e-11
           1.82     1.13081e-07     1.03746e-11
           1.84     1.13086e-07     1.03734e-11
           1.86     1.13091e-07     1.03722e-11
           1.88     1.13098e-07     1.03714e-11
            1.9     1.13105e-07     1.03712e-11
           1.92     1.13115e-07     1.03716e-11
           1.94     1.13127e-07     1.03734e-11
           1.96     1.13145e-07     1.03768e-11
           1.98     1.13171e-07     1.03837e-11
              2     1.13207e-07     1.03949e-11
           2.02     1.13259e-07      1.0412e-11
           2.04     1.13334e-07     1.04387e-11
           2.06      1.1344e-07     1.04779e-11
           2.08     1.13589e-07     1.05339e-11
            2.1     1.13797e-07     1.06132e-11
           2.12     1.14084e-07     1.07221e-11
           2.14     1.14472e-07     1.08694e-11
           2.16     1.14989e-07     1.10633e-11
           2.18     1.15665e-07     1.13128e-11
            2.2     1.16532e-07     1.16248e-11
           2.22     1.17631e-07     1.20058e-11
           2.24     1.18988e-07      1.2455e-11
           2.26     1.20637e-07     1.29689e-11
           2.28     1.22604e-07     1.35398e-11
            2.3     1.24913e-07     1.41565e-11
           2.32     1.27568e-07     1.48015e-11
           2.34      1.3056e-07     1.54544e-11
           2.36     1.33874e-07     1.60961e-11
           2.38     1.37469e-07     1.67052e-11
            2.4     1.41297e-07     1.72639e-11
           2.42     1.45288e-07     1.77565e-11
           2.44     1.49366e-07     1.81711e-11
           2.46     1.53456e-07     1.85031e-11
           2.48     1.57464e-07     1.87522e-11
            2.5     1.61319e-07     1.89233e-11
           2.52     1.64941e-07     1.90263e-11
           2.54     1.68276e-07     1.90719e-11
           2.56     1.71285e-07     1.90744e-11
           2.58     1.73948e-07     1.90468e-11
            2.6     1.76246e-07      1.9003e-11
           2.62     1.78186e-07     1.89509e-11
           2.64     1.79797e-07     1.88975e-11
           2.66     1.81107e-07     1.88479e-11
           2.68     1.82141e-07     1.88062e-11
            2.7     1.82944e-07     1.87709e-11
           2.72     1.83557e-07     1.87419e-11
           2.74     1.84015e-07     1.87188e-11
           2.76     1.84351e-07      1.8702e-11
           2.78     1.84588e-07     1.86893e-11
            2.8      1.8476e-07      1.8679e-11
           2.82     1.84871e-07     1.86734e-11
           2.84     1.84955e-07     1.86646e-11
           2.86     1.85019e-07     1.86557e-11
           2.88     1.85066e-07     1.86467e-11
            2.9     1.85105e-07      1.8638e-11
           2.92     1.85136e-07     1.86294e-11
           2.94     1.85163e-07     1.86205e-11
           2.96     1.85188e-07     1.86115e-11
           2.98     1.85211e-07      1.8603e-11
              3     1.85234e-07     1.85943e-11
           3.02     1.85255e-07     1.85859e-11
           3.04     1.85274e-07     1.85782e-11
           3.06     1.85293e-07     1.85709e-11
           3.08     1.85311e-07     1.85635e-11
            3.1     1.85329e-07     1.85566e-11
           3.12     1.85347e-07      1.8549e-11
           3.14     1.85366e-07     1.85414e-11
           3.16     1.85385e-07      1.8534e-11
           3.18     1.85402e-07     1.85271e-11
            3.2     1.85419e-07     1.85205e-11
           3.22     1.85435e-07     1.85143e-11
           3.24     1.85449e-07     1.85086e-11
           3.26     1.85461e-07     1.85043e-11
           3.28      1.8547e-07     1.85014e-11
            3.3     1.85475e-07     1.84996e-11
           3.32     1.85478e-07     1.84985e-11
           3.34     1.85482e-07     1.84968e-11
           3.36     1.85489e-07     1.84935e-11
           3.38     1.85501e-07     1.84889e-11
            3.4     1.85512e-07     1.84845e-11
           3.42     1.85521e-07     1.84814e-11
           3.44     1.85536e-07     1.84745e-11
           3.46     1.85558e-07     1.84654e-11
           3.48     1.85583e-07     1.84553e-11
            3.5      1.8561e-07     1.84446e-11
           3.52     1.85638e-07     1.84343e-11
           3.54     1.85665e-07     1.84233e-11
           3.56     1.85694e-07     1.84123e-11
           3.58     1.85721e-07     1.84017e-11
            3.6      1.8575e-07     1.83903e-11
           3.62     1.85781e-07     1.83788e-11
           3.64     1.85811e-07     1.83673e-11
           3.66     1.85841e-07     1.83554e-11
           3.68     1.85872e-07     1.83436e-11
            3.7     1.85902e-07     1.83321e-11
           3.72     1.85928e-07     1.83229e-11
           3.74     1.85956e-07     1.83115e-11
           3.76     1.85987e-07     1.82997e-11
           3.78     1.86018e-07      1.8288e-11
            3.8     1.86049e-07     1.82759e-11
           3.82     1.86081e-07     1.82637e-11
           3.84     1.86113e-07     1.82519e-11
           3.86     1.86146e-07     1.82394e-11
           3.88     1.86178e-07     1.82273e-11
            3.9      1.8621e-07     1.82151e-11
           3.92     1.86243e-07     1.82026e-11
           3.94     1.86276e-07     1.81903e-11
           3.96     1.86308e-07     1.81782e-11
           3.98     1.86341e-07     1.81662e-11
              4     1.86373e-07      1.8154e-11
           4.02     1.86406e-07     1.81415e-11
           4.04     1.86439e-07     1.81295e-11
           4.06     1.86471e-07     1.81173e-11
           4.08     1.86501e-07     1.81067e-11
            4.1      1.8653e-07     1.80959e-11
           4.12     1.86561e-07     1.80842e-11
           4.14     1.86594e-07     1.80717e-11
           4.16     1.86629e-07     1.80589e-11
           4.18     1.86663e-07     1.80464e-11
            4.2     1.86697e-07     1.80338e-11
           4.22      1.8673e-07     1.80218e-11
           4.24     1.86764e-07     1.80097e-11
           4.26     1.86798e-07     1.79969e-11
           4.28     1.86832e-07     1.79845e-11
            4.3     1.86866e-07      1.7972e-11
           4.32       1.869e-07     1.79599e-11
           4.34     1.86933e-07     1.79482e-11
           4.36     1.86963e-07     1.79375e-11
           4.38     1.86988e-07     1.79299e-11
            4.4     1.86999e-07     1.79266e-11
           4.42     1.87021e-07     1.79165e-11
           4.44     1.87054e-07     1.79043e-11
           4.46     1.87088e-07     1.78919e-11
           4.48     1.87124e-07     1.78788e-11
            4.5      1.8716e-07     1.78663e-11
           4.52     1.87194e-07      1.7854e-11
           4.54     1.87229e-07     1.78417e-11
           4.56     1.87261e-07     1.78306e-11
           4.58     1.87289e-07     1.78217e-11
            4.6       1.873e-07     1.78195e-11
           4.62     1.87316e-07     1.78115e-11
           4.64     1.87349e-07     1.77991e-11
           4.66     1.87384e-07     1.77869e-11
           4.68     1.87417e-07     1.77751e-11
            4.7     1.87451e-07     1.77637e-11
           4.72     1.87482e-07     1.77524e-11
           4.74     1.87514e-07     1.77414e-11
           4.76     1.87545e-07     1.77308e-11
           4.78     1.87575e-07       1.772e-11
            4.8     1.87607e-07     1.77088e-11
           4.82     1.87639e-07     1.76976e-11
           4.84     1.87671e-07     1.76866e-11
           4.86     1.87704e-07     1.76753e-11
           4.88     1.87736e-07      1.7664e-11
            4.9     1.87768e-07     1.76534e-11
           4.92     1.87799e-07     1.76432e-11
           4.94     1.87823e-07     1.76357e-11
           4.96     1.87841e-07     1.76305e-11
           4.98     1.87853e-07     1.76273e-11
              5     1.87863e-07     1.76242e-11
           5.02     1.87877e-07     1.76199e-11
           5.04     1.87899e-07     1.76145e-11
           5.06     1.87929e-07     1.76103e-11
           5.08     1.87972e-07     1.76091e-11
            5.1     1.88038e-07     1.76142e-11
           5.12     1.88148e-07     1.76322e-11
           5.14      1.8834e-07     1.76713e-11
           5.16     1.88675e-07     1.77483e-11
           5.18     1.89239e-07     1.78838e-11
            5.2     1.90144e-07     1.81042e-11
           5.22     1.91542e-07     1.84403e-11
           5.24     1.93595e-07     1.89204e-11
           5.26     1.96439e-07     1.95488e-11
           5.28      2.0019e-07     2.03131e-11
            5.3      2.0488e-07     2.11665e-11
           5.32     2.10439e-07      2.2041e-11
           5.34     2.16692e-07     2.28646e-11
           5.36     2.23362e-07     2.35679e-11
           5.38     2.30141e-07      2.4111e-11
            5.4     2.36664e-07     2.44814e-11
           5.42     2.42613e-07     2.46995e-11
           5.44     2.47752e-07     2.47994e-11
           5.46      2.5197e-07     2.48247e-11
           5.48     2.55261e-07     2.48118e-11
            5.5     2.57693e-07     2.47824e-11
           5.52     2.59414e-07     2.47506e-11
           5.54     2.60574e-07     2.47212e-11
           5.56     2.61324e-07      2.4694e-11
           5.58     2.61794e-07     2.46696e-11
            5.6     2.62083e-07     2.46448e-11
           5.62     2.62267e-07     2.46198e-11
           5.64     2.62385e-07     2.45953e-11
           5.66      2.6247e-07     2.45701e-11
           5.68     2.62541e-07     2.45439e-11
            5.7     2.62601e-07     2.45189e-11
           5.72     2.62656e-07     2.44945e-11
           5.74      2.6271e-07     2.44699e-11
           5.76      2.6276e-07     2.44465e-11
           5.78     2.62811e-07     2.44228e-11
            5.8     2.62861e-07     2.43997e-11
           5.82     2.62908e-07     2.43779e-11
           5.84     2.62951e-07     2.43581e-11
           5.86     2.62991e-07     2.43398e-11
           5.88     2.63024e-07     2.43254e-11
            5.9     2.63043e-07     2.43185e-11
           5.92     2.63046e-07      2.4318e-11
           5.94     2.63046e-07      2.4318e-11
           5.96     2.63046e-07      2.4318e-11
           5.98     2.63046e-07      2.4318e-11
              6     2.63046e-07      2.4318e-11
           6.02     2.63046e-07      2.4318e-11
           6.04     2.63047e-07     2.43179e-11
           6.06     2.63053e-07     2.43136e-11
           6.08     2.63072e-07     2.43038e-11
            6.1     2.63099e-07     2.42909e-11
           6.12      2.6313e-07     2.42763e-11
           6.14     2.63163e-07     2.42615e-11
           6.16     2.63193e-07     2.42476e-11
           6.18     2.63223e-07     2.42341e-11
            6.2     2.63251e-07     2.42214e-11
           6.22     2.63279e-07     2.42082e-11
           6.24     2.63309e-07      2.4194e-11
           6.26     2.63342e-07     2.41791e-11
           6.28     2.63375e-07     2.41639e-11
            6.3      2.6341e-07     2.41478e-11
           6.32     2.63445e-07     2.41314e-11
           6.34     2.63482e-07     2.41146e-11
           6.36     2.63519e-07     2.40976e-11
           6.38     2.63558e-07      2.4079e-11
            6.4       2.636e-07     2.40597e-11
           6.42     2.63643e-07     2.40404e-11
           6.44     2.63686e-07     2.40205e-11
           6.46     2.63729e-07     2.40008e-11
           6.48     2.63774e-07     2.39803e-11
            6.5     2.63817e-07     2.39603e-11
           6.52     2.63863e-07     2.39393e-11
           6.54      2.6391e-07     2.39175e-11
           6.56     2.63958e-07     2.38957e-11
           6.58     2.64007e-07     2.38735e-11
            6.6     2.64054e-07     2.38515e-11
           6.62     2.64103e-07     2.38294e-11
           6.64     2.64151e-07     2.38078e-11
           6.66     2.64198e-07      2.3786e-11
           6.68     2.64244e-07     2.37658e-11
            6.7     2.64287e-07     2.37463e-11
           6.72     2.64329e-07      2.3727e-11
           6.74      2.6437e-07      2.3709e-11
           6.76     2.64408e-07      2.3692e-11
           6.78     2.64443e-07     2.36759e-11
            6.8     2.64477e-07     2.36607e-11
           6.82     2.64508e-07     2.36469e-11
           6.84     2.64538e-07     2.36337e-11
           6.86     2.64564e-07     2.36221e-11
           6.88      2.6459e-07     2.36106e-11
            6.9     2.64613e-07     2.36006e-11
           6.92     2.64633e-07     2.35916e-11
           6.94     2.64651e-07     2.35837e-11
           6.96     2.64668e-07     2.35768e-11
           6.98     2.64681e-07     2.35712e-11
              7     2.64691e-07     2.35666e-11
           7.02     2.64701e-07     2.35627e-11
           7.04     2.64709e-07     2.35588e-11
           7.06     2.64716e-07     2.35561e-11
           7.08     2.64722e-07     2.35538e-11
            7.1     2.64726e-07      2.3552e-11
           7.12     2.64729e-07     2.35508e-11
           7.14     2.64731e-07     2.35499e-11
           7.16     2.64733e-07     2.35496e-11
           7.18     2.64733e-07     2.35496e-11
            7.2     2.64733e-07     2.35496e-11
           7.22     2.64733e-07     2.35497e-11
           7.24     2.64733e-07     2.35497e-11
           7.26     2.64733e-07     2.35497e-11
           7.28     2.64733e-07     2.35498e-11
            7.3     2.64733e-07     2.35498e-11
           7.32     2.64733e-07     2.35498e-11
           7.34     2.64733e-07     2.35498e-11
           7.36     2.64733e-07     2.35499e-11
           7.38     2.64733e-07     2.35499e-11
            7.4     2.64733e-07     2.35499e-11
           7.42     2.64733e-07       2.355e-11
           7.44     2.64733e-07       2.355e-11
           7.46     2.64733e-07       2.355e-11
           7.48     2.64732e-07     2.35501e-11
            7.5     2.64732e-07     2.35501e-11
           7.52     2.64732e-07     2.35501e-11
           7.54     2.64733e-07     2.35501e-11
           7.56     2.64733e-07     2.35501e-11
           7.58     2.64736e-07       2.355e-11
            7.6     2.64747e-07     2.35494e-11
           7.62     2.64785e-07     2.35486e-11
           7.64     2.64898e-07     2.35474e-11
           7.66       2.652e-07     2.35487e-11
           7.68     2.65904e-07     2.35602e-11
            7.7     2.67356e-07     2.35977e-11
           7.72     2.70017e-07     2.36803e-11
           7.74     2.74287e-07     2.38071e-11
           7.76     2.80333e-07     2.39443e-11
           7.78     2.87889e-07     2.40049e-11
            7.8     2.96192e-07      2.3917e-11
           7.82     3.04246e-07     2.36688e-11
           7.84     3.11128e-07     2.33375e-11
           7.86     3.16313e-07     2.30281e-11
           7.88     3.19762e-07     2.28072e-11
            7.9      3.2178e-07     2.26865e-11
           7.92     3.22822e-07     2.26332e-11
           7.94     3.23295e-07     2.26149e-11
           7.96     3.23484e-07     2.26104e-11
           7.98     3.23553e-07     2.26099e-11
              8     3.23574e-07     2.26103e-11
           8.02      3.2358e-07     2.26103e-11
           8.04     3.23582e-07     2.26104e-11
           8.06     3.23582e-07     2.26105e-11
           8.08     3.23582e-07     2.26105e-11
            8.1     3.23582e-07     2.26104e-11
           8.12     3.23582e-07     2.26104e-11
           8.14     3.23582e-07       2.261e-11
           8.16     3.23583e-07     2.26097e-11
           8.18     3.23584e-07     2.26091e-11
            8.2     3.23585e-07     2.26085e-11
           8.22     3.23585e-07     2.26079e-11
           8.24     3.23587e-07     2.26069e-11
           8.26     3.23589e-07     2.26057e-11
           8.28      3.2359e-07     2.26048e-11
            8.3     3.23591e-07     2.26039e-11
           8.32     3.23593e-07     2.26028e-11
           8.34     3.23595e-07     2.26014e-11
           8.36     3.23597e-07     2.25997e-11
           8.38       3.236e-07     2.25983e-11
            8.4     3.23602e-07     2.25964e-11
           8.42     3.23605e-07     2.25946e-11
           8.44     3.23608e-07     2.25929e-11
           8.46     3.23611e-07     2.25909e-11
           8.48     3.23613e-07     2.25892e-11
            8.5     3.23617e-07      2.2587e-11
           8.52      3.2362e-07     2.25845e-11
           8.54     3.23624e-07     2.25819e-11
           8.56     3.23628e-07     2.25794e-11
           8.58     3.23632e-07     2.25768e-11
            8.6     3.23636e-07     2.25743e-11
           8.62      3.2364e-07     2.25716e-11
           8.64     3.23644e-07     2.25688e-11
           8.66     3.23648e-07     2.25658e-11
           8.68     3.23653e-07      2.2563e-11
            8.7     3.23657e-07     2.25601e-11
           8.72     3.23662e-07     2.25571e-11
           8.74     3.23666e-07      2.2554e-11
           8.76     3.23671e-07     2.25511e-11
           8.78     3.23675e-07     2.25483e-11
            8.8      3.2368e-07     2.25451e-11
           8.82     3.23685e-07     2.25419e-11
           8.84      3.2369e-07     2.25387e-11
           8.86     3.23695e-07     2.25352e-11
           8.88     3.23701e-07     2.25318e-11
            8.9     3.23706e-07     2.25286e-11
           8.92      3.2371e-07     2.25254e-11
           8.94     3.23715e-07     2.25222e-11
           8.96     3.23721e-07     2.25187e-11
           8.98     3.23726e-07     2.25151e-11
              9     3.23731e-07     2.25122e-11
           9.02     3.23736e-07     2.25084e-11
           9.04     3.23742e-07     2.25051e-11
           9.06     3.23747e-07     2.25014e-11
           9.08     3.23754e-07     2.24973e-11
            9.1      3.2376e-07     2.24933e-11
           9.12     3.23766e-07     2.24894e-11
           9.14     3.23772e-07     2.24854e-11
           9.16     3.23779e-07     2.24811e-11
           9.18     3.23784e-07     2.24775e-11
            9.2      3.2379e-07     2.24741e-11
           9.22     3.23795e-07     2.24705e-11
           9.24     3.23801e-07     2.24665e-11
           9.26     3.23807e-07     2.24627e-11
           9.28     3.23813e-07     2.24588e-11
            9.3     3.23819e-07     2.24552e-11
           9.32     3.23825e-07     2.24517e-11
           9.34     3.23831e-07     2.24474e-11
           9.36     3.23837e-07     2.24434e-11
           9.38     3.23843e-07     2.24397e-11
            9.4     3.23849e-07     2.24358e-11
           9.42     3.23855e-07     2.24319e-11
           9.44     3.23861e-07     2.24282e-11
           9.46     3.23867e-07     2.24245e-11
           9.48     3.23873e-07     2.24203e-11
            9.5      3.2388e-07     2.24163e-11
           9.52     3.23886e-07     2.24126e-11
           9.54     3.23891e-07     2.24092e-11
           9.56     3.23897e-07     2.24052e-11
           9.58     3.23904e-07     2.24013e-11
            9.6     3.23909e-07     2.23979e-11
           9.62     3.23915e-07     2.23943e-11
           9.64     3.23919e-07     2.23915e-11
           9.66     3.23924e-07     2.23886e-11
           9.68     3.23929e-07     2.23852e-11
            9.7     3.23934e-07     2.23822e-11
           9.72     3.23939e-07     2.23794e-11
           9.74     3.23943e-07     2.23767e-11
           9.76     3.23948e-07     2.23738e-11
           9.78     3.23952e-07     2.23712e-11
            9.8     3.23956e-07     2.23688e-11
           9.82      3.2396e-07     2.23664e-11
           9.84     3.23963e-07     2.23642e-11
           9.86     3.23966e-07     2.23623e-11
           9.88     3.23969e-07     2.23608e-11
            9.9     3.23971e-07     2.23594e-11
           9.92     3.23974e-07     2.23581e-11
           9.94     3.23975e-07     2.23574e-11
           9.96     3.23976e-07     2.23568e-11
           9.98     3.23977e-07     2.23563e-11
             10     3.23977e-07     2.23562e-11
          10.02               0               0
          10.04               0               0
          10.06               0               0
          10.08               0               0
           10.1               0               0
          10.12               0               0
          10.14               0               0
          10.16               0               0
          10.18               0               0
           10.2               0               0
          10.22               0               0
          10.24               0               0
          10.26               0               0
          10.28               0               0
           10.3               0               0
          10.32               0               0
          10.34               0               0
          10.36               0               0
          10.38               0               0
           10.4               0               0
          10.42               0               0
          10.44               0               0
          10.46               0               0
          10.48               0               0
           10.5               0               0
          10.52               0               0
          10.54               0               0
          10.56               0               0
          10.58               0               0
           10.6               0               0
          10.62               0               0
          10.64               0               0
          10.66               0               0
          10.68               0               0
           10.7               0               0
          10.72               0               0
          10.74               0               0
          10.76               0               0
          10.78               0               0
           10.8               0               0
          10.82               0               0
          10.84               0               0
          10.86               0               0
          10.88               0               0
           10.9               0               0
          10.92               0               0
          10.94               0               0
          10.96               0               0
          10.98               0               0
             11               0               0
          11.02               0               0
          11.04               0               0
          11.06               0               0
          11.08               0               0
           11.1               0               0
          11.12               0               0
          11.14               0               0
          11.16               0               0
          11.18               0               0
           11.2               0               0
          11.22               0               0
          11.24               0               0
          11.26               0               0
          11.28               0               0
           11.3               0               0
          11.32               0               0
          11.34               0               0
          11.36               0               0
          11.38               0               0
           11.4               0               0
          11.42               0               0
          11.44               0               0
          11.46               0               0
          11.48               0               0
           11.5               0               0
          11.52               0               0
          11.54               0               0
          11.56               0               0
          11.58               0               0
           11.6               0               0
          11.62               0               0
          11.64               0               0
          11.66               0               0
          11.68               0               0
           11.7               0               0
          11.72               0               0
          11.74               0               0
          11.76               0               0
          11.78               0               0
           11.8               0               0
          11.82               0               0
          11.84               0               0
          11.86               0               0
          11.88               0               0
           11.9               0               0
          11.92               0               0
          11.94               0               0
          11.96               0               0
          11.98               0               0
             12               0               0
          12.02               0               0
          12.04               0               0
          12.06               0               0
          12.08               0               0
           12.1               0               0
          12.12               0               0
          12.14               0               0
          12.16               0               0
          12.18               0               0
           12.2               0               0
          12.22               0               0
          12.24               0               0
          12.26               0               0
          12.28               0               0
           12.3               0               0
          12.32               0               0
          12.34               0               0
          12.36               0               0
          12.38               0               0
           12.4               0               0
          12.42               0               0
          12.44               0               0
          12.46               0               0
          12.48               0               0
           12.5               0               0
          12.52               0               0
          12.54               0               0
          12.56               0               0
          12.58               0               0
           12.6               0               0
          12.62               0               0
          12.64               0               0
          12.66               0               0
          12.68               0               0
           12.7               0               0
          12.72               0               0
          12.74               0               0
          12.76               0               0
          12.78               0               0
           12.8               0               0
          12.82               0               0
          12.84               0               0
          12.86               0               0
          12.88               0               0
           12.9               0               0
          12.92               0               0
          12.94               0               0
          12.96               0               0
          12.98               0               0
             13               0               0
          13.02               0               0
          13.04               0               0
          13.06               0               0
          13.08               0               0
           13.1               0               0
          13.12               0               0
          13.14               0               0
          13.16               0               0
          13.18               0               0
           13.2               0               0
          13.22               0               0
          13.24               0               0
          13.26               0               0
          13.28               0               0
           13.3               0               0
          13.32               0               0
          13.34               0               0
          13.36               0               0
          13.38               0               0
           13.4               0               0
          13.42               0               0
          13.44               0               0
          13.46               0               0
          13.48               0               0
           13.5               0               0
          13.52               0               0
          13.54               0               0
          13.56               0               0
          13.58               0               0
           13.6               0               0
          13.62               0               0
          13.64               0               0
          13.66               0               0
          13.68               0               0
           13.7               0               0
          13.72               0               0
          13.74               0               0
          13.76               0               0
          13.78               0               0
           13.8               0               0
          13.82               0               0
          13.84               0               0
          13.86               0               0
          13.88               0               0
           13.9               0               0
          13.92               0               0
          13.94               0               0
          13.96               0               0
          13.98               0               0
             14               0               0
          14.02               0               0
          14.04               0               0
          14.06               0               0
          14.08               0               0
           14.1               0               0
          14.12               0               0
          14.14               0               0
          14.16               0               0
          14.18               0               0
           14.2               0               0
          14.22               0               0
          14.24               0               0
          14.26               0               0
          14.28               0               0
           14.3               0               0
          14.32               0               0
          14.34               0               0
          14.36               0               0
          14.38               0               0
           14.4               0               0
          14.42               0               0
          14.44               0               0
          14.46               0               0
          14.48               0               0
           14.5               0               0
          14.52               0               0
          14.54               0               0
          14.56               0               0
          14.58               0               0
           14.6               0               0
          14.62               0               0
          14.64               0               0
          14.66               0               0
          14.68               0               0
           14.7               0               0
          14.72               0               0
          14.74               0               0
          14.76               0               0
          14.78               0               0
           14.8               0               0
          14.82               0               0
          14.84               0               0
          14.86               0               0
          14.88               0               0
           14.9               0               0
          14.92               0               0
          14.94               0               0
          14.96               0               0
          14.98               0               0
             15               0               0
          15.02               0               0
          15.04               0               0
          15.06               0               0
          15.08               0               0
           15.1               0               0
          15.12               0               0
          15.14               0               0
          15.16               0               0
          15.18               0               0
           15.2               0               0
          15.22               0               0
          15.24               0               0
          15.26               0               0
          15.28               0               0
           15.3               0               0
          15.32               0               0
          15.34               0               0
          15.36               0               0
          15.38               0               0
           15.4               0               0
          15.42               0               0
          15.44               0               0
          15.46               0               0
          15.48               0               0
           15.5               0               0
          15.52               0               0
          15.54               0               0
          15.56               0               0
          15.58               0               0
           15.6               0               0
          15.62               0               0
          15.64               0               0
          15.66               0               0
          15.68               0               0
           15.7               0               0
          15.72               0               0
          15.74               0               0
          15.76               0               0
          15.78               0               0
           15.8               0               0
          15.82               0               0
          15.84               0               0
          15.86               0               0
          15.88               0               0
           15.9               0               0
          15.92               0               0
          15.94               0               0
          15.96               0               0
          15.98               0               0
             16               0               0
          16.02               0               0
          16.04               0               0
          16.06               0               0
          16.08               0               0
           16.1               0               0
          16.12               0               0
          16.14               0               0
          16.16               0               0
          16.18               0               0
           16.2               0               0
          16.22               0               0
          16.24               0               0
          16.26               0               0
          16.28               0               0
           16.3               0               0
          16.32               0               0
          16.34               0               0
          16.36               0               0
          16.38               0               0
           16.4               0               0
          16.42               0               0
          16.44               0               0
          16.46               0               0
          16.48               0               0
           16.5               0               0
          16.52               0               0
          16.54               0               0
          16.56               0               0
          16.58               0               0
           16.6               0               0
          16.62               0               0
          16.64               0               0
          16.66               0               0
          16.68               0               0
           16.7               0               0
          16.72               0               0
          16.74               0               0
          16.76               0               0
          16.78               0               0
           16.8               0               0
          16.82               0               0
          16.84               0               0
          16.86               0               0
          16.88               0               0
           16.9               0               0
          16.92               0               0
          16.94               0               0
          16.96               0               0
          16.98               0               0
             17               0               0
          17.02               0               0
          17.04               0               0
          17.06               0               0
          17.08               0               0
           17.1               0               0
          17.12               0               0
          17.14               0               0
          17.16               0               0
          17.18               0               0
           17.2               0               0
          17.22               0               0
          17.24               0               0
          17.26               0               0
          17.28               0               0
           17.3               0               0
          17.32               0               0
          17.34               0               0
          17.36               0               0
          17.38               0               0
           17.4               0               0
          17.42               0               0
          17.44               0               0
          17.46               0               0
          17.48               0               0
           17.5               0               0
          17.52               0               0
          17.54               0               0
          17.56               0               0
          17.58               0               0
           17.6               0               0
          17.62               0               0
          17.64               0               0
          17.66               0               0
          17.68               0               0
           17.7               0               0
          17.72               0               0
          17.74               0               0
          17.76               0               0
          17.78               0               0
           17.8               0               0
          17.82               0               0
          17.84               0               0
          17.86               0               0
          17.88               0               0
           17.9               0               0
          17.92               0               0
          17.94               0               0
          17.96               0               0
          17.98               0               0
             18               0               0
          18.02               0               0
          18.04               0               0
          18.06               0               0
          18.08               0               0
           18.1               0               0
          18.12               0               0
          18.14               0               0
          18.16               0               0
          18.18               0               0
           18.2               0               0
          18.22               0               0
          18.24               0               0
          18.26               0               0
          18.28               0               0
           18.3               0               0
          18.32               0               0
          18.34               0               0
          18.36               0               0
          18.38               0               0
           18.4               0               0
          18.42               0               0
          18.44               0               0
          18.46               0               0
          18.48               0               0
           18.5               0               0
          18.52               0               0
          18.54               0               0
          18.56               0               0
          18.58               0               0
           18.6               0               0
          18.62               0               0
          18.64               0               0
          18.66               0               0
          18.68               0               0
           18.7               0               0
          18.72               0               0
          18.74               0               0
          18.76               0               0
          18.78               0               0
           18.8               0               0
          18.82               0               0
          18.84               0               0
          18.86               0               0
          18.88               0               0
           18.9               0               0
          18.92               0               0
          18.94               0               0
          18.96               0               0
          18.98               0               0
             19               0               0
          19.02               0               0
          19.04               0               0
          19.06               0               0
          19.08               0               0
           19.1               0               0
          19.12               0               0
          19.14               0               0
          19.16               0               0
          19.18               0               0
           19.2               0               0
          19.22               0               0
          19.24               0               0
          19.26               0               0
          19.28               0               0
           19.3               0               0
          19.32               0               0
          19.34               0               0
          19.36               0               0
          19.38               0               0
           19.4               0               0
          19.42               0               0
          19.44               0               0
          19.46               0               0
          19.48               0               0
           19.5               0               0
          19.52               0               0
          19.54               0               0
          19.56               0               0
          19.58               0               0
           19.6               0               0
          19.62               0               0
          19.64               0               0
          19.66               0               0
          19.68               0               0
           19.7               0               0
          19.72               0               0
          19.74               0               0
          19.76               0               0
          19.78               0               0
           19.8               0               0
          19.82               0               0
          19.84               0               0
          19.86               0               0
          19.88               0               0
           19.9               0               0
          19.92               0               0
          19.94               0               0
          19.96               0               0
          19.98               0               0
             20               0               0
          20.02               0               0

Source_00  1000  20
              0               0               0
           0.02               0               0
           0.04               0               0
           0.06               0               0
           0.08               0               0
            0.1               0               0
           0.12               0               0
           0.14               0               0
           0.16               0               0
           0.18               0               0
            0.2               0               0
           0.22               0               0
           0.24               0               0
           0.26               0               0
           0.28               0               0
            0.3               0               0
           0.32               0               0
           0.34               0               0
           0.36               0               0
           0.38               0               0
            0.4               0               0
           0.42               0               0
           0.44               0               0
           0.46               0               0
           0.48               0               0
            0.5               0               0
           0.52               0               0
           0.54               0               0
           0.56               0               0
           0.58               0               0
            0.6               0               0
           0.62               0               0
           0.64               0               0
           0.66               0               0
           0.68               0               0
            0.7               0               0
           0.72               0               0
           0.74               0               0
           0.76               0               0
           0.78               0               0
            0.8               0               0
           0.82               0               0
           0.84               0               0
           0.86               0               0
           0.88               0               0
            0.9               0               0
           0.92               0               0
           0.94               0               0
           0.96               0               0
           0.98               0               0
              1               0               0
           1.02               0               0
           1.04               0               0
           1.06               0               0
           1.08               0               0
            1.1               0               0
           1.12               0               0
           1.14               0               0
           1.16               0               0
           1.18               0               0
            1.2               0               0
           1.22               0               0
           1.24               0               0
           1.26               0               0
           1.28               0               0
            1.3               0               0
           1.32               0               0
           1.34               0               0
           1.36               0               0
           1.38               0               0
            1.4               0               0
           1.42               0               0
           1.44               0               0
           1.46               0               0
           1.48               0               0
            1.5               0               0
           1.52               0               0
           1.54               0               0
           1.56               0               0
           1.58               0               0
            1.6               0               0
           1.62               0               0
           1.64               0               0
           1.66               0               0
           1.68               0               0
            1.7               0               0
           1.72               0               0
           1.74               0               0
           1.76               0               0
           1.78               0               0
            1.8               0               0
           1.82               0               0
           1.84               0               0
           1.86               0               0
           1.88               0               0
            1.9               0               0
           1.92               0               0
           1.94               0               0
           1.96               0               0
           1.98               0               0
              2               0               0
           2.02               0               0
           2.04               0               0
           2.06               0               0
           2.08               0               0
            2.1               0               0
           2.12               0               0
           2.14               0               0
           2.16               0               0
           2.18               0               0
            2.2               0               0
           2.22               0               0
           2.24               0               0
           2.26               0               0
           2.28               0               0
            2.3               0               0
           2.32               0               0
           2.34               0               0
           2.36               0               0
           2.38               0               0
            2.4               0               0
           2.42               0               0
           2.44               0               0
           2.46               0               0
           2.48               0               0
            2.5               0               0
           2.52               0               0
           2.54               0               0
           2.56               0               0
           2.58               0               0
            2.6               0               0
           2.62               0               0
           2.64               0               0
           2.66               0               0
           2.68               0               0
            2.7               0               0
           2.72               0               0
           2.74               0               0
           2.76               0               0
           2.78               0               0
            2.8               0               0
           2.82               0               0
           2.84               0               0
           2.86               0               0
           2.88               0               0
            2.9               0               0
           2.92               0               0
           2.94               0               0
           2.96               0               0
           2.98               0               0
              3               0               0
           3.02               0               0
           3.04               0               0
           3.06               0               0
           3.08               0               0
            3.1               0               0
           3.12               0               0
           3.14               0               0
           3.16               0               0
           3.18               0               0
            3.2               0               0
           3.22               0               0
           3.24               0               0
           3.26               0               0
           3.28               0               0
            3.3               0               0
           3.32               0               0
           3.34               0               0
           3.36               0               0
           3.38               0               0
            3.4               0               0
           3.42               0               0
           3.44               0               0
           3.46               0               0
           3.48               0               0
            3.5               0               0
           3.52               0               0
           3.54               0               0
           3.56               0               0
           3.58               0               0
            3.6               0               0
           3.62               0               0
           3.64               0               0
           3.66               0               0
           3.68               0               0
            3.7               0               0
           3.72               0               0
           3.74               0               0
           3.76               0               0
           3.78               0               0
            3.8               0               0
           3.82               0               0
           3.84               0               0
           3.86               0               0
           3.88               0               0
            3.9               0               0
           3.92               0               0
           3.94               0               0
           3.96               0               0
           3.98               0               0
              4               0               0
           4.02               0               0
           4.04               0               0
           4.06               0               0
           4.08               0               0
            4.1               0               0
           4.12               0               0
           4.14               0               0
           4.16               0               0
           4.18               0               0
            4.2               0               0
           4.22               0               0
           4.24               0               0
           4.26               0               0
           4.28               0               0
            4.3               0               0
           4.32               0               0
           4.34               0               0
           4.36               0               0
           4.38               0               0
            4.4               0               0
           4.42               0               0
           4.44               0               0
           4.46               0               0
           4.48               0               0
            4.5               0               0
           4.52               0               0
           4.54               0               0
           4.56               0               0
           4.58               0               0
            4.6               0               0
           4.62               0               0
           4.64               0               0
           4.66               0               0
           4.68               0               0
            4.7               0               0
           4.72               0               0
           4.74               0               0
           4.76               0               0
           4.78               0               0
            4.8               0               0
           4.82               0               0
           4.84               0               0
           4.86               0               0
           4.88               0               0
            4.9               0               0
           4.92               0               0
           4.94               0               0
           4.96               0               0
           4.98               0               0
              5               0               0
           5.02               0               0
           5.04               0               0
           5.06               0               0
           5.08               0               0
            5.1               0               0
           5.12               0               0
           5.14               0               0
           5.16               0               0
           5.18               0               0
            5.2               0               0
           5.22               0               0
           5.24               0               0
           5.26               0               0
           5.28               0               0
            5.3               0               0
           5.32               0               0
           5.34               0               0
           5.36               0               0
           5.38               0               0
            5.4               0               0
           5.42               0               0
           5.44               0               0
           5.46               0               0
           5.48               0               0
            5.5               0               0
           5.52               0               0
           5.54               0               0
           5.56               0               0
           5.58               0               0
            5.6               0               0
           5.62               0               0
           5.64               0               0
           5.66               0               0
           5.68               0               0
            5.7               0               0
           5.72               0               0
           5.74               0               0
           5.76               0               0
           5.78               0               0
            5.8               0               0
           5.82               0               0
           5.84               0               0
           5.86               0               0
           5.88               0               0
            5.9               0               0
           5.92               0               0
           5.94               0               0
           5.96               0               0
           5.98               0               0
              6               0               0
           6.02               0               0
           6.04               0               0
           6.06               0               0
           6.08               0               0
            6.1               0               0
           6.12               0               0
           6.14               0               0
           6.16               0               0
           6.18               0               0
            6.2               0               0
           6.22               0               0
           6.24               0               0
           6.26               0               0
           6.28               0               0
            6.3               0               0
           6.32               0               0
           6.34               0               0
           6.36               0               0
           6.38               0               0
            6.4               0               0
           6.42               0               0
           6.44               0               0
           6.46               0               0
           6.48               0               0
            6.5               0               0
           6.52               0               0
           6.54               0               0
           6.56               0               0
           6.58               0               0
            6.6               0               0
           6.62               0               0
           6.64               0               0
           6.66               0               0
           6.68               0               0
            6.7               0               0
           6.72               0               0
           6.74               0               0
           6.76               0               0
           6.78               0               0
            6.8               0               0
           6.82               0               0
           6.84               0               0
           6.86               0               0
           6.88               0               0
            6.9               0               0
           6.92               0               0
           6.94               0               0
           6.96               0               0
           6.98               0               0
              7               0               0
           7.02               0               0
           7.04               0               0
           7.06               0               0
           7.08               0               0
            7.1               0               0
           7.12               0               0
           7.14               0               0
           7.16               0               0
           7.18               0               0
            7.2               0               0
           7.22               0               0
           7.24               0               0
           7.26               0               0
           7.28               0               0
            7.3               0               0
           7.32               0               0
           7.34               0               0
           7.36               0               0
           7.38               0               0
            7.4               0               0
           7.42               0               0
           7.44               0               0
           7.46               0               0
           7.48               0               0
            7.5               0               0
           7.52               0               0
           7.54               0               0
           7.56               0               0
           7.58               0               0
            7.6               0               0
           7.62               0               0
           7.64               0               0
           7.66               0               0
           7.68               0               0
            7.7               0               0
           7.72               0               0
           7.74               0               0
           7.76               0               0
           7.78               0               0
            7.8               0               0
           7.82               0               0
           7.84               0               0
           7.86               0               0
           7.88               0               0
            7.9               0               0
           7.92               0               0
           7.94               0               0
           7.96               0               0
           7.98               0               0
              8               0               0
           8.02               0               0
           8.04               0               0
           8.06               0               0
           8.08               0               0
            8.1               0               0
           8.12               0               0
           8.14               0               0
           8.16               0               0
           8.18               0               0
            8.2               0               0
           8.22               0               0
           8.24               0               0
           8.26               0               0
           8.28               0               0
            8.3               0               0
           8.32               0               0
           8.34               0               0
           8.36               0               0
           8.38               0               0
            8.4               0               0
           8.42               0               0
           8.44               0               0
           8.46               0               0
           8.48               0               0
            8.5               0               0
           8.52               0               0
           8.54               0               0
           8.56               0               0
           8.58               0               0
            8.6               0               0
           8.62               0               0
           8.64               0               0
           8.66               0               0
           8.68               0               0
            8.7               0               0
           8.72               0               0
           8.74               0               0
           8.76               0               0
           8.78               0               0
            8.8               0               0
           8.82               0               0
           8.84               0               0
           8.86               0               0
           8.88               0               0
            8.9               0               0
           8.92               0               0
           8.94               0               0
           8.96               0               0
           8.98               0               0
              9               0               0
           9.02               0               0
           9.04               0               0
           9.06               0               0
           9.08               0               0
            9.1               0               0
           9.12               0               0
           9.14               0               0
           9.16               0               0
           9.18               0               0
            9.2               0               0
           9.22               0               0
           9.24               0               0
           9.26               0               0
           9.28               0               0
            9.3               0               0
           9.32               0               0
           9.34               0               0
           9.36               0               0
           9.38               0               0
            9.4               0               0
           9.42               0               0
           9.44               0               0
           9.46               0               0
           9.48               0               0
            9.5               0               0
           9.52               0               0
           9.54               0               0
           9.56               0               0
           9.58               0               0
            9.6               0               0
           9.62               0               0
           9.64               0               0
           9.66               0               0
           9.68               0               0
            9.7               0               0
           9.72               0               0
           9.74               0               0
           9.76               0               0
           9.78               0               0
            9.8               0               0
           9.82               0               0
           9.84               0               0
           9.86               0               0
           9.88               0               0
            9.9               0               0
           9.92               0               0
           9.94               0               0
           9.96               0               0
           9.98               0               0
             10               0               0
          10.02               1     0.000316228
          10.04               0               0
          10.06               0               0
          10.08               0               0
           10.1               0               0
          10.12               0               0
          10.14               0               0
          10.16               0               0
          10.18               0               0
           10.2               0               0
          10.22               0               0
          10.24               0               0
          10.26               0               0
          10.28               0               0
           10.3               0               0
          10.32               0               0
          10.34               0               0
          10.36               0               0
          10.38               0               0
           10.4               0               0
          10.42               0               0
          10.44               0               0
          10.46               0               0
          10.48               0               0
           10.5               0               0
          10.52               0               0
          10.54               0               0
          10.56               0               0
          10.58               0               0
           10.6               0               0
          10.62               0               0
          10.64               0               0
          10.66               0               0
          10.68               0               0
           10.7               0               0
          10.72               0               0
          10.74               0               0
          10.76               0               0
          10.78               0               0
           10.8               0               0
          10.82               0               0
          10.84               0               0
          10.86               0               0
          10.88               0               0
           10.9               0               0
          10.92               0               0
          10.94               0               0
          10.96               0               0
          10.98               0               0
             11               0               0
          11.02               0               0
          11.04               0               0
          11.06               0               0
          11.08               0               0
           11.1               0               0
          11.12               0               0
          11.14               0               0
          11.16               0               0
          11.18               0               0
           11.2               0               0
          11.22               0               0
          11.24               0               0
          11.26               0               0
          11.28               0               0
           11.3               0               0
          11.32               0               0
          11.34               0               0
          11.36               0               0
          11.38               0               0
           11.4               0               0
          11.42               0               0
          11.44               0               0
          11.46               0               0
          11.48               0               0
           11.5               0               0
          11.52               0               0
          11.54               0               0
          11.56               0               0
          11.58               0               0
           11.6               0               0
          11.62               0               0
          11.64               0               0
          11.66               0               0
          11.68               0               0
           11.7               0               0
          11.72               0               0
          11.74               0               0
          11.76               0               0
          11.78               0               0
           11.8               0               0
          11.82               0               0
          11.84               0               0
          11.86               0               0
          11.88               0               0
           11.9               0               0
          11.92               0               0
          11.94               0               0
          11.96               0               0
          11.98               0               0
             12               0               0
          12.02               0               0
          12.04               0               0
          12.06               0               0
          12.08               0               0
           12.1               0               0
          12.12               0               0
          12.14               0               0
          12.16               0               0
          12.18               0               0
           12.2               0               0
          12.22               0               0
          12.24               0               0
          12.26               0               0
          12.28               0               0
           12.3               0               0
          12.32               0               0
          12.34               0               0
          12.36               0               0
          12.38               0               0
           12.4               0               0
          12.42               0               0
          12.44               0               0
          12.46               0               0
          12.48               0               0
           12.5               0               0
          12.52               0               0
          12.54               0               0
          12.56               0               0
          12.58               0               0
           12.6               0               0
          12.62               0               0
          12.64               0               0
          12.66               0               0
          12.68               0               0
           12.7               0               0
          12.72               0               0
          12.74               0               0
          12.76               0               0
          12.78               0               0
           12.8               0               0
          12.82               0               0
          12.84               0               0
          12.86               0               0
          12.88               0               0
           12.9               0               0
          12.92               0               0
          12.94               0               0
          12.96               0               0
          12.98               0               0
             13               0               0
          13.02               0               0
          13.04               0               0
          13.06               0               0
          13.08               0               0
           13.1               0               0
          13.12               0               0
          13.14               0               0
          13.16               0               0
          13.18               0               0
           13.2               0               0
          13.22               0               0
          13.24               0               0
          13.26               0               0
          13.28               0               0
           13.3               0               0
          13.32               0               0
          13.34               0               0
          13.36               0               0
          13.38               0               0
           13.4               0               0
          13.42               0               0
          13.44               0               0
          13.46               0               0
          13.48               0               0
           13.5               0               0
          13.52               0               0
          13.54               0               0
          13.56               0               0
          13.58               0               0
           13.6               0               0
          13.62               0               0
          13.64               0               0
          13.66               0               0
          13.68               0               0
           13.7               0               0
          13.72               0               0
          13.74               0               0
          13.76               0               0
          13.78               0               0
           13.8               0               0
          13.82               0               0
          13.84               0               0
          13.86               0               0
          13.88               0               0
           13.9               0               0
          13.92               0               0
          13.94               0               0
          13.96               0               0
          13.98               0               0
             14               0               0
          14.02               0               0
          14.04               0               0
          14.06               0               0
          14.08               0               0
           14.1               0               0
          14.12               0               0
          14.14               0               0
          14.16               0               0
          14.18               0               0
           14.2               0               0
          14.22               0               0
          14.24               0               0
          14.26               0               0
          14.28               0               0
           14.3               0               0
          14.32               0               0
          14.34               0               0
          14.36               0               0
          14.38               0               0
           14.4               0               0
          14.42               0               0
          14.44               0               0
          14.46               0               0
          14.48               0               0
           14.5               0               0
          14.52               0               0
          14.54               0               0
          14.56               0               0
          14.58               0               0
           14.6               0               0
          14.62               0               0
          14.64               0               0
          14.66               0               0
          14.68               0               0
           14.7               0               0
          14.72               0               0
          14.74               0               0
          14.76               0               0
          14.78               0               0
           14.8               0               0
          14.82               0               0
          14.84               0               0
          14.86               0               0
          14.88               0               0
           14.9               0               0
          14.92               0               0
          14.94               0               0
          14.96               0               0
          14.98               0               0
             15               0               0
          15.02               0               0
          15.04               0               0
          15.06               0               0
          15.08               0               0
           15.1               0               0
          15.12               0               0
          15.14               0               0
          15.16               0               0
          15.18               0               0
           15.2               0               0
          15.22               0               0
          15.24               0               0
          15.26               0               0
          15.28               0               0
           15.3               0               0
          15.32               0               0
          15.34               0               0
          15.36               0               0
          15.38               0               0
           15.4               0               0
          15.42               0               0
          15.44               0               0
          15.46               0               0
          15.48               0               0
           15.5               0               0
          15.52               0               0
          15.54               0               0
          15.56               0               0
          15.58               0               0
           15.6               0               0
          15.62               0               0
          15.64               0               0
          15.66               0               0
          15.68               0               0
           15.7               0               0
          15.72               0               0
          15.74               0               0
          15.76               0               0
          15.78               0               0
           15.8               0               0
          15.82               0               0
          15.84               0               0
          15.86               0               0
          15.88               0               0
           15.9               0               0
          15.92               0               0
          15.94               0               0
          15.96               0               0
          15.98               0               0
             16               0               0
          16.02               0               0
          16.04               0               0
          16.06               0               0
          16.08               0               0
           16.1               0               0
          16.12               0               0
          16.14               0               0
          16.16               0               0
          16.18               0               0
           16.2               0               0
          16.22               0               0
          16.24               0               0
          16.26               0               0
          16.28               0               0
           16.3               0               0
          16.32               0               0
          16.34               0               0
          16.36               0               0
          16.38               0               0
           16.4               0               0
          16.42               0               0
          16.44               0               0
          16.46               0               0
          16.48               0               0
           16.5               0               0
          16.52               0               0
          16.54               0               0
          16.56               0               0
          16.58               0               0
           16.6               0               0
          16.62               0               0
          16.64               0               0
          16.66               0               0
          16.68               0               0
           16.7               0               0
          16.72               0               0
          16.74               0               0
          16.76               0               0
          16.78               0               0
           16.8               0               0
          16.82               0               0
          16.84               0               0
          16.86               0               0
          16.88               0               0
           16.9               0               0
          16.92               0               0
          16.94               0               0
          16.96               0               0
          16.98               0               0
             17               0               0
          17.02               0               0
          17.04               0               0
          17.06               0               0
          17.08               0               0
           17.1               0               0
          17.12               0               0
          17.14               0               0
          17.16               0               0
          17.18               0               0
           17.2               0               0
          17.22               0               0
          17.24               0               0
          17.26               0               0
          17.28               0               0
           17.3               0               0
          17.32               0               0
          17.34               0               0
          17.36               0               0
          17.38               0               0
           17.4               0               0
          17.42               0               0
          17.44               0               0
          17.46               0               0
          17.48               0               0
           17.5               0               0
          17.52               0               0
          17.54               0               0
          17.56               0               0
          17.58               0               0
           17.6               0               0
          17.62               0               0
          17.64               0               0
          17.66               0               0
          17.68               0               0
           17.7               0               0
          17.72               0               0
          17.74               0               0
          17.76               0               0
          17.78               0               0
           17.8               0               0
          17.82               0               0
          17.84               0               0
          17.86               0               0
          17.88               0               0
           17.9               0               0
          17.92               0               0
          17.94               0               0
          17.96               0               0
          17.98               0               0
             18               0               0
          18.02               0               0
          18.04               0               0
          18.06               0               0
          18.08               0               0
           18.1               0               0
          18.12               0               0
          18.14               0               0
          18.16               0               0
          18.18               0               0
           18.2               0               0
          18.22               0               0
          18.24               0               0
          18.26               0               0
          18.28               0               0
           18.3               0               0
          18.32               0               0
          18.34               0               0
          18.36               0               0
          18.38               0               0
           18.4               0               0
          18.42               0               0
          18.44               0               0
          18.46               0               0
          18.48               0               0
           18.5               0               0
          18.52               0               0
          18.54               0               0
          18.56               0               0
          18.58               0               0
           18.6               0               0
          18.62               0               0
          18.64               0               0
          18.66               0               0
          18.68               0               0
           18.7               0               0
          18.72               0               0
          18.74               0               0
          18.76               0               0
          18.78               0               0
           18.8               0               0
          18.82               0               0
          18.84               0               0
          18.86               0               0
          18.88               0               0
           18.9               0               0
          18.92               0               0
          18.94               0               0
          18.96               0               0
          18.98               0               0
             19               0               0
          19.02               0               0
          19.04               0               0
          19.06               0               0
          19.08               0               0
           19.1               0               0
          19.12               0               0
          19.14               0               0
          19.16               0               0
          19.18               0               0
           19.2               0               0
          19.22               0               0
          19.24               0               0
          19.26               0               0
          19.28               0               0
           19.3               0               0
          19.32               0               0
          19.34               0               0
          19.36               0               0
          19.38               0               0
           19.4               0               0
          19.42               0               0
          19.44               0               0
          19.46               0               0
          19.48               0               0
           19.5               0               0
          19.52               0               0
          19.54               0               0
          19.56               0               0
          19.58               0               0
           19.6               0               0
          19.62               0               0
          19.64               0               0
          19.66               0               0
          19.68               0               0
           19.7               0               0
          19.72               0               0
          19.74               0               0
          19.76               0               0
          19.78               0               0
           19.8               0               0
          19.82               0               0
          19.84               0               0
          19.86               0               0
          19.88               0               0
           19.9               0               0
          19.92               0               0
          19.94               0               0
          19.96               0               0
          19.98               0               0
             20               0               0
          20.02               0               0

