NSpec_Sample  1000  20
              0      2.2194e-05     4.74045e-08
           0.02     6.96929e-08     2.66483e-09
           0.04     1.24023e-07     3.55376e-09
           0.06     1.51663e-07     3.92914e-09
           0.08     1.80912e-07     4.29056e-09
            0.1     1.96385e-07     4.47035e-09
           0.12     2.13665e-07     4.66158e-09
           0.14     2.21309e-07     4.74332e-09
           0.16     2.25625e-07     4.78877e-09
           0.18     2.40128e-07     4.93995e-09
            0.2     2.43153e-07     4.97073e-09
           0.22     2.55548e-07     5.09484e-09
           0.24     2.53534e-07      5.0749e-09
           0.26     2.56788e-07      5.1074e-09
           0.28     2.54238e-07     5.08086e-09
            0.3     2.58723e-07     5.12564e-09
           0.32      2.6177e-07     5.15576e-09
           0.34     2.67985e-07     5.21581e-09
           0.36     2.80388e-07     5.33437e-09
           0.38     2.67363e-07     5.20965e-09
            0.4     2.68991e-07     5.22551e-09
           0.42     2.66749e-07      5.2026e-09
           0.44       2.713e-07     5.24764e-09
           0.46     2.54831e-07      5.0846e-09
           0.48     2.60859e-07     5.14479e-09
            0.5     2.59824e-07     5.13439e-09
           0.52     2.66383e-07     5.19844e-09
           0.54     2.59074e-07     5.12757e-09
           0.56     2.57377e-07     5.11104e-09
           0.58     2.57828e-07     5.11496e-09
            0.6     2.53411e-07     5.07143e-09
           0.62      2.5232e-07     5.06075e-09
           0.64     2.53689e-07     5.07394e-09
           0.66     2.47273e-07     5.00913e-09
           0.68     2.48285e-07     5.01935e-09
            0.7     2.43612e-07     4.97182e-09
           0.72     2.56027e-07     5.09629e-09
           0.74     2.43846e-07      4.9735e-09
           0.76     2.39743e-07     4.93101e-09
           0.78     2.41268e-07     4.94774e-09
            0.8      2.3854e-07     4.91876e-09
           0.82     2.39845e-07     4.93205e-09
           0.84      2.3249e-07     4.85529e-09
           0.86     2.24582e-07     4.77199e-09
           0.88     2.23967e-07     4.76647e-09
            0.9     2.30083e-07     4.83035e-09
           0.92     2.21631e-07     4.74043e-09
           0.94     2.21186e-07     4.73525e-09
           0.96     2.09763e-07     4.61057e-09
           0.98     2.12574e-07     4.64218e-09
              1     2.06632e-07     4.57617e-09
           1.02       2.139e-07     4.65562e-09
           1.04     2.15253e-07     4.67072e-09
           1.06     2.07759e-07     4.58763e-09
           1.08       1.951e-07     4.44685e-09
            1.1     1.97559e-07     4.47394e-09
           1.12     1.91952e-07      4.4096e-09
           1.14      2.0019e-07     4.50361e-09
           1.16     1.92651e-07      4.4175e-09
           1.18     1.81562e-07     4.28791e-09
            1.2     1.83435e-07     4.31055e-09
           1.22     1.83988e-07      4.3164e-09
           1.24     1.78307e-07     4.24911e-09
           1.26     1.86138e-07     4.34064e-09
           1.28     1.66429e-07     4.10476e-09
            1.3     1.71739e-07     4.16907e-09
           1.32     1.69144e-07     4.13787e-09
           1.34     1.68289e-07     4.12686e-09
           1.36     1.69425e-07     4.14103e-09
           1.38     1.60261e-07      4.0268e-09
            1.4      1.6271e-07     4.05772e-09
           1.42     1.55657e-07     3.96788e-09
           1.44      1.5292e-07     3.93275e-09
           1.46     1.55874e-07     3.97082e-09
           1.48     1.45548e-07     3.83694e-09
            1.5     1.48791e-07      3.8782e-09
           1.52     1.48947e-07     3.87963e-09
           1.54     1.45033e-07     3.82867e-09
           1.56     1.42441e-07      3.7948e-09
           1.58     1.38339e-07     3.73896e-09
            1.6      1.4092e-07     3.77307e-09
           1.62     1.32852e-07     3.66363e-09
           1.64     1.30086e-07     3.62476e-09
           1.66     1.30132e-07     3.62605e-09
           1.68     1.27563e-07     3.58946e-09
            1.7     1.29062e-07     3.61027e-09
           1.72     1.20663e-07     3.49057e-09
           1.74     1.15171e-07     3.40964e-09
           1.76     1.19519e-07     3.47349e-09
           1.78     1.11596e-07     3.35565e-09
            1.8     1.14245e-07     3.39563e-09
           1.82     1.06759e-07     3.28222e-09
           1.84     1.10581e-07     3.34027e-09
           1.86     1.01106e-07     3.19411e-09
           1.88     1.03502e-07     3.23134e-09
            1.9     1.03677e-07     3.23363e-09
           1.92     9.84478e-08     3.15128e-09
           1.94      9.6199e-08      3.1146e-09
           1.96     9.71012e-08     3.12908e-09
           1.98     9.21264e-08     3.04731e-09
              2     9.42319e-08     3.08175e-09
           2.02      9.1349e-08     3.03491e-09
           2.04     8.73761e-08     2.96748e-09
           2.06     8.43204e-08     2.91457e-09
           2.08     8.46079e-08     2.91928e-09
            2.1     8.22073e-08     2.87787e-09
           2.12     8.29123e-08     2.89018e-09
           2.14      7.7504e-08      2.7949e-09
           2.16     7.91584e-08     2.82352e-09
           2.18     7.37154e-08     2.72463e-09
            2.2     6.85759e-08     2.62786e-09
           2.22     7.11724e-08     2.67674e-09
           2.24     6.84725e-08     2.62583e-09
           2.26      6.8148e-08     2.61917e-09
           2.28       7.298e-08     2.71044e-09
            2.3     6.66054e-08     2.58872e-09
           2.32     6.55948e-08     2.56891e-09
           2.34     6.33803e-08     2.52516e-09
           2.36     6.27762e-08     2.51308e-09
           2.38     5.94506e-08     2.44549e-09
            2.4     5.68315e-08     2.39094e-09
           2.42     5.78128e-08     2.41098e-09
           2.44     5.43072e-08     2.33703e-09
           2.46     5.77263e-08     2.40947e-09
           2.48     5.30839e-08      2.3102e-09
            2.5     5.09663e-08     2.26351e-09
           2.52     5.03523e-08     2.24959e-09
           2.54      4.8648e-08     2.21129e-09
           2.56     4.64344e-08     2.16034e-09
           2.58     4.35174e-08     2.09133e-09
            2.6     4.24111e-08     2.06456e-09
           2.62     4.08889e-08      2.0268e-09
           2.64     4.47221e-08     2.12005e-09
           2.66     3.85763e-08      1.9686e-09
           2.68     4.12807e-08     2.03624e-09
            2.7     4.02763e-08     2.01131e-09
           2.72     3.45459e-08      1.8626e-09
           2.74     3.38518e-08     1.84404e-09
           2.76     3.47377e-08     1.86752e-09
           2.78     3.19253e-08     1.79029e-09
            2.8     3.24242e-08     1.80414e-09
           2.82     3.12232e-08     1.77051e-09
           2.84      2.9305e-08     1.71495e-09
           2.86     2.99107e-08     1.73269e-09
           2.88     2.75032e-08     1.66153e-09
            2.9     2.76924e-08     1.66689e-09
           2.92     2.88005e-08     1.70004e-09
           2.94     2.58863e-08     1.61162e-09
           2.96     2.58793e-08     1.61118e-09
           2.98     2.36794e-08      1.5414e-09
              3     2.31751e-08     1.52481e-09
           3.02      2.4783e-08     1.57691e-09
           3.04     2.10605e-08     1.45332e-09
           3.06     1.99568e-08      1.4147e-09
           3.08     2.12649e-08     1.46049e-09
            3.1     1.89503e-08     1.37843e-09
           3.12     1.85523e-08     1.36399e-09
           3.14     1.68436e-08     1.29952e-09
           3.16     1.59412e-08     1.26422e-09
           3.18     1.47384e-08      1.2156e-09
            3.2     1.49402e-08     1.22395e-09
           3.22     1.50402e-08     1.22803e-09
           3.24     1.37325e-08     1.17325e-09
           3.26      1.2632e-08     1.12535e-09
           3.28     1.31319e-08     1.14734e-09
            3.3     1.14235e-08     1.06991e-09
           3.32     1.10275e-08     1.05143e-09
           3.34     1.05223e-08     1.02688e-09
           3.36     1.00237e-08     1.00237e-09
           3.38     9.31832e-09     9.66266e-10
            3.4     8.31821e-09     9.13043e-10
           3.42     9.41654e-09     9.71242e-10
           3.44     8.51647e-09     9.23742e-10
           3.46     7.41479e-09     8.61953e-10
           3.48     7.71488e-09     8.79193e-10
            3.5     5.91145e-09     7.69605e-10
           3.52     6.81421e-09     8.26345e-10
           3.54     5.61025e-09     7.49702e-10
           3.56     4.30797e-09      6.5696e-10
           3.58     3.80711e-09     6.17596e-10
            3.6     3.50682e-09     5.92761e-10
           3.62     2.30315e-09      4.8024e-10
           3.64     3.40614e-09     5.84148e-10
           3.66     2.20332e-09     4.69751e-10
           3.68     1.70249e-09     4.12915e-10
            3.7     1.00142e-09     3.16676e-10
           3.72     1.40261e-09     3.74865e-10
           3.74     1.30246e-09     3.61237e-10
           3.76     1.00154e-09     3.16716e-10
           3.78     6.01059e-10     2.45382e-10
            3.8     7.00906e-10     2.64918e-10
           3.82     3.00531e-10     1.73512e-10
           3.84      4.0046e-10      2.0023e-10
           3.86     7.00853e-10     2.64898e-10
           3.88     6.00434e-10     2.45126e-10
            3.9     2.00022e-10     1.41437e-10
           3.92     2.00147e-10     1.41525e-10
           3.94     1.00098e-10     1.00098e-10
           3.96     1.00028e-10     1.00028e-10
           3.98               0               0
              4     1.00032e-10     1.00032e-10
           4.02               0               0
           4.04               0               0
           4.06               0               0
           4.08               0               0
            4.1               0               0
           4.12               0               0
           4.14               0               0
           4.16               0               0
           4.18               0               0
            4.2               0               0
           4.22               0               0
           4.24               0               0
           4.26               0               0
           4.28               0               0
            4.3               0               0
           4.32               0               0
           4.34               0               0
           4.36               0               0
           4.38               0               0
            4.4               0               0
           4.42               0               0
           4.44               0               0
           4.46               0               0
           4.48               0               0
            4.5               0               0
           4.52               0               0
           4.54               0               0
           4.56               0               0
           4.58               0               0
            4.6               0               0
           4.62               0               0
           4.64               0               0
           4.66               0               0
           4.68               0               0
            4.7               0               0
           4.72               0               0
           4.74               0               0
           4.76               0               0
           4.78               0               0
            4.8               0               0
           4.82               0               0
           4.84               0               0
           4.86               0               0
           4.88               0               0
            4.9               0               0
           4.92               0               0
           4.94               0               0
           4.96               0               0
           4.98               0               0
              5               0               0
           5.02               0               0
           5.04               0               0
           5.06               0               0
           5.08               0               0
            5.1               0               0
           5.12               0               0
           5.14               0               0
           5.16               0               0
           5.18               0               0
            5.2               0               0
           5.22               0               0
           5.24               0               0
           5.26               0               0
           5.28               0               0
            5.3               0               0
           5.32               0               0
           5.34               0               0
           5.36               0               0
           5.38               0               0
            5.4               0               0
           5.42               0               0
           5.44               0               0
           5.46               0               0
           5.48               0               0
            5.5               0               0
           5.52               0               0
           5.54               0               0
           5.56               0               0
           5.58               0               0
            5.6               0               0
           5.62               0               0
           5.64               0               0
           5.66               0               0
           5.68               0               0
            5.7               0               0
           5.72               0               0
           5.74               0               0
           5.76               0               0
           5.78               0               0
            5.8               0               0
           5.82               0               0
           5.84               0               0
           5.86               0               0
           5.88               0               0
            5.9               0               0
           5.92               0               0
           5.94               0               0
           5.96               0               0
           5.98               0               0
              6               0               0
           6.02               0               0
           6.04               0               0
           6.06               0               0
           6.08               0               0
            6.1               0               0
           6.12               0               0
           6.14               0               0
           6.16               0               0
           6.18               0               0
            6.2               0               0
           6.22               0               0
           6.24               0               0
           6.26               0               0
           6.28               0               0
            6.3               0               0
           6.32               0               0
           6.34               0               0
           6.36               0               0
           6.38               0               0
            6.4               0               0
           6.42               0               0
           6.44               0               0
           6.46               0               0
           6.48               0               0
            6.5               0               0
           6.52               0               0
           6.54               0               0
           6.56               0               0
           6.58               0               0
            6.6               0               0
           6.62               0               0
           6.64               0               0
           6.66               0               0
           6.68               0               0
            6.7               0               0
           6.72               0               0
           6.74               0               0
           6.76               0               0
           6.78               0               0
            6.8               0               0
           6.82               0               0
           6.84               0               0
           6.86               0               0
           6.88               0               0
            6.9               0               0
           6.92               0               0
           6.94               0               0
           6.96               0               0
           6.98               0               0
              7               0               0
           7.02               0               0
           7.04               0               0
           7.06               0               0
           7.08               0               0
            7.1               0               0
           7.12               0               0
           7.14               0               0
           7.16               0               0
           7.18               0               0
            7.2               0               0
           7.22               0               0
           7.24               0               0
           7.26               0               0
           7.28               0               0
            7.3               0               0
           7.32               0               0
           7.34               0               0
           7.36               0               0
           7.38               0               0
            7.4               0               0
           7.42               0               0
           7.44               0               0
           7.46               0               0
           7.48               0               0
            7.5               0               0
           7.52               0               0
           7.54               0               0
           7.56               0               0
           7.58               0               0
            7.6               0               0
           7.62               0               0
           7.64               0               0
           7.66               0               0
           7.68               0               0
            7.7               0               0
           7.72               0               0
           7.74               0               0
           7.76               0               0
           7.78               0               0
            7.8               0               0
           7.82               0               0
           7.84               0               0
           7.86               0               0
           7.88               0               0
            7.9               0               0
           7.92               0               0
           7.94               0               0
           7.96               0               0
           7.98               0               0
              8               0               0
           8.02               0               0
           8.04               0               0
           8.06               0               0
           8.08               0               0
            8.1               0               0
           8.12               0               0
           8.14               0               0
           8.16               0               0
           8.18               0               0
            8.2               0               0
           8.22               0               0
           8.24               0               0
           8.26               0               0
           8.28               0               0
            8.3               0               0
           8.32               0               0
           8.34               0               0
           8.36               0               0
           8.38               0               0
            8.4               0               0
           8.42               0               0
           8.44               0               0
           8.46               0               0
           8.48               0               0
            8.5               0               0
           8.52               0               0
           8.54               0               0
           8.56               0               0
           8.58               0               0
            8.6               0               0
           8.62               0               0
           8.64               0               0
           8.66               0               0
           8.68               0               0
            8.7               0               0
           8.72               0               0
           8.74               0               0
           8.76               0               0
           8.78               0               0
            8.8               0               0
           8.82               0               0
           8.84               0               0
           8.86               0               0
           8.88               0               0
            8.9               0               0
           8.92               0               0
           8.94               0               0
           8.96               0               0
           8.98               0               0
              9               0               0
           9.02               0               0
           9.04               0               0
           9.06               0               0
           9.08               0               0
            9.1               0               0
           9.12               0               0
           9.14               0               0
           9.16               0               0
           9.18               0               0
            9.2               0               0
           9.22               0               0
           9.24               0               0
           9.26               0               0
           9.28               0               0
            9.3               0               0
           9.32               0               0
           9.34               0               0
           9.36               0               0
           9.38               0               0
            9.4               0               0
           9.42               0               0
           9.44               0               0
           9.46               0               0
           9.48               0               0
            9.5               0               0
           9.52               0               0
           9.54               0               0
           9.56               0               0
           9.58               0               0
            9.6               0               0
           9.62               0               0
           9.64               0               0
           9.66               0               0
           9.68               0               0
            9.7               0               0
           9.72               0               0
           9.74               0               0
           9.76               0               0
           9.78               0               0
            9.8               0               0
           9.82               0               0
           9.84               0               0
           9.86               0               0
           9.88               0               0
            9.9               0               0
           9.92               0               0
           9.94               0               0
           9.96               0               0
           9.98               0               0
             10               0               0
          10.02               0               0
          10.04               0               0
          10.06               0               0
          10.08               0               0
           10.1               0               0
          10.12               0               0
          10.14               0               0
          10.16               0               0
          10.18               0               0
           10.2               0               0
          10.22               0               0
          10.24               0               0
          10.26               0               0
          10.28               0               0
           10.3               0               0
          10.32               0               0
          10.34               0               0
          10.36               0               0
          10.38               0               0
           10.4               0               0
          10.42               0               0
          10.44               0               0
          10.46               0               0
          10.48               0               0
           10.5               0               0
          10.52               0               0
          10.54               0               0
          10.56               0               0
          10.58               0               0
           10.6               0               0
          10.62               0               0
          10.64               0               0
          10.66               0               0
          10.68               0               0
           10.7               0               0
          10.72               0               0
          10.74               0               0
          10.76               0               0
          10.78               0               0
           10.8               0               0
          10.82               0               0
          10.84               0               0
          10.86               0               0
          10.88               0               0
           10.9               0               0
          10.92               0               0
          10.94               0               0
          10.96               0               0
          10.98               0               0
             11               0               0
          11.02               0               0
          11.04               0               0
          11.06               0               0
          11.08               0               0
           11.1               0               0
          11.12               0               0
          11.14               0               0
          11.16               0               0
          11.18               0               0
           11.2               0               0
          11.22               0               0
          11.24               0               0
          11.26               0               0
          11.28               0               0
           11.3               0               0
          11.32               0               0
          11.34               0               0
          11.36               0               0
          11.38               0               0
           11.4               0               0
          11.42               0               0
          11.44               0               0
          11.46               0               0
          11.48               0               0
           11.5               0               0
          11.52               0               0
          11.54               0               0
          11.56               0               0
          11.58               0               0
           11.6               0               0
          11.62               0               0
          11.64               0               0
          11.66               0               0
          11.68               0               0
           11.7               0               0
          11.72               0               0
          11.74               0               0
          11.76               0               0
          11.78               0               0
           11.8               0               0
          11.82               0               0
          11.84               0               0
          11.86               0               0
          11.88               0               0
           11.9               0               0
          11.92               0               0
          11.94               0               0
          11.96               0               0
          11.98               0               0
             12               0               0
          12.02               0               0
          12.04               0               0
          12.06               0               0
          12.08               0               0
           12.1               0               0
          12.12               0               0
          12.14               0               0
          12.16               0               0
          12.18               0               0
           12.2               0               0
          12.22               0               0
          12.24               0               0
          12.26               0               0
          12.28               0               0
           12.3               0               0
          12.32               0               0
          12.34               0               0
          12.36               0               0
          12.38               0               0
           12.4               0               0
          12.42               0               0
          12.44               0               0
          12.46               0               0
          12.48               0               0
           12.5               0               0
          12.52               0               0
          12.54               0               0
          12.56               0               0
          12.58               0               0
           12.6               0               0
          12.62               0               0
          12.64               0               0
          12.66               0               0
          12.68               0               0
           12.7               0               0
          12.72               0               0
          12.74               0               0
          12.76               0               0
          12.78               0               0
           12.8               0               0
          12.82               0               0
          12.84               0               0
          12.86               0               0
          12.88               0               0
           12.9               0               0
          12.92               0               0
          12.94               0               0
          12.96               0               0
          12.98               0               0
             13               0               0
          13.02               0               0
          13.04               0               0
          13.06               0               0
          13.08               0               0
           13.1               0               0
          13.12               0               0
          13.14               0               0
          13.16               0               0
          13.18               0               0
           13.2               0               0
          13.22               0               0
          13.24               0               0
          13.26               0               0
          13.28               0               0
           13.3               0               0
          13.32               0               0
          13.34               0               0
          13.36               0               0
          13.38               0               0
           13.4               0               0
          13.42               0               0
          13.44               0               0
          13.46               0               0
          13.48               0               0
           13.5               0               0
          13.52               0               0
          13.54               0               0
          13.56               0               0
          13.58               0               0
           13.6               0               0
          13.62               0               0
          13.64               0               0
          13.66               0               0
          13.68               0               0
           13.7               0               0
          13.72               0               0
          13.74               0               0
          13.76               0               0
          13.78               0               0
           13.8               0               0
          13.82               0               0
          13.84               0               0
          13.86               0               0
          13.88               0               0
           13.9               0               0
          13.92               0               0
          13.94               0               0
          13.96               0               0
          13.98               0               0
             14               0               0
          14.02               0               0
          14.04               0               0
          14.06               0               0
          14.08               0               0
           14.1               0               0
          14.12               0               0
          14.14               0               0
          14.16               0               0
          14.18               0               0
           14.2               0               0
          14.22               0               0
          14.24               0               0
          14.26               0               0
          14.28               0               0
           14.3               0               0
          14.32               0               0
          14.34               0               0
          14.36               0               0
          14.38               0               0
           14.4               0               0
          14.42               0               0
          14.44               0               0
          14.46               0               0
          14.48               0               0
           14.5               0               0
          14.52               0               0
          14.54               0               0
          14.56               0               0
          14.58               0               0
           14.6               0               0
          14.62               0               0
          14.64               0               0
          14.66               0               0
          14.68               0               0
           14.7               0               0
          14.72               0               0
          14.74               0               0
          14.76               0               0
          14.78               0               0
           14.8               0               0
          14.82               0               0
          14.84               0               0
          14.86               0               0
          14.88               0               0
           14.9               0               0
          14.92               0               0
          14.94               0               0
          14.96               0               0
          14.98               0               0
             15               0               0
          15.02               0               0
          15.04               0               0
          15.06               0               0
          15.08               0               0
           15.1               0               0
          15.12               0               0
          15.14               0               0
          15.16               0               0
          15.18               0               0
           15.2               0               0
          15.22               0               0
          15.24               0               0
          15.26               0               0
          15.28               0               0
           15.3               0               0
          15.32               0               0
          15.34               0               0
          15.36               0               0
          15.38               0               0
           15.4               0               0
          15.42               0               0
          15.44               0               0
          15.46               0               0
          15.48               0               0
           15.5               0               0
          15.52               0               0
          15.54               0               0
          15.56               0               0
          15.58               0               0
           15.6               0               0
          15.62               0               0
          15.64               0               0
          15.66               0               0
          15.68               0               0
           15.7               0               0
          15.72               0               0
          15.74               0               0
          15.76               0               0
          15.78               0               0
           15.8               0               0
          15.82               0               0
          15.84               0               0
          15.86               0               0
          15.88               0               0
           15.9               0               0
          15.92               0               0
          15.94               0               0
          15.96               0               0
          15.98               0               0
             16               0               0
          16.02               0               0
          16.04               0               0
          16.06               0               0
          16.08               0               0
           16.1               0               0
          16.12               0               0
          16.14               0               0
          16.16               0               0
          16.18               0               0
           16.2               0               0
          16.22               0               0
          16.24               0               0
          16.26               0               0
          16.28               0               0
           16.3               0               0
          16.32               0               0
          16.34               0               0
          16.36               0               0
          16.38               0               0
           16.4               0               0
          16.42               0               0
          16.44               0               0
          16.46               0               0
          16.48               0               0
           16.5               0               0
          16.52               0               0
          16.54               0               0
          16.56               0               0
          16.58               0               0
           16.6               0               0
          16.62               0               0
          16.64               0               0
          16.66               0               0
          16.68               0               0
           16.7               0               0
          16.72               0               0
          16.74               0               0
          16.76               0               0
          16.78               0               0
           16.8               0               0
          16.82               0               0
          16.84               0               0
          16.86               0               0
          16.88               0               0
           16.9               0               0
          16.92               0               0
          16.94               0               0
          16.96               0               0
          16.98               0               0
             17               0               0
          17.02               0               0
          17.04               0               0
          17.06               0               0
          17.08               0               0
           17.1               0               0
          17.12               0               0
          17.14               0               0
          17.16               0               0
          17.18               0               0
           17.2               0               0
          17.22               0               0
          17.24               0               0
          17.26               0               0
          17.28               0               0
           17.3               0               0
          17.32               0               0
          17.34               0               0
          17.36               0               0
          17.38               0               0
           17.4               0               0
          17.42               0               0
          17.44               0               0
          17.46               0               0
          17.48               0               0
           17.5               0               0
          17.52               0               0
          17.54               0               0
          17.56               0               0
          17.58               0               0
           17.6               0               0
          17.62               0               0
          17.64               0               0
          17.66               0               0
          17.68               0               0
           17.7               0               0
          17.72               0               0
          17.74               0               0
          17.76               0               0
          17.78               0               0
           17.8               0               0
          17.82               0               0
          17.84               0               0
          17.86               0               0
          17.88               0               0
           17.9               0               0
          17.92               0               0
          17.94               0               0
          17.96               0               0
          17.98               0               0
             18               0               0
          18.02               0               0
          18.04               0               0
          18.06               0               0
          18.08               0               0
           18.1               0               0
          18.12               0               0
          18.14               0               0
          18.16               0               0
          18.18               0               0
           18.2               0               0
          18.22               0               0
          18.24               0               0
          18.26               0               0
          18.28               0               0
           18.3               0               0
          18.32               0               0
          18.34               0               0
          18.36               0               0
          18.38               0               0
           18.4               0               0
          18.42               0               0
          18.44               0               0
          18.46               0               0
          18.48               0               0
           18.5               0               0
          18.52               0               0
          18.54               0               0
          18.56               0               0
          18.58               0               0
           18.6               0               0
          18.62               0               0
          18.64               0               0
          18.66               0               0
          18.68               0               0
           18.7               0               0
          18.72               0               0
          18.74               0               0
          18.76               0               0
          18.78               0               0
           18.8               0               0
          18.82               0               0
          18.84               0               0
          18.86               0               0
          18.88               0               0
           18.9               0               0
          18.92               0               0
          18.94               0               0
          18.96               0               0
          18.98               0               0
             19               0               0
          19.02               0               0
          19.04               0               0
          19.06               0               0
          19.08               0               0
           19.1               0               0
          19.12               0               0
          19.14               0               0
          19.16               0               0
          19.18               0               0
           19.2               0               0
          19.22               0               0
          19.24               0               0
          19.26               0               0
          19.28               0               0
           19.3               0               0
          19.32               0               0
          19.34               0               0
          19.36               0               0
          19.38               0               0
           19.4               0               0
          19.42               0               0
          19.44               0               0
          19.46               0               0
          19.48               0               0
           19.5               0               0
          19.52               0               0
          19.54               0               0
          19.56               0               0
          19.58               0               0
           19.6               0               0
          19.62               0               0
          19.64               0               0
          19.66               0               0
          19.68               0               0
           19.7               0               0
          19.72               0               0
          19.74               0               0
          19.76               0               0
          19.78               0               0
           19.8               0               0
          19.82               0               0
          19.84               0               0
          19.86               0               0
          19.88               0               0
           19.9               0               0
          19.92               0               0
          19.94               0               0
          19.96               0               0
          19.98               0               0
             20               0               0
          20.02               0               0

AFlux_Sample  1000  20
              0               0               0
           0.02     1.24034e-07     1.69817e-11
           0.04     1.21312e-07     1.38997e-11
           0.06     1.19515e-07     1.23785e-11
           0.08     1.18018e-07     1.13267e-11
            0.1     1.16695e-07     1.05222e-11
           0.12      1.1548e-07     9.86413e-12
           0.14     1.14342e-07     9.30515e-12
           0.16     1.13267e-07     8.82007e-12
           0.18     1.12253e-07     8.39418e-12
            0.2     1.11294e-07     8.01649e-12
           0.22     1.10386e-07     7.67744e-12
           0.24      1.0953e-07     7.37275e-12
           0.26     1.08724e-07     7.09787e-12
           0.28     1.07974e-07     6.85153e-12
            0.3     1.07283e-07     6.63219e-12
           0.32     1.06652e-07     6.43742e-12
           0.34     1.06081e-07     6.26677e-12
           0.36     1.05577e-07     6.11995e-12
           0.38     1.05138e-07     5.99577e-12
            0.4     1.04767e-07     5.89374e-12
           0.42     1.04461e-07     5.81239e-12
           0.44     1.04225e-07     5.75146e-12
           0.46     1.04057e-07     5.70989e-12
           0.48     1.03956e-07     5.68589e-12
            0.5      1.0392e-07      5.6778e-12
           0.52     1.03948e-07     5.68392e-12
           0.54     1.04036e-07     5.70218e-12
           0.56     1.04181e-07     5.73051e-12
           0.58      1.0438e-07     5.76694e-12
            0.6     1.04628e-07     5.80939e-12
           0.62      1.0492e-07     5.85599e-12
           0.64     1.05252e-07     5.90514e-12
           0.66     1.05619e-07     5.95513e-12
           0.68     1.06015e-07     6.00476e-12
            0.7     1.06433e-07     6.05268e-12
           0.72      1.0687e-07     6.09837e-12
           0.74     1.07319e-07     6.14079e-12
           0.76     1.07777e-07      6.1798e-12
           0.78     1.08239e-07     6.21503e-12
            0.8     1.08701e-07     6.24631e-12
           0.82     1.09158e-07     6.27396e-12
           0.84     1.09606e-07     6.29766e-12
           0.86     1.10043e-07     6.31798e-12
           0.88     1.10466e-07      6.3352e-12
            0.9     1.10872e-07     6.34953e-12
           0.92     1.11257e-07     6.36143e-12
           0.94     1.11621e-07     6.37105e-12
           0.96     1.11966e-07     6.37891e-12
           0.98      1.1229e-07     6.38551e-12
              1     1.12591e-07     6.39097e-12
           1.02     1.12868e-07      6.3956e-12
           1.04     1.13123e-07     6.39954e-12
           1.06     1.13358e-07     6.40308e-12
           1.08     1.13572e-07     6.40621e-12
            1.1     1.13766e-07     6.40943e-12
           1.12     1.13939e-07     6.41244e-12
           1.14     1.14096e-07     6.41524e-12
           1.16     1.14236e-07     6.41822e-12
           1.18      1.1436e-07     6.42115e-12
            1.2     1.14469e-07     6.42397e-12
           1.22     1.14567e-07     6.42697e-12
           1.24     1.14651e-07     6.42983e-12
           1.26     1.14725e-07     6.43259e-12
           1.28     1.14789e-07     6.43533e-12
            1.3     1.14844e-07     6.43795e-12
           1.32     1.14891e-07     6.44032e-12
           1.34     1.14932e-07     6.44274e-12
           1.36     1.14966e-07     6.44486e-12
           1.38     1.14996e-07     6.44691e-12
            1.4      1.1502e-07     6.44874e-12
           1.42     1.15041e-07      6.4504e-12
           1.44     1.15058e-07     6.45195e-12
           1.46     1.15073e-07     6.45329e-12
           1.48     1.15084e-07     6.45444e-12
            1.5     1.15095e-07     6.45557e-12
           1.52     1.15102e-07     6.45652e-12
           1.54     1.15109e-07     6.45732e-12
           1.56     1.15114e-07       6.458e-12
           1.58     1.15119e-07     6.45861e-12
            1.6     1.15122e-07     6.45918e-12
           1.62     1.15125e-07      6.4596e-12
           1.64     1.15128e-07     6.46002e-12
           1.66     1.15129e-07     6.46032e-12
           1.68     1.15131e-07     6.46059e-12
            1.7     1.15132e-07     6.46081e-12
           1.72     1.15133e-07     6.46101e-12
           1.74     1.15134e-07     6.46115e-12
           1.76     1.15135e-07     6.46126e-12
           1.78     1.15135e-07     6.46133e-12
            1.8     1.15135e-07     6.46143e-12
           1.82     1.15136e-07      6.4615e-12
           1.84     1.15136e-07     6.46157e-12
           1.86     1.15137e-07     6.46166e-12
           1.88     1.15137e-07     6.46173e-12
            1.9     1.15137e-07      6.4618e-12
           1.92     1.15138e-07     6.46185e-12
           1.94     1.15138e-07     6.46191e-12
           1.96     1.15138e-07     6.46198e-12
           1.98     1.15138e-07     6.46201e-12
              2     1.15139e-07     6.46204e-12
           2.02     1.15139e-07     6.46208e-12
           2.04     1.15139e-07     6.46211e-12
           2.06     1.15139e-07     6.46215e-12
           2.08     1.15139e-07     6.46219e-12
            2.1      1.1514e-07     6.46225e-12
           2.12      1.1514e-07     6.46229e-12
           2.14      1.1514e-07     6.46235e-12
           2.16      1.1514e-07     6.46239e-12
           2.18     1.15141e-07     6.46245e-12
            2.2     1.15141e-07     6.46253e-12
           2.22     1.15141e-07     6.46259e-12
           2.24     1.15141e-07     6.46266e-12
           2.26     1.15141e-07     6.46271e-12
           2.28     1.15142e-07     6.46276e-12
            2.3     1.15142e-07     6.46283e-12
           2.32     1.15142e-07     6.46287e-12
           2.34     1.15142e-07     6.46294e-12
           2.36     1.15143e-07     6.46301e-12
           2.38     1.15143e-07     6.46307e-12
            2.4     1.15143e-07     6.46315e-12
           2.42     1.15143e-07     6.46322e-12
           2.44     1.15144e-07     6.46328e-12
           2.46     1.15144e-07     6.46335e-12
           2.48     1.15144e-07     6.46341e-12
            2.5     1.15144e-07     6.46347e-12
           2.52     1.15144e-07     6.46352e-12
           2.54     1.15145e-07     6.46363e-12
           2.56     1.15145e-07      6.4637e-12
           2.58     1.15145e-07     6.46376e-12
            2.6     1.15145e-07     6.46387e-12
           2.62     1.15145e-07     6.46395e-12
           2.64     1.15146e-07     6.46403e-12
           2.66     1.15146e-07      6.4641e-12
           2.68     1.15146e-07     6.46419e-12
            2.7     1.15146e-07     6.46428e-12
           2.72     1.15147e-07     6.46436e-12
           2.74     1.15147e-07     6.46447e-12
           2.76     1.15147e-07     6.46456e-12
           2.78     1.15147e-07     6.46465e-12
            2.8     1.15147e-07     6.46473e-12
           2.82     1.15148e-07     6.46481e-12
           2.84     1.15148e-07      6.4649e-12
           2.86     1.15148e-07     6.46497e-12
           2.88     1.15148e-07     6.46505e-12
            2.9     1.15148e-07     6.46518e-12
           2.92     1.15149e-07     6.46528e-12
           2.94     1.15149e-07     6.46538e-12
           2.96     1.15149e-07     6.46549e-12
           2.98     1.15149e-07     6.46559e-12
              3     1.15149e-07     6.46568e-12
           3.02      1.1515e-07     6.46577e-12
           3.04      1.1515e-07     6.46586e-12
           3.06      1.1515e-07     6.46597e-12
           3.08      1.1515e-07     6.46611e-12
            3.1      1.1515e-07     6.46623e-12
           3.12     1.15151e-07     6.46635e-12
           3.14     1.15151e-07     6.46647e-12
           3.16     1.15151e-07     6.46661e-12
           3.18     1.15151e-07     6.46674e-12
            3.2     1.15152e-07     6.46688e-12
           3.22     1.15152e-07     6.46701e-12
           3.24     1.15152e-07     6.46716e-12
           3.26     1.15152e-07     6.46728e-12
           3.28     1.15152e-07     6.46742e-12
            3.3     1.15153e-07     6.46754e-12
           3.32     1.15153e-07     6.46766e-12
           3.34     1.15153e-07     6.46779e-12
           3.36     1.15153e-07     6.46792e-12
           3.38     1.15153e-07     6.46808e-12
            3.4     1.15154e-07     6.46825e-12
           3.42     1.15154e-07      6.4684e-12
           3.44     1.15154e-07     6.46857e-12
           3.46     1.15154e-07      6.4687e-12
           3.48     1.15154e-07     6.46883e-12
            3.5     1.15155e-07     6.46897e-12
           3.52     1.15155e-07      6.4691e-12
           3.54     1.15155e-07     6.46927e-12
           3.56     1.15155e-07      6.4694e-12
           3.58     1.15155e-07     6.46956e-12
            3.6     1.15155e-07     6.46975e-12
           3.62     1.15156e-07     6.46993e-12
           3.64     1.15156e-07     6.47008e-12
           3.66     1.15156e-07     6.47022e-12
           3.68     1.15156e-07     6.47038e-12
            3.7     1.15156e-07     6.47052e-12
           3.72     1.15157e-07     6.47067e-12
           3.74     1.15157e-07     6.47086e-12
           3.76     1.15157e-07     6.47101e-12
           3.78     1.15157e-07     6.47113e-12
            3.8     1.15157e-07     6.47127e-12
           3.82     1.15158e-07     6.47143e-12
           3.84     1.15158e-07     6.47162e-12
           3.86     1.15158e-07     6.47182e-12
           3.88     1.15158e-07     6.47201e-12
            3.9     1.15158e-07     6.47222e-12
           3.92     1.15159e-07     6.47246e-12
           3.94      1.1516e-07      6.4728e-12
           3.96     1.15161e-07     6.47342e-12
           3.98     1.15163e-07     6.47459e-12
              4     1.15168e-07     6.47677e-12
           4.02     1.15176e-07     6.48095e-12
           4.04     1.15191e-07     6.48841e-12
           4.06      1.1522e-07     6.50274e-12
           4.08     1.15269e-07     6.52781e-12
            4.1     1.15353e-07     6.57129e-12
           4.12     1.15494e-07     6.64461e-12
           4.14     1.15723e-07     6.76379e-12
           4.16     1.16081e-07     6.94864e-12
           4.18     1.16624e-07     7.22255e-12
            4.2     1.17419e-07     7.60732e-12
           4.22      1.1855e-07     8.12159e-12
           4.24     1.20106e-07     8.77115e-12
           4.26     1.22175e-07     9.54628e-12
           4.28     1.24839e-07     1.04222e-11
            4.3     1.28165e-07     1.13603e-11
           4.32     1.32192e-07     1.23105e-11
           4.34     1.36893e-07     1.32146e-11
           4.36     1.42205e-07     1.40138e-11
           4.38      1.4802e-07     1.46557e-11
            4.4      1.5418e-07     1.51053e-11
           4.42     1.60487e-07      1.5337e-11
           4.44     1.66742e-07     1.53498e-11
           4.46     1.72735e-07     1.51611e-11
           4.48     1.78299e-07      1.4807e-11
            4.5     1.83275e-07     1.43348e-11
           4.52     1.87596e-07     1.37992e-11
           4.54     1.91219e-07     1.32533e-11
           4.56      1.9416e-07     1.27415e-11
           4.58     1.96467e-07     1.22949e-11
            4.6     1.98216e-07     1.19297e-11
           4.62     1.99502e-07     1.16473e-11
           4.64     2.00412e-07     1.14428e-11
           4.66     2.01038e-07     1.12988e-11
           4.68     2.01455e-07     1.12021e-11
            4.7     2.01725e-07     1.11393e-11
           4.72     2.01894e-07     1.10986e-11
           4.74        2.02e-07     1.10715e-11
           4.76     2.02065e-07     1.10528e-11
           4.78     2.02106e-07     1.10389e-11
            4.8     2.02133e-07     1.10275e-11
           4.82     2.02151e-07      1.1018e-11
           4.84     2.02166e-07     1.10087e-11
           4.86     2.02178e-07     1.09997e-11
           4.88     2.02189e-07     1.09911e-11
            4.9     2.02199e-07     1.09831e-11
           4.92     2.02209e-07     1.09743e-11
           4.94     2.02219e-07     1.09659e-11
           4.96     2.02229e-07     1.09576e-11
           4.98     2.02239e-07     1.09486e-11
              5      2.0225e-07     1.09398e-11
           5.02     2.02261e-07     1.09306e-11
           5.04     2.02271e-07     1.09215e-11
           5.06     2.02282e-07     1.09122e-11
           5.08     2.02293e-07     1.09034e-11
            5.1     2.02303e-07     1.08948e-11
           5.12     2.02314e-07     1.08856e-11
           5.14     2.02324e-07     1.08769e-11
           5.16     2.02335e-07     1.08676e-11
           5.18     2.02346e-07     1.08582e-11
            5.2     2.02358e-07     1.08484e-11
           5.22     2.02369e-07      1.0839e-11
           5.24      2.0238e-07     1.08297e-11
           5.26      2.0239e-07      1.0821e-11
           5.28     2.02401e-07     1.08123e-11
            5.3     2.02411e-07     1.08035e-11
           5.32     2.02422e-07     1.07945e-11
           5.34     2.02433e-07     1.07853e-11
           5.36     2.02443e-07     1.07761e-11
           5.38     2.02455e-07     1.07663e-11
            5.4     2.02467e-07     1.07564e-11
           5.42     2.02478e-07     1.07473e-11
           5.44     2.02489e-07     1.07381e-11
           5.46       2.025e-07     1.07285e-11
           5.48     2.02512e-07     1.07186e-11
            5.5     2.02523e-07     1.07088e-11
           5.52     2.02534e-07     1.06996e-11
           5.54     2.02545e-07     1.06905e-11
           5.56     2.02556e-07     1.06811e-11
           5.58     2.02568e-07     1.06716e-11
            5.6     2.02579e-07     1.06625e-11
           5.62      2.0259e-07     1.06523e-11
           5.64     2.02602e-07     1.06427e-11
           5.66     2.02614e-07     1.06328e-11
           5.68     2.02626e-07     1.06225e-11
            5.7     2.02637e-07     1.06134e-11
           5.72     2.02649e-07     1.06034e-11
           5.74     2.02661e-07     1.05934e-11
           5.76     2.02673e-07     1.05834e-11
           5.78     2.02685e-07     1.05734e-11
            5.8     2.02696e-07     1.05636e-11
           5.82     2.02709e-07     1.05532e-11
           5.84     2.02721e-07     1.05432e-11
           5.86     2.02732e-07     1.05338e-11
           5.88     2.02743e-07     1.05242e-11
            5.9     2.02756e-07     1.05134e-11
           5.92     2.02769e-07     1.05031e-11
           5.94     2.02781e-07      1.0493e-11
           5.96     2.02793e-07     1.04824e-11
           5.98     2.02806e-07     1.04712e-11
              6      2.0282e-07       1.046e-11
           6.02     2.02832e-07       1.045e-11
           6.04     2.02845e-07     1.04391e-11
           6.06     2.02858e-07     1.04284e-11
           6.08     2.02871e-07     1.04173e-11
            6.1     2.02883e-07     1.04077e-11
           6.12     2.02895e-07     1.03969e-11
           6.14     2.02908e-07     1.03867e-11
           6.16      2.0292e-07      1.0376e-11
           6.18     2.02933e-07     1.03652e-11
            6.2     2.02946e-07     1.03539e-11
           6.22     2.02959e-07     1.03431e-11
           6.24     2.02972e-07     1.03328e-11
           6.26     2.02985e-07     1.03219e-11
           6.28     2.02997e-07     1.03116e-11
            6.3     2.03009e-07     1.03014e-11
           6.32     2.03023e-07     1.02901e-11
           6.34     2.03035e-07     1.02802e-11
           6.36     2.03048e-07     1.02691e-11
           6.38     2.03062e-07     1.02572e-11
            6.4     2.03075e-07      1.0246e-11
           6.42     2.03088e-07     1.02352e-11
           6.44     2.03101e-07      1.0225e-11
           6.46     2.03114e-07     1.02142e-11
           6.48     2.03127e-07     1.02032e-11
            6.5      2.0314e-07     1.01924e-11
           6.52     2.03153e-07     1.01812e-11
           6.54     2.03166e-07     1.01705e-11
           6.56      2.0318e-07     1.01586e-11
           6.58     2.03193e-07     1.01474e-11
            6.6     2.03207e-07      1.0136e-11
           6.62     2.03221e-07     1.01244e-11
           6.64     2.03235e-07     1.01127e-11
           6.66     2.03249e-07      1.0101e-11
           6.68     2.03262e-07     1.00899e-11
            6.7     2.03276e-07     1.00781e-11
           6.72      2.0329e-07     1.00663e-11
           6.74     2.03305e-07     1.00543e-11
           6.76     2.03319e-07     1.00423e-11
           6.78     2.03333e-07     1.00305e-11
            6.8     2.03347e-07     1.00186e-11
           6.82     2.03361e-07      1.0007e-11
           6.84     2.03375e-07     9.99619e-12
           6.86     2.03386e-07     9.98705e-12
           6.88     2.03396e-07     9.97849e-12
            6.9     2.03407e-07     9.97003e-12
           6.92     2.03416e-07     9.96276e-12
           6.94     2.03424e-07     9.95571e-12
           6.96     2.03432e-07     9.94969e-12
           6.98     2.03439e-07     9.94351e-12
              7     2.03447e-07     9.93734e-12
           7.02     2.03454e-07     9.93166e-12
           7.04      2.0346e-07      9.9263e-12
           7.06     2.03467e-07     9.92104e-12
           7.08     2.03472e-07     9.91663e-12
            7.1     2.03479e-07     9.91177e-12
           7.12     2.03486e-07     9.90727e-12
           7.14     2.03495e-07     9.90396e-12
           7.16     2.03514e-07     9.90273e-12
           7.18     2.03557e-07     9.90634e-12
            7.2     2.03656e-07     9.92163e-12
           7.22     2.03878e-07     9.96348e-12
           7.24     2.04337e-07     1.00588e-11
           7.26     2.05217e-07      1.0248e-11
           7.28     2.06756e-07     1.05784e-11
            7.3     2.09221e-07     1.10771e-11
           7.32     2.12845e-07     1.17286e-11
           7.34     2.17715e-07     1.24471e-11
           7.36     2.23719e-07     1.31063e-11
           7.38      2.3048e-07     1.35759e-11
            7.4     2.37453e-07     1.37826e-11
           7.42     2.44028e-07     1.37335e-11
           7.44      2.4972e-07      1.3505e-11
           7.46     2.54225e-07     1.32054e-11
           7.48     2.57482e-07     1.29267e-11
            7.5     2.59648e-07     1.27151e-11
           7.52     2.60972e-07     1.25768e-11
           7.54     2.61718e-07     1.24932e-11
           7.56     2.62111e-07     1.24411e-11
           7.58     2.62307e-07     1.24054e-11
            7.6     2.62406e-07     1.23746e-11
           7.62     2.62461e-07     1.23486e-11
           7.64     2.62495e-07     1.23226e-11
           7.66     2.62524e-07      1.2296e-11
           7.68     2.62551e-07     1.22706e-11
            7.7     2.62575e-07     1.22454e-11
           7.72     2.62599e-07     1.22211e-11
           7.74     2.62621e-07     1.21982e-11
           7.76     2.62644e-07     1.21748e-11
           7.78     2.62666e-07     1.21515e-11
            7.8      2.6269e-07     1.21267e-11
           7.82     2.62712e-07     1.21037e-11
           7.84     2.62735e-07     1.20803e-11
           7.86     2.62757e-07     1.20571e-11
           7.88     2.62779e-07     1.20353e-11
            7.9       2.628e-07     1.20129e-11
           7.92     2.62822e-07     1.19904e-11
           7.94     2.62843e-07     1.19684e-11
           7.96     2.62864e-07     1.19465e-11
           7.98     2.62884e-07     1.19253e-11
              8     2.62905e-07     1.19032e-11
           8.02     2.62925e-07     1.18824e-11
           8.04     2.62945e-07     1.18615e-11
           8.06     2.62965e-07       1.184e-11
           8.08     2.62986e-07     1.18181e-11
            8.1     2.63007e-07     1.17966e-11
           8.12     2.63027e-07     1.17752e-11
           8.14     2.63046e-07     1.17551e-11
           8.16     2.63065e-07     1.17351e-11
           8.18     2.63084e-07     1.17146e-11
            8.2     2.63104e-07     1.16942e-11
           8.22     2.63122e-07     1.16744e-11
           8.24      2.6314e-07     1.16553e-11
           8.26     2.63159e-07     1.16354e-11
           8.28     2.63178e-07     1.16162e-11
            8.3     2.63195e-07      1.1597e-11
           8.32     2.63212e-07      1.1579e-11
           8.34      2.6323e-07     1.15606e-11
           8.36     2.63247e-07     1.15419e-11
           8.38     2.63264e-07     1.15237e-11
            8.4     2.63282e-07     1.15053e-11
           8.42     2.63298e-07      1.1488e-11
           8.44     2.63314e-07     1.14703e-11
           8.46     2.63331e-07     1.14529e-11
           8.48     2.63346e-07     1.14366e-11
            8.5     2.63361e-07     1.14203e-11
           8.52     2.63376e-07      1.1404e-11
           8.54     2.63391e-07     1.13881e-11
           8.56     2.63405e-07     1.13727e-11
           8.58      2.6342e-07     1.13576e-11
            8.6     2.63433e-07     1.13436e-11
           8.62     2.63447e-07     1.13288e-11
           8.64      2.6346e-07     1.13143e-11
           8.66     2.63472e-07     1.13014e-11
           8.68     2.63484e-07     1.12887e-11
            8.7     2.63496e-07     1.12763e-11
           8.72     2.63507e-07     1.12642e-11
           8.74     2.63518e-07     1.12528e-11
           8.76     2.63527e-07     1.12424e-11
           8.78     2.63537e-07     1.12321e-11
            8.8     2.63546e-07     1.12229e-11
           8.82     2.63555e-07     1.12128e-11
           8.84     2.63564e-07     1.12035e-11
           8.86     2.63571e-07     1.11955e-11
           8.88     2.63578e-07     1.11884e-11
            8.9     2.63584e-07     1.11817e-11
           8.92     2.63591e-07     1.11747e-11
           8.94     2.63597e-07     1.11684e-11
           8.96     2.63603e-07     1.11621e-11
           8.98     2.63608e-07     1.11568e-11
              9     2.63612e-07     1.11518e-11
           9.02     2.63616e-07     1.11477e-11
           9.04      2.6362e-07     1.11433e-11
           9.06     2.63623e-07     1.11399e-11
           9.08     2.63627e-07     1.11362e-11
            9.1     2.63629e-07     1.11337e-11
           9.12     2.63632e-07      1.1131e-11
           9.14     2.63634e-07     1.11291e-11
           9.16     2.63636e-07     1.11271e-11
           9.18     2.63637e-07     1.11255e-11
            9.2     2.63639e-07      1.1124e-11
           9.22      2.6364e-07     1.11228e-11
           9.24     2.63641e-07     1.11217e-11
           9.26     2.63642e-07     1.11204e-11
           9.28     2.63643e-07     1.11195e-11
            9.3     2.63643e-07     1.11189e-11
           9.32     2.63644e-07     1.11181e-11
           9.34     2.63645e-07     1.11172e-11
           9.36     2.63646e-07     1.11164e-11
           9.38     2.63646e-07     1.11157e-11
            9.4     2.63647e-07      1.1115e-11
           9.42     2.63648e-07     1.11142e-11
           9.44     2.63648e-07     1.11136e-11
           9.46     2.63649e-07     1.11127e-11
           9.48      2.6365e-07     1.11117e-11
            9.5     2.63651e-07     1.11107e-11
           9.52     2.63652e-07     1.11093e-11
           9.54     2.63654e-07     1.11076e-11
           9.56     2.63655e-07     1.11059e-11
           9.58     2.63657e-07     1.11043e-11
            9.6     2.63659e-07     1.11023e-11
           9.62     2.63661e-07     1.11001e-11
           9.64     2.63663e-07     1.10978e-11
           9.66     2.63665e-07     1.10955e-11
           9.68     2.63667e-07     1.10934e-11
            9.7      2.6367e-07     1.10907e-11
           9.72     2.63673e-07     1.10877e-11
           9.74     2.63675e-07      1.1085e-11
           9.76     2.63678e-07     1.10825e-11
           9.78      2.6368e-07     1.10799e-11
            9.8     2.63683e-07     1.10775e-11
           9.82     2.63685e-07     1.10748e-11
           9.84     2.63688e-07     1.10721e-11
           9.86      2.6369e-07     1.10702e-11
           9.88     2.63692e-07     1.10683e-11
            9.9     2.63693e-07     1.10669e-11
           9.92     2.63695e-07     1.10655e-11
           9.94     2.63695e-07     1.10647e-11
           9.96     2.63696e-07     1.10642e-11
           9.98     2.63697e-07     1.10637e-11
             10     2.63697e-07     1.10635e-11
          10.02               0               0
          10.04               0               0
          10.06               0               0
          10.08               0               0
           10.1               0               0
          10.12               0               0
          10.14               0               0
          10.16               0               0
          10.18               0               0
           10.2               0               0
          10.22               0               0
          10.24               0               0
          10.26               0               0
          10.28               0               0
           10.3               0               0
          10.32               0               0
          10.34               0               0
          10.36               0               0
          10.38               0               0
           10.4               0               0
          10.42               0               0
          10.44               0               0
          10.46               0               0
          10.48               0               0
           10.5               0               0
          10.52               0               0
          10.54               0               0
          10.56               0               0
          10.58               0               0
           10.6               0               0
          10.62               0               0
          10.64               0               0
          10.66               0               0
          10.68               0               0
           10.7               0               0
          10.72               0               0
          10.74               0               0
          10.76               0               0
          10.78               0               0
           10.8               0               0
          10.82               0               0
          10.84               0               0
          10.86               0               0
          10.88               0               0
           10.9               0               0
          10.92               0               0
          10.94               0               0
          10.96               0               0
          10.98               0               0
             11               0               0
          11.02               0               0
          11.04               0               0
          11.06               0               0
          11.08               0               0
           11.1               0               0
          11.12               0               0
          11.14               0               0
          11.16               0               0
          11.18               0               0
           11.2               0               0
          11.22               0               0
          11.24               0               0
          11.26               0               0
          11.28               0               0
           11.3               0               0
          11.32               0               0
          11.34               0               0
          11.36               0               0
          11.38               0               0
           11.4               0               0
          11.42               0               0
          11.44               0               0
          11.46               0               0
          11.48               0               0
           11.5               0               0
          11.52               0               0
          11.54               0               0
          11.56               0               0
          11.58               0               0
           11.6               0               0
          11.62               0               0
          11.64               0               0
          11.66               0               0
          11.68               0               0
           11.7               0               0
          11.72               0               0
          11.74               0               0
          11.76               0               0
          11.78               0               0
           11.8               0               0
          11.82               0               0
          11.84               0               0
          11.86               0               0
          11.88               0               0
           11.9               0               0
          11.92               0               0
          11.94               0               0
          11.96               0               0
          11.98               0               0
             12               0               0
          12.02               0               0
          12.04               0               0
          12.06               0               0
          12.08               0               0
           12.1               0               0
          12.12               0               0
          12.14               0               0
          12.16               0               0
          12.18               0               0
           12.2               0               0
          12.22               0               0
          12.24               0               0
          12.26               0               0
          12.28               0               0
           12.3               0               0
          12.32               0               0
          12.34               0               0
          12.36               0               0
          12.38               0               0
           12.4               0               0
          12.42               0               0
          12.44               0               0
          12.46               0               0
          12.48               0               0
           12.5               0               0
          12.52               0               0
          12.54               0               0
          12.56               0               0
          12.58               0               0
           12.6               0               0
          12.62               0               0
          12.64               0               0
          12.66               0               0
          12.68               0               0
           12.7               0               0
          12.72               0               0
          12.74               0               0
          12.76               0               0
          12.78               0               0
           12.8               0               0
          12.82               0               0
          12.84               0               0
          12.86               0               0
          12.88               0               0
           12.9               0               0
          12.92               0               0
          12.94               0               0
          12.96               0               0
          12.98               0               0
             13               0               0
          13.02               0               0
          13.04               0               0
          13.06               0               0
          13.08               0               0
           13.1               0               0
          13.12               0               0
          13.14               0               0
          13.16               0               0
          13.18               0               0
           13.2               0               0
          13.22               0               0
          13.24               0               0
          13.26               0               0
          13.28               0               0
           13.3               0               0
          13.32               0               0
          13.34               0               0
          13.36               0               0
          13.38               0               0
           13.4               0               0
          13.42               0               0
          13.44               0               0
          13.46               0               0
          13.48               0               0
           13.5               0               0
          13.52               0               0
          13.54               0               0
          13.56               0               0
          13.58               0               0
           13.6               0               0
          13.62               0               0
          13.64               0               0
          13.66               0               0
          13.68               0               0
           13.7               0               0
          13.72               0               0
          13.74               0               0
          13.76               0               0
          13.78               0               0
           13.8               0               0
          13.82               0               0
          13.84               0               0
          13.86               0               0
          13.88               0               0
           13.9               0               0
          13.92               0               0
          13.94               0               0
          13.96               0               0
          13.98               0               0
             14               0               0
          14.02               0               0
          14.04               0               0
          14.06               0               0
          14.08               0               0
           14.1               0               0
          14.12               0               0
          14.14               0               0
          14.16               0               0
          14.18               0               0
           14.2               0               0
          14.22               0               0
          14.24               0               0
          14.26               0               0
          14.28               0               0
           14.3               0               0
          14.32               0               0
          14.34               0               0
          14.36               0               0
          14.38               0               0
           14.4               0               0
          14.42               0               0
          14.44               0               0
          14.46               0               0
          14.48               0               0
           14.5               0               0
          14.52               0               0
          14.54               0               0
          14.56               0               0
          14.58               0               0
           14.6               0               0
          14.62               0               0
          14.64               0               0
          14.66               0               0
          14.68               0               0
           14.7               0               0
          14.72               0               0
          14.74               0               0
          14.76               0               0
          14.78               0               0
           14.8               0               0
          14.82               0               0
          14.84               0               0
          14.86               0               0
          14.88               0               0
           14.9               0               0
          14.92               0               0
          14.94               0               0
          14.96               0               0
          14.98               0               0
             15               0               0
          15.02               0               0
          15.04               0               0
          15.06               0               0
          15.08               0               0
           15.1               0               0
          15.12               0               0
          15.14               0               0
          15.16               0               0
          15.18               0               0
           15.2               0               0
          15.22               0               0
          15.24               0               0
          15.26               0               0
          15.28               0               0
           15.3               0               0
          15.32               0               0
          15.34               0               0
          15.36               0               0
          15.38               0               0
           15.4               0               0
          15.42               0               0
          15.44               0               0
          15.46               0               0
          15.48               0               0
           15.5               0               0
          15.52               0               0
          15.54               0               0
          15.56               0               0
          15.58               0               0
           15.6               0               0
          15.62               0               0
          15.64               0               0
          15.66               0               0
          15.68               0               0
           15.7               0               0
          15.72               0               0
          15.74               0               0
          15.76               0               0
          15.78               0               0
           15.8               0               0
          15.82               0               0
          15.84               0               0
          15.86               0               0
          15.88               0               0
           15.9               0               0
          15.92               0               0
          15.94               0               0
          15.96               0               0
          15.98               0               0
             16               0               0
          16.02               0               0
          16.04               0               0
          16.06               0               0
          16.08               0               0
           16.1               0               0
          16.12               0               0
          16.14               0               0
          16.16               0               0
          16.18               0               0
           16.2               0               0
          16.22               0               0
          16.24               0               0
          16.26               0               0
          16.28               0               0
           16.3               0               0
          16.32               0               0
          16.34               0               0
          16.36               0               0
          16.38               0               0
           16.4               0               0
          16.42               0               0
          16.44               0               0
          16.46               0               0
          16.48               0               0
           16.5               0               0
          16.52               0               0
          16.54               0               0
          16.56               0               0
          16.58               0               0
           16.6               0               0
          16.62               0               0
          16.64               0               0
          16.66               0               0
          16.68               0               0
           16.7               0               0
          16.72               0               0
          16.74               0               0
          16.76               0               0
          16.78               0               0
           16.8               0               0
          16.82               0               0
          16.84               0               0
          16.86               0               0
          16.88               0               0
           16.9               0               0
          16.92               0               0
          16.94               0               0
          16.96               0               0
          16.98               0               0
             17               0               0
          17.02               0               0
          17.04               0               0
          17.06               0               0
          17.08               0               0
           17.1               0               0
          17.12               0               0
          17.14               0               0
          17.16               0               0
          17.18               0               0
           17.2               0               0
          17.22               0               0
          17.24               0               0
          17.26               0               0
          17.28               0               0
           17.3               0               0
          17.32               0               0
          17.34               0               0
          17.36               0               0
          17.38               0               0
           17.4               0               0
          17.42               0               0
          17.44               0               0
          17.46               0               0
          17.48               0               0
           17.5               0               0
          17.52               0               0
          17.54               0               0
          17.56               0               0
          17.58               0               0
           17.6               0               0
          17.62               0               0
          17.64               0               0
          17.66               0               0
          17.68               0               0
           17.7               0               0
          17.72               0               0
          17.74               0               0
          17.76               0               0
          17.78               0               0
           17.8               0               0
          17.82               0               0
          17.84               0               0
          17.86               0               0
          17.88               0               0
           17.9               0               0
          17.92               0               0
          17.94               0               0
          17.96               0               0
          17.98               0               0
             18               0               0
          18.02               0               0
          18.04               0               0
          18.06               0               0
          18.08               0               0
           18.1               0               0
          18.12               0               0
          18.14               0               0
          18.16               0               0
          18.18               0               0
           18.2               0               0
          18.22               0               0
          18.24               0               0
          18.26               0               0
          18.28               0               0
           18.3               0               0
          18.32               0               0
          18.34               0               0
          18.36               0               0
          18.38               0               0
           18.4               0               0
          18.42               0               0
          18.44               0               0
          18.46               0               0
          18.48               0               0
           18.5               0               0
          18.52               0               0
          18.54               0               0
          18.56               0               0
          18.58               0               0
           18.6               0               0
          18.62               0               0
          18.64               0               0
          18.66               0               0
          18.68               0               0
           18.7               0               0
          18.72               0               0
          18.74               0               0
          18.76               0               0
          18.78               0               0
           18.8               0               0
          18.82               0               0
          18.84               0               0
          18.86               0               0
          18.88               0               0
           18.9               0               0
          18.92               0               0
          18.94               0               0
          18.96               0               0
          18.98               0               0
             19               0               0
          19.02               0               0
          19.04               0               0
          19.06               0               0
          19.08               0               0
           19.1               0               0
          19.12               0               0
          19.14               0               0
          19.16               0               0
          19.18               0               0
           19.2               0               0
          19.22               0               0
          19.24               0               0
          19.26               0               0
          19.28               0               0
           19.3               0               0
          19.32               0               0
          19.34               0               0
          19.36               0               0
          19.38               0               0
           19.4               0               0
          19.42               0               0
          19.44               0               0
          19.46               0               0
          19.48               0               0
           19.5               0               0
          19.52               0               0
          19.54               0               0
          19.56               0               0
          19.58               0               0
           19.6               0               0
          19.62               0               0
          19.64               0               0
          19.66               0               0
          19.68               0               0
           19.7               0               0
          19.72               0               0
          19.74               0               0
          19.76               0               0
          19.78               0               0
           19.8               0               0
          19.82               0               0
          19.84               0               0
          19.86               0               0
          19.88               0               0
           19.9               0               0
          19.92               0               0
          19.94               0               0
          19.96               0               0
          19.98               0               0
             20               0               0
          20.02               0               0

Source_00  1000  20
              0               0               0
           0.02               0               0
           0.04               0               0
           0.06               0               0
           0.08               0               0
            0.1               0               0
           0.12               0               0
           0.14               0               0
           0.16               0               0
           0.18               0               0
            0.2               0               0
           0.22               0               0
           0.24               0               0
           0.26               0               0
           0.28               0               0
            0.3               0               0
           0.32               0               0
           0.34               0               0
           0.36               0               0
           0.38               0               0
            0.4               0               0
           0.42               0               0
           0.44               0               0
           0.46               0               0
           0.48               0               0
            0.5               0               0
           0.52               0               0
           0.54               0               0
           0.56               0               0
           0.58               0               0
            0.6               0               0
           0.62               0               0
           0.64               0               0
           0.66               0               0
           0.68               0               0
            0.7               0               0
           0.72               0               0
           0.74               0               0
           0.76               0               0
           0.78               0               0
            0.8               0               0
           0.82               0               0
           0.84               0               0
           0.86               0               0
           0.88               0               0
            0.9               0               0
           0.92               0               0
           0.94               0               0
           0.96               0               0
           0.98               0               0
              1               0               0
           1.02               0               0
           1.04               0               0
           1.06               0               0
           1.08               0               0
            1.1               0               0
           1.12               0               0
           1.14               0               0
           1.16               0               0
           1.18               0               0
            1.2               0               0
           1.22               0               0
           1.24               0               0
           1.26               0               0
           1.28               0               0
            1.3               0               0
           1.32               0               0
           1.34               0               0
           1.36               0               0
           1.38               0               0
            1.4               0               0
           1.42               0               0
           1.44               0               0
           1.46               0               0
           1.48               0               0
            1.5               0               0
           1.52               0               0
           1.54               0               0
           1.56               0               0
           1.58               0               0
            1.6               0               0
           1.62               0               0
           1.64               0               0
           1.66               0               0
           1.68               0               0
            1.7               0               0
           1.72               0               0
           1.74               0               0
           1.76               0               0
           1.78               0               0
            1.8               0               0
           1.82               0               0
           1.84               0               0
           1.86               0               0
           1.88               0               0
            1.9               0               0
           1.92               0               0
           1.94               0               0
           1.96               0               0
           1.98               0               0
              2               0               0
           2.02               0               0
           2.04               0               0
           2.06               0               0
           2.08               0               0
            2.1               0               0
           2.12               0               0
           2.14               0               0
           2.16               0               0
           2.18               0               0
            2.2               0               0
           2.22               0               0
           2.24               0               0
           2.26               0               0
           2.28               0               0
            2.3               0               0
           2.32               0               0
           2.34               0               0
           2.36               0               0
           2.38               0               0
            2.4               0               0
           2.42               0               0
           2.44               0               0
           2.46               0               0
           2.48               0               0
            2.5               0               0
           2.52               0               0
           2.54               0               0
           2.56               0               0
           2.58               0               0
            2.6               0               0
           2.62               0               0
           2.64               0               0
           2.66               0               0
           2.68               0               0
            2.7               0               0
           2.72               0               0
           2.74               0               0
           2.76               0               0
           2.78               0               0
            2.8               0               0
           2.82               0               0
           2.84               0               0
           2.86               0               0
           2.88               0               0
            2.9               0               0
           2.92               0               0
           2.94               0               0
           2.96               0               0
           2.98               0               0
              3               0               0
           3.02               0               0
           3.04               0               0
           3.06               0               0
           3.08               0               0
            3.1               0               0
           3.12               0               0
           3.14               0               0
           3.16               0               0
           3.18               0               0
            3.2               0               0
           3.22               0               0
           3.24               0               0
           3.26               0               0
           3.28               0               0
            3.3               0               0
           3.32               0               0
           3.34               0               0
           3.36               0               0
           3.38               0               0
            3.4               0               0
           3.42               0               0
           3.44               0               0
           3.46               0               0
           3.48               0               0
            3.5               0               0
           3.52               0               0
           3.54               0               0
           3.56               0               0
           3.58               0               0
            3.6               0               0
           3.62               0               0
           3.64               0               0
           3.66               0               0
           3.68               0               0
            3.7               0               0
           3.72               0               0
           3.74               0               0
           3.76               0               0
           3.78               0               0
            3.8               0               0
           3.82               0               0
           3.84               0               0
           3.86               0               0
           3.88               0               0
            3.9               0               0
           3.92               0               0
           3.94               0               0
           3.96               0               0
           3.98               0               0
              4               0               0
           4.02               0               0
           4.04               0               0
           4.06               0               0
           4.08               0               0
            4.1               0               0
           4.12               0               0
           4.14               0               0
           4.16               0               0
           4.18               0               0
            4.2               0               0
           4.22               0               0
           4.24               0               0
           4.26               0               0
           4.28               0               0
            4.3               0               0
           4.32               0               0
           4.34               0               0
           4.36               0               0
           4.38               0               0
            4.4               0               0
           4.42               0               0
           4.44               0               0
           4.46               0               0
           4.48               0               0
            4.5               0               0
           4.52               0               0
           4.54               0               0
           4.56               0               0
           4.58               0               0
            4.6               0               0
           4.62               0               0
           4.64               0               0
           4.66               0               0
           4.68               0               0
            4.7               0               0
           4.72               0               0
           4.74               0               0
           4.76               0               0
           4.78               0               0
            4.8               0               0
           4.82               0               0
           4.84               0               0
           4.86               0               0
           4.88               0               0
            4.9               0               0
           4.92               0               0
           4.94               0               0
           4.96               0               0
           4.98               0               0
              5               0               0
           5.02               0               0
           5.04               0               0
           5.06               0               0
           5.08               0               0
            5.1               0               0
           5.12               0               0
           5.14               0               0
           5.16               0               0
           5.18               0               0
            5.2               0               0
           5.22               0               0
           5.24               0               0
           5.26               0               0
           5.28               0               0
            5.3               0               0
           5.32               0               0
           5.34               0               0
           5.36               0               0
           5.38               0               0
            5.4               0               0
           5.42               0               0
           5.44               0               0
           5.46               0               0
           5.48               0               0
            5.5               0               0
           5.52               0               0
           5.54               0               0
           5.56               0               0
           5.58               0               0
            5.6               0               0
           5.62               0               0
           5.64               0               0
           5.66               0               0
           5.68               0               0
            5.7               0               0
           5.72               0               0
           5.74               0               0
           5.76               0               0
           5.78               0               0
            5.8               0               0
           5.82               0               0
           5.84               0               0
           5.86               0               0
           5.88               0               0
            5.9               0               0
           5.92               0               0
           5.94               0               0
           5.96               0               0
           5.98               0               0
              6               0               0
           6.02               0               0
           6.04               0               0
           6.06               0               0
           6.08               0               0
            6.1               0               0
           6.12               0               0
           6.14               0               0
           6.16               0               0
           6.18               0               0
            6.2               0               0
           6.22               0               0
           6.24               0               0
           6.26               0               0
           6.28               0               0
            6.3               0               0
           6.32               0               0
           6.34               0               0
           6.36               0               0
           6.38               0               0
            6.4               0               0
           6.42               0               0
           6.44               0               0
           6.46               0               0
           6.48               0               0
            6.5               0               0
           6.52               0               0
           6.54               0               0
           6.56               0               0
           6.58               0               0
            6.6               0               0
           6.62               0               0
           6.64               0               0
           6.66               0               0
           6.68               0               0
            6.7               0               0
           6.72               0               0
           6.74               0               0
           6.76               0               0
           6.78               0               0
            6.8               0               0
           6.82               0               0
           6.84               0               0
           6.86               0               0
           6.88               0               0
            6.9               0               0
           6.92               0               0
           6.94               0               0
           6.96               0               0
           6.98               0               0
              7               0               0
           7.02               0               0
           7.04               0               0
           7.06               0               0
           7.08               0               0
            7.1               0               0
           7.12               0               0
           7.14               0               0
           7.16               0               0
           7.18               0               0
            7.2               0               0
           7.22               0               0
           7.24               0               0
           7.26               0               0
           7.28               0               0
            7.3               0               0
           7.32               0               0
           7.34               0               0
           7.36               0               0
           7.38               0               0
            7.4               0               0
           7.42               0               0
           7.44               0               0
           7.46               0               0
           7.48               0               0
            7.5               0               0
           7.52               0               0
           7.54               0               0
           7.56               0               0
           7.58               0               0
            7.6               0               0
           7.62               0               0
           7.64               0               0
           7.66               0               0
           7.68               0               0
            7.7               0               0
           7.72               0               0
           7.74               0               0
           7.76               0               0
           7.78               0               0
            7.8               0               0
           7.82               0               0
           7.84               0               0
           7.86               0               0
           7.88               0               0
            7.9               0               0
           7.92               0               0
           7.94               0               0
           7.96               0               0
           7.98               0               0
              8               0               0
           8.02               0               0
           8.04               0               0
           8.06               0               0
           8.08               0               0
            8.1               0               0
           8.12               0               0
           8.14               0               0
           8.16               0               0
           8.18               0               0
            8.2               0               0
           8.22               0               0
           8.24               0               0
           8.26               0               0
           8.28               0               0
            8.3               0               0
           8.32               0               0
           8.34               0               0
           8.36               0               0
           8.38               0               0
            8.4               0               0
           8.42               0               0
           8.44               0               0
           8.46               0               0
           8.48               0               0
            8.5               0               0
           8.52               0               0
           8.54               0               0
           8.56               0               0
           8.58               0               0
            8.6               0               0
           8.62               0               0
           8.64               0               0
           8.66               0               0
           8.68               0               0
            8.7               0               0
           8.72               0               0
           8.74               0               0
           8.76               0               0
           8.78               0               0
            8.8               0               0
           8.82               0               0
           8.84               0               0
           8.86               0               0
           8.88               0               0
            8.9               0               0
           8.92               0               0
           8.94               0               0
           8.96               0               0
           8.98               0               0
              9               0               0
           9.02               0               0
           9.04               0               0
           9.06               0               0
           9.08               0               0
            9.1               0               0
           9.12               0               0
           9.14               0               0
           9.16               0               0
           9.18               0               0
            9.2               0               0
           9.22               0               0
           9.24               0               0
           9.26               0               0
           9.28               0               0
            9.3               0               0
           9.32               0               0
           9.34               0               0
           9.36               0               0
           9.38               0               0
            9.4               0               0
           9.42               0               0
           9.44               0               0
           9.46               0               0
           9.48               0               0
            9.5               0               0
           9.52               0               0
           9.54               0               0
           9.56               0               0
           9.58               0               0
            9.6               0               0
           9.62               0               0
           9.64               0               0
           9.66               0               0
           9.68               0               0
            9.7               0               0
           9.72               0               0
           9.74               0               0
           9.76               0               0
           9.78               0               0
            9.8               0               0
           9.82               0               0
           9.84               0               0
           9.86               0               0
           9.88               0               0
            9.9               0               0
           9.92               0               0
           9.94               0               0
           9.96               0               0
           9.98               0               0
             10               0               0
          10.02               1     0.000316228
          10.04               0               0
          10.06               0               0
          10.08               0               0
           10.1               0               0
          10.12               0               0
          10.14               0               0
          10.16               0               0
          10.18               0               0
           10.2               0               0
          10.22               0               0
          10.24               0               0
          10.26               0               0
          10.28               0               0
           10.3               0               0
          10.32               0               0
          10.34               0               0
          10.36               0               0
          10.38               0               0
           10.4               0               0
          10.42               0               0
          10.44               0               0
          10.46               0               0
          10.48               0               0
           10.5               0               0
          10.52               0               0
          10.54               0               0
          10.56               0               0
          10.58               0               0
           10.6               0               0
          10.62               0               0
          10.64               0               0
          10.66               0               0
          10.68               0               0
           10.7               0               0
          10.72               0               0
          10.74               0               0
          10.76               0               0
          10.78               0               0
           10.8               0               0
          10.82               0               0
          10.84               0               0
          10.86               0               0
          10.88               0               0
           10.9               0               0
          10.92               0               0
          10.94               0               0
          10.96               0               0
          10.98               0               0
             11               0               0
          11.02               0               0
          11.04               0               0
          11.06               0               0
          11.08               0               0
           11.1               0               0
          11.12               0               0
          11.14               0               0
          11.16               0               0
          11.18               0               0
           11.2               0               0
          11.22               0               0
          11.24               0               0
          11.26               0               0
          11.28               0               0
           11.3               0               0
          11.32               0               0
          11.34               0               0
          11.36               0               0
          11.38               0               0
           11.4               0               0
          11.42               0               0
          11.44               0               0
          11.46               0               0
          11.48               0               0
           11.5               0               0
          11.52               0               0
          11.54               0               0
          11.56               0               0
          11.58               0               0
           11.6               0               0
          11.62               0               0
          11.64               0               0
          11.66               0               0
          11.68               0               0
           11.7               0               0
          11.72               0               0
          11.74               0               0
          11.76               0               0
          11.78               0               0
           11.8               0               0
          11.82               0               0
          11.84               0               0
          11.86               0               0
          11.88               0               0
           11.9               0               0
          11.92               0               0
          11.94               0               0
          11.96               0               0
          11.98               0               0
             12               0               0
          12.02               0               0
          12.04               0               0
          12.06               0               0
          12.08               0               0
           12.1               0               0
          12.12               0               0
          12.14               0               0
          12.16               0               0
          12.18               0               0
           12.2               0               0
          12.22               0               0
          12.24               0               0
          12.26               0               0
          12.28               0               0
           12.3               0               0
          12.32               0               0
          12.34               0               0
          12.36               0               0
          12.38               0               0
           12.4               0               0
          12.42               0               0
          12.44               0               0
          12.46               0               0
          12.48               0               0
           12.5               0               0
          12.52               0               0
          12.54               0               0
          12.56               0               0
          12.58               0               0
           12.6               0               0
          12.62               0               0
          12.64               0               0
          12.66               0               0
          12.68               0               0
           12.7               0               0
          12.72               0               0
          12.74               0               0
          12.76               0               0
          12.78               0               0
           12.8               0               0
          12.82               0               0
          12.84               0               0
          12.86               0               0
          12.88               0               0
           12.9               0               0
          12.92               0               0
          12.94               0               0
          12.96               0               0
          12.98               0               0
             13               0               0
          13.02               0               0
          13.04               0               0
          13.06               0               0
          13.08               0               0
           13.1               0               0
          13.12               0               0
          13.14               0               0
          13.16               0               0
          13.18               0               0
           13.2               0               0
          13.22               0               0
          13.24               0               0
          13.26               0               0
          13.28               0               0
           13.3               0               0
          13.32               0               0
          13.34               0               0
          13.36               0               0
          13.38               0               0
           13.4               0               0
          13.42               0               0
          13.44               0               0
          13.46               0               0
          13.48               0               0
           13.5               0               0
          13.52               0               0
          13.54               0               0
          13.56               0               0
          13.58               0               0
           13.6               0               0
          13.62               0               0
          13.64               0               0
          13.66               0               0
          13.68               0               0
           13.7               0               0
          13.72               0               0
          13.74               0               0
          13.76               0               0
          13.78               0               0
           13.8               0               0
          13.82               0               0
          13.84               0               0
          13.86               0               0
          13.88               0               0
           13.9               0               0
          13.92               0               0
          13.94               0               0
          13.96               0               0
          13.98               0               0
             14               0               0
          14.02               0               0
          14.04               0               0
          14.06               0               0
          14.08               0               0
           14.1               0               0
          14.12               0               0
          14.14               0               0
          14.16               0               0
          14.18               0               0
           14.2               0               0
          14.22               0               0
          14.24               0               0
          14.26               0               0
          14.28               0               0
           14.3               0               0
          14.32               0               0
          14.34               0               0
          14.36               0               0
          14.38               0               0
           14.4               0               0
          14.42               0               0
          14.44               0               0
          14.46               0               0
          14.48               0               0
           14.5               0               0
          14.52               0               0
          14.54               0               0
          14.56               0               0
          14.58               0               0
           14.6               0               0
          14.62               0               0
          14.64               0               0
          14.66               0               0
          14.68               0               0
           14.7               0               0
          14.72               0               0
          14.74               0               0
          14.76               0               0
          14.78               0               0
           14.8               0               0
          14.82               0               0
          14.84               0               0
          14.86               0               0
          14.88               0               0
           14.9               0               0
          14.92               0               0
          14.94               0               0
          14.96               0               0
          14.98               0               0
             15               0               0
          15.02               0               0
          15.04               0               0
          15.06               0               0
          15.08               0               0
           15.1               0               0
          15.12               0               0
          15.14               0               0
          15.16               0               0
          15.18               0               0
           15.2               0               0
          15.22               0               0
          15.24               0               0
          15.26               0               0
          15.28               0               0
           15.3               0               0
          15.32               0               0
          15.34               0               0
          15.36               0               0
          15.38               0               0
           15.4               0               0
          15.42               0               0
          15.44               0               0
          15.46               0               0
          15.48               0               0
           15.5               0               0
          15.52               0               0
          15.54               0               0
          15.56               0               0
          15.58               0               0
           15.6               0               0
          15.62               0               0
          15.64               0               0
          15.66               0               0
          15.68               0               0
           15.7               0               0
          15.72               0               0
          15.74               0               0
          15.76               0               0
          15.78               0               0
           15.8               0               0
          15.82               0               0
          15.84               0               0
          15.86               0               0
          15.88               0               0
           15.9               0               0
          15.92               0               0
          15.94               0               0
          15.96               0               0
          15.98               0               0
             16               0               0
          16.02               0               0
          16.04               0               0
          16.06               0               0
          16.08               0               0
           16.1               0               0
          16.12               0               0
          16.14               0               0
          16.16               0               0
          16.18               0               0
           16.2               0               0
          16.22               0               0
          16.24               0               0
          16.26               0               0
          16.28               0               0
           16.3               0               0
          16.32               0               0
          16.34               0               0
          16.36               0               0
          16.38               0               0
           16.4               0               0
          16.42               0               0
          16.44               0               0
          16.46               0               0
          16.48               0               0
           16.5               0               0
          16.52               0               0
          16.54               0               0
          16.56               0               0
          16.58               0               0
           16.6               0               0
          16.62               0               0
          16.64               0               0
          16.66               0               0
          16.68               0               0
           16.7               0               0
          16.72               0               0
          16.74               0               0
          16.76               0               0
          16.78               0               0
           16.8               0               0
          16.82               0               0
          16.84               0               0
          16.86               0               0
          16.88               0               0
           16.9               0               0
          16.92               0               0
          16.94               0               0
          16.96               0               0
          16.98               0               0
             17               0               0
          17.02               0               0
          17.04               0               0
          17.06               0               0
          17.08               0               0
           17.1               0               0
          17.12               0               0
          17.14               0               0
          17.16               0               0
          17.18               0               0
           17.2               0               0
          17.22               0               0
          17.24               0               0
          17.26               0               0
          17.28               0               0
           17.3               0               0
          17.32               0               0
          17.34               0               0
          17.36               0               0
          17.38               0               0
           17.4               0               0
          17.42               0               0
          17.44               0               0
          17.46               0               0
          17.48               0               0
           17.5               0               0
          17.52               0               0
          17.54               0               0
          17.56               0               0
          17.58               0               0
           17.6               0               0
          17.62               0               0
          17.64               0               0
          17.66               0               0
          17.68               0               0
           17.7               0               0
          17.72               0               0
          17.74               0               0
          17.76               0               0
          17.78               0               0
           17.8               0               0
          17.82               0               0
          17.84               0               0
          17.86               0               0
          17.88               0               0
           17.9               0               0
          17.92               0               0
          17.94               0               0
          17.96               0               0
          17.98               0               0
             18               0               0
          18.02               0               0
          18.04               0               0
          18.06               0               0
          18.08               0               0
           18.1               0               0
          18.12               0               0
          18.14               0               0
          18.16               0               0
          18.18               0               0
           18.2               0               0
          18.22               0               0
          18.24               0               0
          18.26               0               0
          18.28               0               0
           18.3               0               0
          18.32               0               0
          18.34               0               0
          18.36               0               0
          18.38               0               0
           18.4               0               0
          18.42               0               0
          18.44               0               0
          18.46               0               0
          18.48               0               0
           18.5               0               0
          18.52               0               0
          18.54               0               0
          18.56               0               0
          18.58               0               0
           18.6               0               0
          18.62               0               0
          18.64               0               0
          18.66               0               0
          18.68               0               0
           18.7               0               0
          18.72               0               0
          18.74               0               0
          18.76               0               0
          18.78               0               0
           18.8               0               0
          18.82               0               0
          18.84               0               0
          18.86               0               0
          18.88               0               0
           18.9               0               0
          18.92               0               0
          18.94               0               0
          18.96               0               0
          18.98               0               0
             19               0               0
          19.02               0               0
          19.04               0               0
          19.06               0               0
          19.08               0               0
           19.1               0               0
          19.12               0               0
          19.14               0               0
          19.16               0               0
          19.18               0               0
           19.2               0               0
          19.22               0               0
          19.24               0               0
          19.26               0               0
          19.28               0               0
           19.3               0               0
          19.32               0               0
          19.34               0               0
          19.36               0               0
          19.38               0               0
           19.4               0               0
          19.42               0               0
          19.44               0               0
          19.46               0               0
          19.48               0               0
           19.5               0               0
          19.52               0               0
          19.54               0               0
          19.56               0               0
          19.58               0               0
           19.6               0               0
          19.62               0               0
          19.64               0               0
          19.66               0               0
          19.68               0               0
           19.7               0               0
          19.72               0               0
          19.74               0               0
          19.76               0               0
          19.78               0               0
           19.8               0               0
          19.82               0               0
          19.84               0               0
          19.86               0               0
          19.88               0               0
           19.9               0               0
          19.92               0               0
          19.94               0               0
          19.96               0               0
          19.98               0               0
             20               0               0
          20.02               0               0

