NSpec_Sample  1000  20
              0     0.000116598     1.11572e-07
           0.02     6.52114e-08     2.62311e-09
           0.04     1.26918e-07     3.67468e-09
           0.06     1.70172e-07     4.25538e-09
           0.08     2.12283e-07     4.74864e-09
            0.1     2.44109e-07     5.09906e-09
           0.12     2.61928e-07     5.29023e-09
           0.14     2.79108e-07     5.45895e-09
           0.16     3.17052e-07     5.82114e-09
           0.18     3.36196e-07     5.99874e-09
            0.2     3.61745e-07     6.22456e-09
           0.22     3.92469e-07     6.48638e-09
           0.24      4.1076e-07     6.63666e-09
           0.26     4.41863e-07     6.88291e-09
           0.28     4.28273e-07     6.78313e-09
            0.3     4.64118e-07     7.05739e-09
           0.32     4.78553e-07     7.16862e-09
           0.34     4.93394e-07     7.27761e-09
           0.36     5.06205e-07     7.37915e-09
           0.38     5.17111e-07     7.45771e-09
            0.4     5.17615e-07      7.4587e-09
           0.42     5.27295e-07     7.52852e-09
           0.44     5.24612e-07      7.5114e-09
           0.46     5.41441e-07     7.62866e-09
           0.48     5.28752e-07     7.53618e-09
            0.5     5.50379e-07     7.69238e-09
           0.52     5.66705e-07     7.80569e-09
           0.54      5.4831e-07     7.67014e-09
           0.56     5.60559e-07     7.75644e-09
           0.58     5.63965e-07     7.78279e-09
            0.6     5.84986e-07     7.92666e-09
           0.62     5.74263e-07     7.85357e-09
           0.64     5.93014e-07     7.98148e-09
           0.66      5.9948e-07     8.02717e-09
           0.68     6.06315e-07      8.0754e-09
            0.7     6.04339e-07     8.06204e-09
           0.72     6.09748e-07     8.09841e-09
           0.74     6.08289e-07     8.08617e-09
           0.76     6.09093e-07     8.09316e-09
           0.78     6.21067e-07     8.17622e-09
            0.8     6.23287e-07     8.19344e-09
           0.82     6.17976e-07     8.15411e-09
           0.84     6.25787e-07     8.20297e-09
           0.86     6.24734e-07     8.20182e-09
           0.88     6.22878e-07     8.18882e-09
            0.9     6.43811e-07     8.32832e-09
           0.92     6.29858e-07     8.23857e-09
           0.94     6.35282e-07     8.27421e-09
           0.96     6.46195e-07      8.3396e-09
           0.98      6.5397e-07     8.39198e-09
              1      6.5161e-07     8.37746e-09
           1.02     6.41717e-07     8.31097e-09
           1.04     6.42825e-07     8.32032e-09
           1.06     6.47148e-07     8.34992e-09
           1.08     6.42503e-07     8.32177e-09
            1.1     6.42881e-07     8.32328e-09
           1.12     6.39734e-07     8.30328e-09
           1.14     6.47193e-07     8.35381e-09
           1.16     6.34336e-07      8.2679e-09
           1.18     6.51731e-07     8.37689e-09
            1.2     6.51493e-07     8.37796e-09
           1.22     6.44287e-07     8.33355e-09
           1.24      6.4746e-07     8.35654e-09
           1.26     6.35471e-07     8.27576e-09
           1.28     6.66816e-07      8.4782e-09
            1.3     6.54822e-07     8.40398e-09
           1.32      6.5713e-07     8.41628e-09
           1.34       6.575e-07     8.42029e-09
           1.36     6.55164e-07     8.40402e-09
           1.38     6.56269e-07     8.41147e-09
            1.4     6.52023e-07     8.38082e-09
           1.42     6.58769e-07     8.43004e-09
           1.44     6.46623e-07     8.35156e-09
           1.46     6.53514e-07     8.39578e-09
           1.48     6.56216e-07     8.40902e-09
            1.5     6.46514e-07     8.34915e-09
           1.52     6.66763e-07     8.48248e-09
           1.54      6.5082e-07     8.37491e-09
           1.56     6.28204e-07     8.22718e-09
           1.58     6.38419e-07     8.29936e-09
            1.6     6.32528e-07     8.26192e-09
           1.62     6.29806e-07     8.24101e-09
           1.64     6.13471e-07     8.13278e-09
           1.66      6.1901e-07     8.17043e-09
           1.68     6.25847e-07     8.21788e-09
            1.7     6.20956e-07     8.18453e-09
           1.72     6.08017e-07      8.0966e-09
           1.74     6.16858e-07     8.15254e-09
           1.76      6.1715e-07     8.15781e-09
           1.78     6.00018e-07      8.0449e-09
            1.8      6.0172e-07     8.05338e-09
           1.82     5.87957e-07     7.96521e-09
           1.84     5.89864e-07     7.97492e-09
           1.86     5.80471e-07     7.91243e-09
           1.88     5.78023e-07     7.89372e-09
            1.9     5.71588e-07     7.85134e-09
           1.92     5.70052e-07     7.84271e-09
           1.94     5.64445e-07     7.79815e-09
           1.96     5.72916e-07     7.85893e-09
           1.98     5.77213e-07     7.88698e-09
              2     5.78172e-07     7.89197e-09
           2.02     5.63899e-07     7.79249e-09
           2.04     5.60001e-07     7.76765e-09
           2.06       5.546e-07     7.72921e-09
           2.08     5.48099e-07     7.68029e-09
            2.1     5.49762e-07     7.69157e-09
           2.12     5.58924e-07     7.75563e-09
           2.14     5.54679e-07     7.72849e-09
           2.16     5.32591e-07     7.57255e-09
           2.18     5.48736e-07     7.68521e-09
            2.2     5.30643e-07     7.55939e-09
           2.22     5.44115e-07       7.652e-09
           2.24     5.43103e-07     7.64228e-09
           2.26     5.31319e-07     7.56357e-09
           2.28     5.27662e-07     7.53368e-09
            2.3     5.26633e-07      7.5265e-09
           2.32     5.20422e-07     7.47922e-09
           2.34     5.16801e-07     7.45636e-09
           2.36     5.19488e-07     7.47264e-09
           2.38      5.2288e-07     7.49965e-09
            2.4     5.10603e-07     7.40852e-09
           2.42     5.06627e-07     7.37648e-09
           2.44      5.0579e-07     7.37136e-09
           2.46     4.93905e-07     7.28679e-09
           2.48     4.96787e-07     7.30305e-09
            2.5     5.07094e-07     7.38471e-09
           2.52     5.05957e-07     7.37123e-09
           2.54     5.02852e-07     7.35166e-09
           2.56     4.85729e-07     7.22337e-09
           2.58     4.99161e-07     7.32036e-09
            2.6     4.86264e-07     7.22338e-09
           2.62     4.85418e-07     7.21542e-09
           2.64     4.82137e-07     7.19293e-09
           2.66     4.88373e-07     7.23944e-09
           2.68      4.7737e-07     7.15448e-09
            2.7     4.63227e-07     7.04609e-09
           2.72     4.83485e-07     7.20012e-09
           2.74     4.62195e-07     7.03854e-09
           2.76      4.5709e-07     6.99973e-09
           2.78     4.62943e-07     7.04169e-09
            2.8      4.5482e-07     6.98125e-09
           2.82     4.73756e-07     7.12349e-09
           2.84     4.52115e-07     6.95612e-09
           2.86     4.68491e-07     7.07707e-09
           2.88     4.55429e-07     6.98152e-09
            2.9     4.36646e-07     6.83292e-09
           2.92     4.39531e-07     6.85293e-09
           2.94     4.41473e-07     6.86588e-09
           2.96     4.46448e-07      6.9049e-09
           2.98     4.33673e-07     6.80563e-09
              3     4.31987e-07     6.79157e-09
           3.02     4.29559e-07     6.77187e-09
           3.04     4.31927e-07     6.78733e-09
           3.06     4.24648e-07     6.73384e-09
           3.08     4.27736e-07     6.75645e-09
            3.1     4.15504e-07     6.65508e-09
           3.12     4.19693e-07     6.68792e-09
           3.14      4.1506e-07     6.64971e-09
           3.16     4.19803e-07     6.68715e-09
           3.18     4.11969e-07      6.6239e-09
            3.2     4.10251e-07     6.60904e-09
           3.22     3.97231e-07     6.50208e-09
           3.24     3.98085e-07     6.50737e-09
           3.26     3.95596e-07     6.48479e-09
           3.28     3.88107e-07     6.42444e-09
            3.3     4.00433e-07     6.52651e-09
           3.32     3.91523e-07     6.45087e-09
           3.34     3.84167e-07     6.38892e-09
           3.36     3.77105e-07     6.32856e-09
           3.38     3.93532e-07     6.45868e-09
            3.4     3.90383e-07     6.43646e-09
           3.42     3.90957e-07     6.44073e-09
           3.44     3.86058e-07     6.39917e-09
           3.46     3.74143e-07     6.30006e-09
           3.48     3.67184e-07      6.2361e-09
            3.5     3.69735e-07     6.25691e-09
           3.52      3.8585e-07     6.39128e-09
           3.54     3.67464e-07     6.23629e-09
           3.56     3.59252e-07     6.16382e-09
           3.58     3.55668e-07     6.13404e-09
            3.6     3.47136e-07     6.05749e-09
           3.62     3.63291e-07     6.19407e-09
           3.64     3.44441e-07     6.03335e-09
           3.66     3.47419e-07     6.05867e-09
           3.68     3.39376e-07     5.98971e-09
            3.7     3.55631e-07     6.12589e-09
           3.72     3.29417e-07      5.8972e-09
           3.74      3.2771e-07      5.8807e-09
           3.76     3.27404e-07       5.879e-09
           3.78     3.25813e-07      5.8617e-09
            3.8     3.23162e-07     5.83574e-09
           3.82     3.11106e-07     5.72731e-09
           3.84     3.17408e-07     5.78288e-09
           3.86     3.11461e-07     5.73094e-09
           3.88     3.06413e-07     5.68043e-09
            3.9      3.0594e-07     5.67358e-09
           3.92     2.94897e-07      5.5703e-09
           3.94     2.88869e-07     5.51376e-09
           3.96     2.82655e-07     5.45296e-09
           3.98     2.91388e-07     5.53552e-09
              4     2.94495e-07     5.56458e-09
           4.02     2.95191e-07      5.5688e-09
           4.04     2.87782e-07     5.49789e-09
           4.06     2.80546e-07     5.43033e-09
           4.08     2.71763e-07     5.33989e-09
            4.1       2.781e-07     5.40124e-09
           4.12     2.79502e-07      5.4152e-09
           4.14      2.7925e-07     5.40928e-09
           4.16     2.65452e-07     5.27523e-09
           4.18     2.72943e-07     5.34655e-09
            4.2     2.63858e-07     5.25811e-09
           4.22     2.59638e-07      5.2134e-09
           4.24     2.62069e-07     5.23798e-09
           4.26     2.56434e-07     5.17934e-09
           4.28     2.58224e-07      5.1965e-09
            4.3     2.57106e-07      5.1855e-09
           4.32     2.45022e-07     5.06047e-09
           4.34     2.44899e-07     5.06117e-09
           4.36     2.46792e-07      5.0776e-09
           4.38     2.37033e-07      4.9778e-09
            4.4     2.35306e-07      4.9557e-09
           4.42     2.31493e-07     4.91586e-09
           4.44     2.26073e-07     4.85803e-09
           4.46     2.14859e-07     4.73666e-09
           4.48     2.19911e-07     4.79127e-09
            4.5     2.17768e-07     4.76495e-09
           4.52     2.15157e-07     4.73628e-09
           4.54     2.19966e-07     4.78902e-09
           4.56     2.13686e-07     4.71866e-09
           4.58     2.10728e-07     4.68425e-09
            4.6     2.07935e-07     4.65329e-09
           4.62     1.98146e-07     4.54001e-09
           4.64     2.02712e-07     4.59311e-09
           4.66     1.99603e-07     4.55546e-09
           4.68     1.97058e-07     4.52814e-09
            4.7     1.92784e-07     4.47867e-09
           4.72     1.77902e-07     4.30088e-09
           4.74     1.82519e-07     4.35433e-09
           4.76     1.75969e-07     4.27413e-09
           4.78     1.85481e-07     4.38897e-09
            4.8     1.85261e-07      4.3849e-09
           4.82     1.76002e-07     4.27491e-09
           4.84     1.72044e-07      4.2264e-09
           4.86     1.64722e-07     4.13472e-09
           4.88     1.71702e-07     4.22051e-09
            4.9     1.72143e-07     4.22499e-09
           4.92     1.66918e-07     4.16113e-09
           4.94     1.69297e-07     4.18799e-09
           4.96     1.58357e-07      4.0509e-09
           4.98     1.51127e-07     3.95894e-09
              5     1.49142e-07      3.9312e-09
           5.02     1.50188e-07     3.94513e-09
           5.04     1.49337e-07     3.93365e-09
           5.06      1.4087e-07     3.81939e-09
           5.08     1.45773e-07     3.88443e-09
            5.1     1.41413e-07     3.82432e-09
           5.12     1.34912e-07     3.73694e-09
           5.14     1.33908e-07     3.72345e-09
           5.16     1.34271e-07      3.7278e-09
           5.18      1.3119e-07     3.68214e-09
            5.2     1.19078e-07      3.5092e-09
           5.22     1.30455e-07      3.6702e-09
           5.24     1.25843e-07     3.60513e-09
           5.26     1.12756e-07     3.41294e-09
           5.28      1.1594e-07     3.46052e-09
            5.3     1.11244e-07     3.38893e-09
           5.32     1.12272e-07     3.40444e-09
           5.34     1.05614e-07     3.30116e-09
           5.36     1.15256e-07      3.4493e-09
           5.38     1.09981e-07     3.36919e-09
            5.4     1.06341e-07     3.31088e-09
           5.42     1.01985e-07     3.24193e-09
           5.44     9.62706e-08     3.15065e-09
           5.46     9.86202e-08     3.18689e-09
           5.48     9.47093e-08     3.12307e-09
            5.5     9.47627e-08     3.12312e-09
           5.52     9.05732e-08     3.05204e-09
           5.54     9.21056e-08     3.07757e-09
           5.56     8.49369e-08     2.95587e-09
           5.58     8.12244e-08     2.89036e-09
            5.6     7.65903e-08     2.80652e-09
           5.62     8.02518e-08     2.87209e-09
           5.64     7.66645e-08      2.8074e-09
           5.66     7.93285e-08      2.8556e-09
           5.68     7.04793e-08     2.69136e-09
            5.7     7.26603e-08     2.73314e-09
           5.72     6.79545e-08     2.64357e-09
           5.74     6.52778e-08     2.58884e-09
           5.76     6.76839e-08     2.63703e-09
           5.78     6.41107e-08     2.56481e-09
            5.8     6.48372e-08     2.57948e-09
           5.82     6.41598e-08     2.56677e-09
           5.84     6.22855e-08     2.52844e-09
           5.86     5.63114e-08     2.40366e-09
           5.88     5.77532e-08     2.43437e-09
            5.9     5.49331e-08      2.3753e-09
           5.92     5.67706e-08     2.41228e-09
           5.94     5.64459e-08     2.40499e-09
           5.96     5.59497e-08      2.3947e-09
           5.98     5.35851e-08     2.34342e-09
              6     5.34419e-08     2.33938e-09
           6.02     4.87716e-08     2.23573e-09
           6.04     5.23073e-08     2.31423e-09
           6.06     4.87885e-08     2.23414e-09
           6.08     4.61815e-08     2.17241e-09
            6.1     4.44901e-08     2.13339e-09
           6.12     4.43969e-08     2.13136e-09
           6.14     4.57402e-08     2.16368e-09
           6.16     4.09032e-08     2.04796e-09
           6.18     4.39084e-08     2.11766e-09
            6.2     3.73715e-08     1.95365e-09
           6.22     3.92914e-08     2.00268e-09
           6.24     3.52954e-08     1.90044e-09
           6.26     3.33843e-08     1.84634e-09
           6.28     3.65051e-08     1.92955e-09
            6.3     3.32556e-08     1.84203e-09
           6.32      3.3151e-08     1.83906e-09
           6.34     3.24854e-08     1.81898e-09
           6.36     3.14024e-08     1.78948e-09
           6.38     3.20832e-08     1.80783e-09
            6.4     2.78947e-08     1.68531e-09
           6.42     2.57569e-08     1.61944e-09
           6.44     2.84781e-08     1.70201e-09
           6.46     2.72655e-08     1.66563e-09
           6.48     2.63367e-08     1.63661e-09
            6.5     2.37685e-08     1.55388e-09
           6.52     2.26804e-08     1.51889e-09
           6.54     2.19469e-08     1.49338e-09
           6.56     2.14414e-08     1.47618e-09
           6.58     2.00078e-08     1.42558e-09
            6.6     2.02801e-08      1.4341e-09
           6.62     2.00968e-08      1.4283e-09
           6.64      2.1216e-08     1.46762e-09
           6.66     1.79674e-08     1.35058e-09
           6.68     1.74758e-08     1.33258e-09
            6.7     1.64475e-08      1.2923e-09
           6.72     1.40915e-08     1.19528e-09
           6.74     1.67336e-08     1.30277e-09
           6.76     1.55081e-08      1.2538e-09
           6.78      1.3899e-08     1.18752e-09
            6.8     1.54194e-08     1.25073e-09
           6.82     1.42885e-08     1.20336e-09
           6.84       1.288e-08     1.14296e-09
           6.86     1.30704e-08     1.15081e-09
           6.88     9.11233e-09     9.60557e-10
            6.9     1.13491e-08     1.07242e-09
           6.92     9.72157e-09      9.9223e-10
           6.94     1.13388e-08     1.07144e-09
           6.96     9.50364e-09     9.80247e-10
           6.98     8.60582e-09     9.33459e-10
              7     9.11428e-09      9.6075e-10
           7.02     7.58682e-09     8.76064e-10
           7.04     7.99956e-09     9.00041e-10
           7.06     7.18383e-09     8.52587e-10
           7.08     7.89039e-09     8.93429e-10
            7.1      7.7791e-09     8.86527e-10
           7.12     5.85649e-09     7.69009e-10
           7.14     5.65054e-09     7.55097e-10
           7.16     5.96346e-09     7.76387e-10
           7.18     5.65259e-09      7.5537e-10
            7.2     4.23648e-09     6.53711e-10
           7.22     4.94142e-09     7.05926e-10
           7.24     5.24316e-09     7.27105e-10
           7.26     4.43768e-09     6.69013e-10
           7.28      4.3335e-09     6.60857e-10
            7.3     3.11894e-09     5.60184e-10
           7.32      3.4213e-09     5.86753e-10
           7.34      2.9173e-09     5.41735e-10
           7.36     2.71514e-09     5.22531e-10
           7.38     3.01226e-09     5.49964e-10
            7.4     2.41136e-09      4.9222e-10
           7.42     2.31012e-09     4.81697e-10
           7.44     2.00748e-09     4.48888e-10
           7.46     1.40556e-09     3.75654e-10
           7.48     8.02453e-10     2.83711e-10
            7.5     1.10414e-09     3.32913e-10
           7.52      8.0297e-10     2.83893e-10
           7.54     3.01185e-10     1.73889e-10
           7.56     6.00579e-10     2.45186e-10
           7.58     2.00187e-10     1.41553e-10
            7.6     2.00526e-10     1.41793e-10
           7.62     1.00248e-10     1.00248e-10
           7.64     1.00095e-10     1.00095e-10
           7.66     1.00051e-10     1.00051e-10
           7.68     1.00052e-10     1.00052e-10
            7.7               0               0
           7.72               0               0
           7.74               0               0
           7.76               0               0
           7.78               0               0
            7.8               0               0
           7.82               0               0
           7.84               0               0
           7.86               0               0
           7.88               0               0
            7.9               0               0
           7.92               0               0
           7.94               0               0
           7.96               0               0
           7.98               0               0
              8               0               0
           8.02               0               0
           8.04               0               0
           8.06               0               0
           8.08               0               0
            8.1               0               0
           8.12               0               0
           8.14               0               0
           8.16               0               0
           8.18               0               0
            8.2               0               0
           8.22               0               0
           8.24               0               0
           8.26               0               0
           8.28               0               0
            8.3               0               0
           8.32               0               0
           8.34               0               0
           8.36               0               0
           8.38               0               0
            8.4               0               0
           8.42               0               0
           8.44               0               0
           8.46               0               0
           8.48               0               0
            8.5               0               0
           8.52               0               0
           8.54               0               0
           8.56               0               0
           8.58               0               0
            8.6               0               0
           8.62               0               0
           8.64               0               0
           8.66               0               0
           8.68               0               0
            8.7               0               0
           8.72               0               0
           8.74               0               0
           8.76               0               0
           8.78               0               0
            8.8               0               0
           8.82               0               0
           8.84               0               0
           8.86               0               0
           8.88               0               0
            8.9               0               0
           8.92               0               0
           8.94               0               0
           8.96               0               0
           8.98               0               0
              9               0               0
           9.02               0               0
           9.04               0               0
           9.06               0               0
           9.08               0               0
            9.1               0               0
           9.12               0               0
           9.14               0               0
           9.16               0               0
           9.18               0               0
            9.2               0               0
           9.22               0               0
           9.24               0               0
           9.26               0               0
           9.28               0               0
            9.3               0               0
           9.32               0               0
           9.34               0               0
           9.36               0               0
           9.38               0               0
            9.4               0               0
           9.42               0               0
           9.44               0               0
           9.46               0               0
           9.48               0               0
            9.5               0               0
           9.52               0               0
           9.54               0               0
           9.56               0               0
           9.58               0               0
            9.6               0               0
           9.62               0               0
           9.64               0               0
           9.66               0               0
           9.68               0               0
            9.7               0               0
           9.72               0               0
           9.74               0               0
           9.76               0               0
           9.78               0               0
            9.8               0               0
           9.82               0               0
           9.84               0               0
           9.86               0               0
           9.88               0               0
            9.9               0               0
           9.92               0               0
           9.94               0               0
           9.96               0               0
           9.98               0               0
             10               0               0
          10.02               0               0
          10.04               0               0
          10.06               0               0
          10.08               0               0
           10.1               0               0
          10.12               0               0
          10.14               0               0
          10.16               0               0
          10.18               0               0
           10.2               0               0
          10.22               0               0
          10.24               0               0
          10.26               0               0
          10.28               0               0
           10.3               0               0
          10.32               0               0
          10.34               0               0
          10.36               0               0
          10.38               0               0
           10.4               0               0
          10.42               0               0
          10.44               0               0
          10.46               0               0
          10.48               0               0
           10.5               0               0
          10.52               0               0
          10.54               0               0
          10.56               0               0
          10.58               0               0
           10.6               0               0
          10.62               0               0
          10.64               0               0
          10.66               0               0
          10.68               0               0
           10.7               0               0
          10.72               0               0
          10.74               0               0
          10.76               0               0
          10.78               0               0
           10.8               0               0
          10.82               0               0
          10.84               0               0
          10.86               0               0
          10.88               0               0
           10.9               0               0
          10.92               0               0
          10.94               0               0
          10.96               0               0
          10.98               0               0
             11               0               0
          11.02               0               0
          11.04               0               0
          11.06               0               0
          11.08               0               0
           11.1               0               0
          11.12               0               0
          11.14               0               0
          11.16               0               0
          11.18               0               0
           11.2               0               0
          11.22               0               0
          11.24               0               0
          11.26               0               0
          11.28               0               0
           11.3               0               0
          11.32               0               0
          11.34               0               0
          11.36               0               0
          11.38               0               0
           11.4               0               0
          11.42               0               0
          11.44               0               0
          11.46               0               0
          11.48               0               0
           11.5               0               0
          11.52               0               0
          11.54               0               0
          11.56               0               0
          11.58               0               0
           11.6               0               0
          11.62               0               0
          11.64               0               0
          11.66               0               0
          11.68               0               0
           11.7               0               0
          11.72               0               0
          11.74               0               0
          11.76               0               0
          11.78               0               0
           11.8               0               0
          11.82               0               0
          11.84               0               0
          11.86               0               0
          11.88               0               0
           11.9               0               0
          11.92               0               0
          11.94               0               0
          11.96               0               0
          11.98               0               0
             12               0               0
          12.02               0               0
          12.04               0               0
          12.06               0               0
          12.08               0               0
           12.1               0               0
          12.12               0               0
          12.14               0               0
          12.16               0               0
          12.18               0               0
           12.2               0               0
          12.22               0               0
          12.24               0               0
          12.26               0               0
          12.28               0               0
           12.3               0               0
          12.32               0               0
          12.34               0               0
          12.36               0               0
          12.38               0               0
           12.4               0               0
          12.42               0               0
          12.44               0               0
          12.46               0               0
          12.48               0               0
           12.5               0               0
          12.52               0               0
          12.54               0               0
          12.56               0               0
          12.58               0               0
           12.6               0               0
          12.62               0               0
          12.64               0               0
          12.66               0               0
          12.68               0               0
           12.7               0               0
          12.72               0               0
          12.74               0               0
          12.76               0               0
          12.78               0               0
           12.8               0               0
          12.82               0               0
          12.84               0               0
          12.86               0               0
          12.88               0               0
           12.9               0               0
          12.92               0               0
          12.94               0               0
          12.96               0               0
          12.98               0               0
             13               0               0
          13.02               0               0
          13.04               0               0
          13.06               0               0
          13.08               0               0
           13.1               0               0
          13.12               0               0
          13.14               0               0
          13.16               0               0
          13.18               0               0
           13.2               0               0
          13.22               0               0
          13.24               0               0
          13.26               0               0
          13.28               0               0
           13.3               0               0
          13.32               0               0
          13.34               0               0
          13.36               0               0
          13.38               0               0
           13.4               0               0
          13.42               0               0
          13.44               0               0
          13.46               0               0
          13.48               0               0
           13.5               0               0
          13.52               0               0
          13.54               0               0
          13.56               0               0
          13.58               0               0
           13.6               0               0
          13.62               0               0
          13.64               0               0
          13.66               0               0
          13.68               0               0
           13.7               0               0
          13.72               0               0
          13.74               0               0
          13.76               0               0
          13.78               0               0
           13.8               0               0
          13.82               0               0
          13.84               0               0
          13.86               0               0
          13.88               0               0
           13.9               0               0
          13.92               0               0
          13.94               0               0
          13.96               0               0
          13.98               0               0
             14               0               0
          14.02               0               0
          14.04               0               0
          14.06               0               0
          14.08               0               0
           14.1               0               0
          14.12               0               0
          14.14               0               0
          14.16               0               0
          14.18               0               0
           14.2               0               0
          14.22               0               0
          14.24               0               0
          14.26               0               0
          14.28               0               0
           14.3               0               0
          14.32               0               0
          14.34               0               0
          14.36               0               0
          14.38               0               0
           14.4               0               0
          14.42               0               0
          14.44               0               0
          14.46               0               0
          14.48               0               0
           14.5               0               0
          14.52               0               0
          14.54               0               0
          14.56               0               0
          14.58               0               0
           14.6               0               0
          14.62               0               0
          14.64               0               0
          14.66               0               0
          14.68               0               0
           14.7               0               0
          14.72               0               0
          14.74               0               0
          14.76               0               0
          14.78               0               0
           14.8               0               0
          14.82               0               0
          14.84               0               0
          14.86               0               0
          14.88               0               0
           14.9               0               0
          14.92               0               0
          14.94               0               0
          14.96               0               0
          14.98               0               0
             15               0               0
          15.02               0               0
          15.04               0               0
          15.06               0               0
          15.08               0               0
           15.1               0               0
          15.12               0               0
          15.14               0               0
          15.16               0               0
          15.18               0               0
           15.2               0               0
          15.22               0               0
          15.24               0               0
          15.26               0               0
          15.28               0               0
           15.3               0               0
          15.32               0               0
          15.34               0               0
          15.36               0               0
          15.38               0               0
           15.4               0               0
          15.42               0               0
          15.44               0               0
          15.46               0               0
          15.48               0               0
           15.5               0               0
          15.52               0               0
          15.54               0               0
          15.56               0               0
          15.58               0               0
           15.6               0               0
          15.62               0               0
          15.64               0               0
          15.66               0               0
          15.68               0               0
           15.7               0               0
          15.72               0               0
          15.74               0               0
          15.76               0               0
          15.78               0               0
           15.8               0               0
          15.82               0               0
          15.84               0               0
          15.86               0               0
          15.88               0               0
           15.9               0               0
          15.92               0               0
          15.94               0               0
          15.96               0               0
          15.98               0               0
             16               0               0
          16.02               0               0
          16.04               0               0
          16.06               0               0
          16.08               0               0
           16.1               0               0
          16.12               0               0
          16.14               0               0
          16.16               0               0
          16.18               0               0
           16.2               0               0
          16.22               0               0
          16.24               0               0
          16.26               0               0
          16.28               0               0
           16.3               0               0
          16.32               0               0
          16.34               0               0
          16.36               0               0
          16.38               0               0
           16.4               0               0
          16.42               0               0
          16.44               0               0
          16.46               0               0
          16.48               0               0
           16.5               0               0
          16.52               0               0
          16.54               0               0
          16.56               0               0
          16.58               0               0
           16.6               0               0
          16.62               0               0
          16.64               0               0
          16.66               0               0
          16.68               0               0
           16.7               0               0
          16.72               0               0
          16.74               0               0
          16.76               0               0
          16.78               0               0
           16.8               0               0
          16.82               0               0
          16.84               0               0
          16.86               0               0
          16.88               0               0
           16.9               0               0
          16.92               0               0
          16.94               0               0
          16.96               0               0
          16.98               0               0
             17               0               0
          17.02               0               0
          17.04               0               0
          17.06               0               0
          17.08               0               0
           17.1               0               0
          17.12               0               0
          17.14               0               0
          17.16               0               0
          17.18               0               0
           17.2               0               0
          17.22               0               0
          17.24               0               0
          17.26               0               0
          17.28               0               0
           17.3               0               0
          17.32               0               0
          17.34               0               0
          17.36               0               0
          17.38               0               0
           17.4               0               0
          17.42               0               0
          17.44               0               0
          17.46               0               0
          17.48               0               0
           17.5               0               0
          17.52               0               0
          17.54               0               0
          17.56               0               0
          17.58               0               0
           17.6               0               0
          17.62               0               0
          17.64               0               0
          17.66               0               0
          17.68               0               0
           17.7               0               0
          17.72               0               0
          17.74               0               0
          17.76               0               0
          17.78               0               0
           17.8               0               0
          17.82               0               0
          17.84               0               0
          17.86               0               0
          17.88               0               0
           17.9               0               0
          17.92               0               0
          17.94               0               0
          17.96               0               0
          17.98               0               0
             18               0               0
          18.02               0               0
          18.04               0               0
          18.06               0               0
          18.08               0               0
           18.1               0               0
          18.12               0               0
          18.14               0               0
          18.16               0               0
          18.18               0               0
           18.2               0               0
          18.22               0               0
          18.24               0               0
          18.26               0               0
          18.28               0               0
           18.3               0               0
          18.32               0               0
          18.34               0               0
          18.36               0               0
          18.38               0               0
           18.4               0               0
          18.42               0               0
          18.44               0               0
          18.46               0               0
          18.48               0               0
           18.5               0               0
          18.52               0               0
          18.54               0               0
          18.56               0               0
          18.58               0               0
           18.6               0               0
          18.62               0               0
          18.64               0               0
          18.66               0               0
          18.68               0               0
           18.7               0               0
          18.72               0               0
          18.74               0               0
          18.76               0               0
          18.78               0               0
           18.8               0               0
          18.82               0               0
          18.84               0               0
          18.86               0               0
          18.88               0               0
           18.9               0               0
          18.92               0               0
          18.94               0               0
          18.96               0               0
          18.98               0               0
             19               0               0
          19.02               0               0
          19.04               0               0
          19.06               0               0
          19.08               0               0
           19.1               0               0
          19.12               0               0
          19.14               0               0
          19.16               0               0
          19.18               0               0
           19.2               0               0
          19.22               0               0
          19.24               0               0
          19.26               0               0
          19.28               0               0
           19.3               0               0
          19.32               0               0
          19.34               0               0
          19.36               0               0
          19.38               0               0
           19.4               0               0
          19.42               0               0
          19.44               0               0
          19.46               0               0
          19.48               0               0
           19.5               0               0
          19.52               0               0
          19.54               0               0
          19.56               0               0
          19.58               0               0
           19.6               0               0
          19.62               0               0
          19.64               0               0
          19.66               0               0
          19.68               0               0
           19.7               0               0
          19.72               0               0
          19.74               0               0
          19.76               0               0
          19.78               0               0
           19.8               0               0
          19.82               0               0
          19.84               0               0
          19.86               0               0
          19.88               0               0
           19.9               0               0
          19.92               0               0
          19.94               0               0
          19.96               0               0
          19.98               0               0
             20               0               0
          20.02               0               0

AFlux_Sample  1000  20
              0               0               0
           0.02     3.96013e-07     1.09392e-10
           0.04     3.42289e-07     8.36441e-11
           0.06     3.09925e-07     7.13755e-11
           0.08     2.85337e-07     6.30324e-11
            0.1     2.65417e-07      5.6604e-11
           0.12     2.48806e-07     5.13115e-11
           0.14     2.34792e-07     4.67887e-11
           0.16     2.22805e-07     4.28082e-11
           0.18     2.12571e-07     3.92763e-11
            0.2     2.03819e-07      3.6111e-11
           0.22     1.96381e-07     3.32803e-11
           0.24     1.90056e-07     3.07467e-11
           0.26     1.84742e-07     2.85046e-11
           0.28     1.80272e-07     2.65239e-11
            0.3     1.76548e-07      2.4794e-11
           0.32     1.73445e-07     2.32909e-11
           0.34     1.70887e-07      2.2007e-11
           0.36     1.68814e-07     2.09328e-11
           0.38     1.67137e-07     2.00434e-11
            0.4     1.65796e-07     1.93184e-11
           0.42      1.6473e-07     1.87351e-11
           0.44     1.63891e-07     1.82729e-11
           0.46     1.63232e-07     1.79092e-11
           0.48     1.62724e-07     1.76292e-11
            0.5     1.62335e-07      1.7416e-11
           0.52     1.62043e-07     1.72578e-11
           0.54     1.61825e-07       1.714e-11
           0.56     1.61664e-07     1.70545e-11
           0.58     1.61547e-07     1.69924e-11
            0.6     1.61463e-07      1.6949e-11
           0.62     1.61404e-07     1.69182e-11
           0.64     1.61363e-07      1.6897e-11
           0.66     1.61335e-07     1.68827e-11
           0.68     1.61315e-07      1.6873e-11
            0.7     1.61303e-07     1.68668e-11
           0.72     1.61295e-07     1.68625e-11
           0.74     1.61289e-07     1.68598e-11
           0.76     1.61286e-07     1.68581e-11
           0.78     1.61284e-07      1.6857e-11
            0.8     1.61283e-07     1.68564e-11
           0.82     1.61283e-07     1.68561e-11
           0.84     1.61283e-07     1.68559e-11
           0.86     1.61283e-07     1.68558e-11
           0.88     1.61283e-07     1.68557e-11
            0.9     1.61283e-07     1.68556e-11
           0.92     1.61284e-07     1.68556e-11
           0.94     1.61284e-07     1.68555e-11
           0.96     1.61284e-07     1.68554e-11
           0.98     1.61284e-07     1.68554e-11
              1     1.61285e-07     1.68552e-11
           1.02     1.61285e-07     1.68551e-11
           1.04     1.61285e-07      1.6855e-11
           1.06     1.61285e-07     1.68549e-11
           1.08     1.61285e-07     1.68548e-11
            1.1     1.61286e-07     1.68547e-11
           1.12     1.61286e-07     1.68546e-11
           1.14     1.61286e-07     1.68545e-11
           1.16     1.61286e-07     1.68544e-11
           1.18     1.61286e-07     1.68543e-11
            1.2     1.61287e-07     1.68541e-11
           1.22     1.61287e-07     1.68541e-11
           1.24     1.61287e-07      1.6854e-11
           1.26     1.61287e-07     1.68539e-11
           1.28     1.61287e-07     1.68539e-11
            1.3     1.61287e-07     1.68538e-11
           1.32     1.61288e-07     1.68536e-11
           1.34     1.61288e-07     1.68535e-11
           1.36     1.61288e-07     1.68534e-11
           1.38     1.61288e-07     1.68534e-11
            1.4     1.61288e-07     1.68533e-11
           1.42     1.61289e-07     1.68532e-11
           1.44     1.61289e-07     1.68532e-11
           1.46     1.61289e-07     1.68531e-11
           1.48     1.61289e-07      1.6853e-11
            1.5     1.61289e-07     1.68529e-11
           1.52      1.6129e-07     1.68528e-11
           1.54      1.6129e-07     1.68528e-11
           1.56      1.6129e-07     1.68527e-11
           1.58      1.6129e-07     1.68525e-11
            1.6     1.61291e-07     1.68524e-11
           1.62     1.61291e-07     1.68523e-11
           1.64     1.61291e-07     1.68522e-11
           1.66     1.61291e-07     1.68522e-11
           1.68     1.61292e-07     1.68521e-11
            1.7     1.61292e-07      1.6852e-11
           1.72     1.61292e-07     1.68519e-11
           1.74     1.61293e-07     1.68518e-11
           1.76     1.61293e-07     1.68517e-11
           1.78     1.61293e-07     1.68516e-11
            1.8     1.61294e-07     1.68515e-11
           1.82     1.61294e-07     1.68514e-11
           1.84     1.61294e-07     1.68513e-11
           1.86     1.61294e-07     1.68512e-11
           1.88     1.61295e-07     1.68511e-11
            1.9     1.61295e-07      1.6851e-11
           1.92     1.61295e-07     1.68509e-11
           1.94     1.61296e-07     1.68508e-11
           1.96     1.61296e-07     1.68507e-11
           1.98     1.61297e-07     1.68506e-11
              2     1.61297e-07     1.68505e-11
           2.02     1.61297e-07     1.68505e-11
           2.04     1.61297e-07     1.68503e-11
           2.06     1.61298e-07     1.68502e-11
           2.08     1.61298e-07     1.68501e-11
            2.1     1.61299e-07       1.685e-11
           2.12     1.61299e-07       1.685e-11
           2.14     1.61299e-07     1.68499e-11
           2.16       1.613e-07     1.68498e-11
           2.18       1.613e-07     1.68498e-11
            2.2       1.613e-07     1.68497e-11
           2.22     1.61301e-07     1.68496e-11
           2.24     1.61301e-07     1.68495e-11
           2.26     1.61301e-07     1.68494e-11
           2.28     1.61302e-07     1.68493e-11
            2.3     1.61303e-07     1.68493e-11
           2.32     1.61304e-07     1.68494e-11
           2.34     1.61305e-07     1.68495e-11
           2.36     1.61308e-07     1.68499e-11
           2.38     1.61312e-07     1.68508e-11
            2.4     1.61318e-07     1.68524e-11
           2.42      1.6133e-07     1.68553e-11
           2.44     1.61349e-07     1.68603e-11
           2.46     1.61381e-07     1.68688e-11
           2.48     1.61431e-07     1.68824e-11
            2.5      1.6151e-07     1.69038e-11
           2.52     1.61633e-07     1.69376e-11
           2.54     1.61815e-07     1.69882e-11
           2.56     1.62082e-07     1.70623e-11
           2.58     1.62465e-07     1.71681e-11
            2.6     1.62995e-07     1.73135e-11
           2.62      1.6372e-07     1.75096e-11
           2.64     1.64682e-07     1.77638e-11
           2.66     1.65927e-07     1.80835e-11
           2.68     1.67498e-07     1.84705e-11
            2.7     1.69432e-07     1.89228e-11
           2.72     1.71751e-07     1.94317e-11
           2.74     1.74466e-07     1.99834e-11
           2.76     1.77552e-07     2.05565e-11
           2.78     1.80975e-07      2.1129e-11
            2.8     1.84667e-07      2.1678e-11
           2.82      1.8854e-07     2.21818e-11
           2.84      1.9251e-07      2.2627e-11
           2.86     1.96461e-07     2.30026e-11
           2.88     2.00307e-07     2.33065e-11
            2.9     2.03932e-07     2.35403e-11
           2.92     2.07262e-07     2.37117e-11
           2.94     2.10228e-07     2.38302e-11
           2.96     2.12801e-07     2.39075e-11
           2.98     2.14986e-07     2.39551e-11
              3     2.16783e-07     2.39819e-11
           3.02     2.18226e-07      2.3995e-11
           3.04     2.19347e-07     2.39999e-11
           3.06     2.20197e-07     2.39988e-11
           3.08     2.20832e-07     2.39947e-11
            3.1     2.21288e-07     2.39892e-11
           3.12     2.21611e-07     2.39819e-11
           3.14      2.2184e-07     2.39734e-11
           3.16        2.22e-07     2.39636e-11
           3.18     2.22113e-07     2.39533e-11
            3.2     2.22195e-07     2.39415e-11
           3.22     2.22257e-07     2.39299e-11
           3.24     2.22305e-07     2.39186e-11
           3.26     2.22348e-07     2.39061e-11
           3.28     2.22385e-07     2.38938e-11
            3.3      2.2242e-07     2.38817e-11
           3.32     2.22454e-07     2.38691e-11
           3.34     2.22489e-07     2.38559e-11
           3.36     2.22524e-07     2.38428e-11
           3.38     2.22558e-07     2.38302e-11
            3.4     2.22591e-07     2.38172e-11
           3.42     2.22624e-07     2.38048e-11
           3.44     2.22657e-07     2.37927e-11
           3.46     2.22688e-07     2.37805e-11
           3.48     2.22721e-07     2.37681e-11
            3.5     2.22754e-07     2.37555e-11
           3.52     2.22787e-07     2.37434e-11
           3.54     2.22819e-07      2.3731e-11
           3.56     2.22851e-07     2.37191e-11
           3.58     2.22884e-07     2.37067e-11
            3.6     2.22917e-07     2.36944e-11
           3.62     2.22948e-07     2.36828e-11
           3.64      2.2298e-07     2.36709e-11
           3.66     2.23012e-07     2.36588e-11
           3.68     2.23043e-07     2.36471e-11
            3.7     2.23074e-07     2.36356e-11
           3.72     2.23105e-07     2.36241e-11
           3.74     2.23137e-07     2.36123e-11
           3.76     2.23167e-07     2.36012e-11
           3.78     2.23199e-07      2.3589e-11
            3.8     2.23231e-07      2.3577e-11
           3.82     2.23262e-07     2.35657e-11
           3.84     2.23294e-07     2.35541e-11
           3.86     2.23325e-07     2.35429e-11
           3.88     2.23355e-07     2.35316e-11
            3.9     2.23385e-07     2.35204e-11
           3.92     2.23416e-07     2.35093e-11
           3.94     2.23446e-07     2.34982e-11
           3.96     2.23476e-07     2.34872e-11
           3.98     2.23507e-07     2.34759e-11
              4     2.23536e-07      2.3465e-11
           4.02     2.23567e-07     2.34538e-11
           4.04     2.23596e-07     2.34433e-11
           4.06     2.23625e-07     2.34328e-11
           4.08     2.23655e-07     2.34219e-11
            4.1     2.23684e-07     2.34115e-11
           4.12     2.23713e-07     2.34012e-11
           4.14      2.2374e-07     2.33912e-11
           4.16     2.23768e-07     2.33811e-11
           4.18     2.23797e-07     2.33706e-11
            4.2     2.23825e-07     2.33606e-11
           4.22     2.23852e-07     2.33509e-11
           4.24      2.2388e-07     2.33407e-11
           4.26     2.23906e-07     2.33316e-11
           4.28     2.23932e-07     2.33221e-11
            4.3     2.23959e-07     2.33126e-11
           4.32     2.23985e-07     2.33035e-11
           4.34     2.24011e-07     2.32943e-11
           4.36     2.24036e-07     2.32852e-11
           4.38     2.24062e-07     2.32762e-11
            4.4     2.24087e-07     2.32671e-11
           4.42     2.24113e-07      2.3258e-11
           4.44     2.24139e-07     2.32487e-11
           4.46     2.24165e-07     2.32398e-11
           4.48      2.2419e-07     2.32308e-11
            4.5     2.24216e-07     2.32219e-11
           4.52      2.2424e-07     2.32134e-11
           4.54     2.24266e-07     2.32042e-11
           4.56     2.24291e-07     2.31956e-11
           4.58     2.24314e-07     2.31875e-11
            4.6     2.24338e-07      2.3179e-11
           4.62     2.24363e-07     2.31704e-11
           4.64     2.24388e-07     2.31618e-11
           4.66      2.2441e-07      2.3154e-11
           4.68     2.24434e-07     2.31456e-11
            4.7     2.24459e-07      2.3137e-11
           4.72     2.24483e-07     2.31289e-11
           4.74     2.24507e-07     2.31204e-11
           4.76      2.2453e-07     2.31126e-11
           4.78     2.24552e-07     2.31053e-11
            4.8     2.24573e-07     2.30977e-11
           4.82     2.24596e-07     2.30901e-11
           4.84     2.24616e-07     2.30831e-11
           4.86     2.24636e-07     2.30766e-11
           4.88     2.24655e-07     2.30702e-11
            4.9     2.24673e-07     2.30642e-11
           4.92     2.24691e-07     2.30583e-11
           4.94     2.24707e-07     2.30525e-11
           4.96     2.24724e-07     2.30471e-11
           4.98     2.24738e-07     2.30423e-11
              5     2.24754e-07     2.30371e-11
           5.02     2.24768e-07     2.30324e-11
           5.04     2.24782e-07     2.30277e-11
           5.06     2.24796e-07     2.30233e-11
           5.08     2.24809e-07      2.3019e-11
            5.1     2.24821e-07      2.3015e-11
           5.12     2.24833e-07     2.30111e-11
           5.14     2.24845e-07     2.30077e-11
           5.16     2.24856e-07     2.30042e-11
           5.18     2.24869e-07     2.30013e-11
            5.2     2.24885e-07      2.2999e-11
           5.22     2.24907e-07     2.29985e-11
           5.24     2.24947e-07     2.30013e-11
           5.26     2.25021e-07     2.30107e-11
           5.28     2.25166e-07     2.30327e-11
            5.3     2.25436e-07     2.30788e-11
           5.32     2.25911e-07      2.3164e-11
           5.34     2.26708e-07     2.33111e-11
           5.36     2.27978e-07     2.35474e-11
           5.38     2.29891e-07     2.39002e-11
            5.4     2.32592e-07     2.43812e-11
           5.42     2.36192e-07     2.49855e-11
           5.44      2.4072e-07     2.56793e-11
           5.46     2.46082e-07     2.64077e-11
           5.48     2.52059e-07     2.71055e-11
            5.5     2.58339e-07     2.77154e-11
           5.52     2.64546e-07     2.81996e-11
           5.54     2.70342e-07     2.85492e-11
           5.56     2.75431e-07     2.87829e-11
           5.58     2.79639e-07     2.89277e-11
            5.6     2.82924e-07      2.9011e-11
           5.62     2.85348e-07     2.90573e-11
           5.64     2.87031e-07     2.90794e-11
           5.66     2.88135e-07     2.90889e-11
           5.68     2.88823e-07     2.90901e-11
            5.7     2.89234e-07     2.90851e-11
           5.72     2.89475e-07     2.90747e-11
           5.74     2.89618e-07     2.90615e-11
           5.76     2.89706e-07     2.90467e-11
           5.78     2.89769e-07     2.90301e-11
            5.8     2.89818e-07     2.90137e-11
           5.82     2.89861e-07     2.89971e-11
           5.84       2.899e-07     2.89807e-11
           5.86     2.89938e-07     2.89648e-11
           5.88     2.89975e-07     2.89489e-11
            5.9     2.90012e-07     2.89329e-11
           5.92     2.90048e-07     2.89176e-11
           5.94     2.90082e-07     2.89029e-11
           5.96     2.90116e-07     2.88881e-11
           5.98     2.90152e-07     2.88726e-11
              6     2.90186e-07     2.88579e-11
           6.02      2.9022e-07     2.88436e-11
           6.04     2.90253e-07     2.88294e-11
           6.06     2.90285e-07     2.88155e-11
           6.08     2.90318e-07     2.88011e-11
            6.1     2.90351e-07      2.8787e-11
           6.12     2.90384e-07      2.8773e-11
           6.14     2.90415e-07     2.87597e-11
           6.16     2.90447e-07     2.87461e-11
           6.18     2.90477e-07     2.87332e-11
            6.2     2.90506e-07     2.87208e-11
           6.22     2.90536e-07     2.87082e-11
           6.24     2.90564e-07      2.8696e-11
           6.26     2.90593e-07     2.86835e-11
           6.28     2.90622e-07     2.86715e-11
            6.3     2.90651e-07     2.86592e-11
           6.32     2.90678e-07     2.86474e-11
           6.34     2.90706e-07     2.86358e-11
           6.36     2.90733e-07     2.86242e-11
           6.38      2.9076e-07     2.86128e-11
            6.4     2.90786e-07     2.86017e-11
           6.42     2.90812e-07     2.85908e-11
           6.44     2.90836e-07     2.85807e-11
           6.46      2.9086e-07     2.85705e-11
           6.48     2.90885e-07     2.85601e-11
            6.5     2.90906e-07     2.85509e-11
           6.52     2.90929e-07     2.85413e-11
           6.54     2.90952e-07     2.85315e-11
           6.56     2.90974e-07      2.8522e-11
           6.58     2.90997e-07     2.85126e-11
            6.6     2.91018e-07     2.85036e-11
           6.62     2.91041e-07     2.84938e-11
           6.64     2.91064e-07     2.84841e-11
           6.66     2.91086e-07     2.84749e-11
           6.68     2.91107e-07      2.8466e-11
            6.7     2.91129e-07     2.84569e-11
           6.72      2.9115e-07     2.84482e-11
           6.74     2.91169e-07     2.84403e-11
           6.76     2.91188e-07     2.84321e-11
           6.78     2.91208e-07     2.84239e-11
            6.8     2.91228e-07     2.84152e-11
           6.82     2.91246e-07      2.8408e-11
           6.84     2.91264e-07     2.84003e-11
           6.86     2.91282e-07     2.83926e-11
           6.88       2.913e-07     2.83853e-11
            6.9     2.91318e-07      2.8378e-11
           6.92     2.91335e-07     2.83711e-11
           6.94     2.91349e-07      2.8365e-11
           6.96     2.91364e-07     2.83589e-11
           6.98     2.91379e-07     2.83531e-11
              7     2.91393e-07     2.83471e-11
           7.02     2.91407e-07     2.83414e-11
           7.04      2.9142e-07     2.83359e-11
           7.06     2.91433e-07     2.83307e-11
           7.08     2.91446e-07     2.83255e-11
            7.1     2.91458e-07     2.83206e-11
           7.12      2.9147e-07     2.83156e-11
           7.14     2.91482e-07     2.83102e-11
           7.16     2.91495e-07     2.83051e-11
           7.18     2.91507e-07     2.83002e-11
            7.2     2.91519e-07     2.82953e-11
           7.22     2.91531e-07     2.82904e-11
           7.24     2.91542e-07      2.8286e-11
           7.26     2.91553e-07     2.82814e-11
           7.28     2.91563e-07     2.82772e-11
            7.3     2.91574e-07     2.82729e-11
           7.32     2.91584e-07     2.82688e-11
           7.34     2.91593e-07     2.82652e-11
           7.36     2.91602e-07     2.82617e-11
           7.38      2.9161e-07     2.82584e-11
            7.4     2.91618e-07     2.82549e-11
           7.42     2.91626e-07     2.82521e-11
           7.44     2.91633e-07     2.82494e-11
           7.46     2.91639e-07      2.8247e-11
           7.48     2.91644e-07     2.82449e-11
            7.5      2.9165e-07     2.82426e-11
           7.52     2.91655e-07     2.82405e-11
           7.54     2.91659e-07     2.82388e-11
           7.56     2.91664e-07     2.82372e-11
           7.58     2.91668e-07     2.82355e-11
            7.6     2.91672e-07     2.82338e-11
           7.62     2.91678e-07     2.82319e-11
           7.64     2.91687e-07     2.82295e-11
           7.66     2.91712e-07     2.82262e-11
           7.68      2.9178e-07       2.822e-11
            7.7     2.91977e-07     2.82079e-11
           7.72     2.92472e-07     2.81879e-11
           7.74     2.93554e-07     2.81629e-11
           7.76      2.9564e-07      2.8135e-11
           7.78      2.9914e-07     2.81108e-11
            7.8     3.04276e-07     2.80754e-11
           7.82     3.10825e-07     2.79956e-11
           7.84     3.18111e-07     2.78428e-11
           7.86     3.25207e-07      2.7612e-11
           7.88     3.31225e-07     2.73622e-11
            7.9     3.35687e-07     2.71523e-11
           7.92     3.38593e-07     2.70114e-11
           7.94      3.4025e-07     2.69303e-11
           7.96     3.41084e-07     2.68872e-11
           7.98     3.41466e-07     2.68597e-11
              8     3.41636e-07     2.68345e-11
           8.02     3.41724e-07     2.68089e-11
           8.04      3.4178e-07     2.67832e-11
           8.06     3.41829e-07     2.67566e-11
           8.08     3.41874e-07     2.67301e-11
            8.1     3.41919e-07     2.67044e-11
           8.12     3.41961e-07     2.66793e-11
           8.14     3.42004e-07     2.66538e-11
           8.16     3.42047e-07     2.66287e-11
           8.18      3.4209e-07     2.66037e-11
            8.2     3.42131e-07     2.65793e-11
           8.22     3.42175e-07     2.65535e-11
           8.24     3.42217e-07      2.6529e-11
           8.26     3.42257e-07     2.65054e-11
           8.28     3.42297e-07     2.64816e-11
            8.3     3.42336e-07      2.6459e-11
           8.32     3.42375e-07     2.64359e-11
           8.34     3.42413e-07      2.6413e-11
           8.36     3.42452e-07     2.63903e-11
           8.38     3.42489e-07     2.63687e-11
            8.4     3.42527e-07     2.63459e-11
           8.42     3.42564e-07     2.63239e-11
           8.44     3.42602e-07     2.63018e-11
           8.46     3.42639e-07     2.62799e-11
           8.48     3.42676e-07     2.62583e-11
            8.5     3.42711e-07     2.62375e-11
           8.52     3.42747e-07     2.62163e-11
           8.54     3.42784e-07     2.61942e-11
           8.56     3.42819e-07     2.61734e-11
           8.58     3.42854e-07      2.6153e-11
            8.6      3.4289e-07     2.61318e-11
           8.62     3.42924e-07     2.61111e-11
           8.64     3.42958e-07     2.60915e-11
           8.66      3.4299e-07     2.60725e-11
           8.68     3.43023e-07     2.60529e-11
            8.7     3.43056e-07     2.60332e-11
           8.72     3.43089e-07      2.6014e-11
           8.74     3.43122e-07     2.59947e-11
           8.76     3.43153e-07     2.59761e-11
           8.78     3.43185e-07     2.59571e-11
            8.8     3.43217e-07     2.59387e-11
           8.82     3.43247e-07     2.59208e-11
           8.84     3.43276e-07     2.59041e-11
           8.86     3.43304e-07     2.58871e-11
           8.88     3.43333e-07     2.58702e-11
            8.9      3.4336e-07     2.58545e-11
           8.92     3.43387e-07     2.58385e-11
           8.94     3.43412e-07     2.58239e-11
           8.96     3.43437e-07     2.58092e-11
           8.98      3.4346e-07     2.57958e-11
              9     3.43483e-07     2.57824e-11
           9.02     3.43504e-07       2.577e-11
           9.04     3.43524e-07     2.57581e-11
           9.06     3.43545e-07     2.57454e-11
           9.08     3.43566e-07     2.57338e-11
            9.1     3.43585e-07     2.57218e-11
           9.12     3.43607e-07     2.57092e-11
           9.14     3.43627e-07     2.56972e-11
           9.16     3.43647e-07     2.56861e-11
           9.18     3.43665e-07     2.56751e-11
            9.2     3.43683e-07     2.56645e-11
           9.22     3.43701e-07      2.5654e-11
           9.24     3.43719e-07     2.56438e-11
           9.26     3.43736e-07     2.56337e-11
           9.28     3.43753e-07     2.56234e-11
            9.3     3.43771e-07     2.56131e-11
           9.32     3.43788e-07     2.56031e-11
           9.34     3.43804e-07     2.55935e-11
           9.36      3.4382e-07     2.55842e-11
           9.38     3.43836e-07     2.55749e-11
            9.4     3.43852e-07     2.55657e-11
           9.42     3.43866e-07     2.55577e-11
           9.44      3.4388e-07     2.55495e-11
           9.46     3.43894e-07     2.55416e-11
           9.48     3.43907e-07     2.55336e-11
            9.5     3.43921e-07     2.55255e-11
           9.52     3.43934e-07     2.55182e-11
           9.54     3.43947e-07     2.55106e-11
           9.56     3.43959e-07     2.55036e-11
           9.58      3.4397e-07     2.54974e-11
            9.6     3.43982e-07     2.54905e-11
           9.62     3.43992e-07     2.54845e-11
           9.64     3.44003e-07     2.54781e-11
           9.66     3.44013e-07     2.54723e-11
           9.68     3.44022e-07     2.54673e-11
            9.7     3.44031e-07     2.54623e-11
           9.72     3.44039e-07      2.5458e-11
           9.74     3.44046e-07     2.54537e-11
           9.76     3.44053e-07     2.54494e-11
           9.78      3.4406e-07     2.54453e-11
            9.8     3.44067e-07     2.54421e-11
           9.82     3.44071e-07     2.54393e-11
           9.84     3.44076e-07     2.54368e-11
           9.86      3.4408e-07     2.54347e-11
           9.88     3.44083e-07     2.54324e-11
            9.9     3.44087e-07     2.54305e-11
           9.92      3.4409e-07     2.54287e-11
           9.94     3.44093e-07     2.54273e-11
           9.96     3.44095e-07     2.54264e-11
           9.98     3.44096e-07      2.5426e-11
             10     3.44096e-07     2.54258e-11
          10.02               0               0
          10.04               0               0
          10.06               0               0
          10.08               0               0
           10.1               0               0
          10.12               0               0
          10.14               0               0
          10.16               0               0
          10.18               0               0
           10.2               0               0
          10.22               0               0
          10.24               0               0
          10.26               0               0
          10.28               0               0
           10.3               0               0
          10.32               0               0
          10.34               0               0
          10.36               0               0
          10.38               0               0
           10.4               0               0
          10.42               0               0
          10.44               0               0
          10.46               0               0
          10.48               0               0
           10.5               0               0
          10.52               0               0
          10.54               0               0
          10.56               0               0
          10.58               0               0
           10.6               0               0
          10.62               0               0
          10.64               0               0
          10.66               0               0
          10.68               0               0
           10.7               0               0
          10.72               0               0
          10.74               0               0
          10.76               0               0
          10.78               0               0
           10.8               0               0
          10.82               0               0
          10.84               0               0
          10.86               0               0
          10.88               0               0
           10.9               0               0
          10.92               0               0
          10.94               0               0
          10.96               0               0
          10.98               0               0
             11               0               0
          11.02               0               0
          11.04               0               0
          11.06               0               0
          11.08               0               0
           11.1               0               0
          11.12               0               0
          11.14               0               0
          11.16               0               0
          11.18               0               0
           11.2               0               0
          11.22               0               0
          11.24               0               0
          11.26               0               0
          11.28               0               0
           11.3               0               0
          11.32               0               0
          11.34               0               0
          11.36               0               0
          11.38               0               0
           11.4               0               0
          11.42               0               0
          11.44               0               0
          11.46               0               0
          11.48               0               0
           11.5               0               0
          11.52               0               0
          11.54               0               0
          11.56               0               0
          11.58               0               0
           11.6               0               0
          11.62               0               0
          11.64               0               0
          11.66               0               0
          11.68               0               0
           11.7               0               0
          11.72               0               0
          11.74               0               0
          11.76               0               0
          11.78               0               0
           11.8               0               0
          11.82               0               0
          11.84               0               0
          11.86               0               0
          11.88               0               0
           11.9               0               0
          11.92               0               0
          11.94               0               0
          11.96               0               0
          11.98               0               0
             12               0               0
          12.02               0               0
          12.04               0               0
          12.06               0               0
          12.08               0               0
           12.1               0               0
          12.12               0               0
          12.14               0               0
          12.16               0               0
          12.18               0               0
           12.2               0               0
          12.22               0               0
          12.24               0               0
          12.26               0               0
          12.28               0               0
           12.3               0               0
          12.32               0               0
          12.34               0               0
          12.36               0               0
          12.38               0               0
           12.4               0               0
          12.42               0               0
          12.44               0               0
          12.46               0               0
          12.48               0               0
           12.5               0               0
          12.52               0               0
          12.54               0               0
          12.56               0               0
          12.58               0               0
           12.6               0               0
          12.62               0               0
          12.64               0               0
          12.66               0               0
          12.68               0               0
           12.7               0               0
          12.72               0               0
          12.74               0               0
          12.76               0               0
          12.78               0               0
           12.8               0               0
          12.82               0               0
          12.84               0               0
          12.86               0               0
          12.88               0               0
           12.9               0               0
          12.92               0               0
          12.94               0               0
          12.96               0               0
          12.98               0               0
             13               0               0
          13.02               0               0
          13.04               0               0
          13.06               0               0
          13.08               0               0
           13.1               0               0
          13.12               0               0
          13.14               0               0
          13.16               0               0
          13.18               0               0
           13.2               0               0
          13.22               0               0
          13.24               0               0
          13.26               0               0
          13.28               0               0
           13.3               0               0
          13.32               0               0
          13.34               0               0
          13.36               0               0
          13.38               0               0
           13.4               0               0
          13.42               0               0
          13.44               0               0
          13.46               0               0
          13.48               0               0
           13.5               0               0
          13.52               0               0
          13.54               0               0
          13.56               0               0
          13.58               0               0
           13.6               0               0
          13.62               0               0
          13.64               0               0
          13.66               0               0
          13.68               0               0
           13.7               0               0
          13.72               0               0
          13.74               0               0
          13.76               0               0
          13.78               0               0
           13.8               0               0
          13.82               0               0
          13.84               0               0
          13.86               0               0
          13.88               0               0
           13.9               0               0
          13.92               0               0
          13.94               0               0
          13.96               0               0
          13.98               0               0
             14               0               0
          14.02               0               0
          14.04               0               0
          14.06               0               0
          14.08               0               0
           14.1               0               0
          14.12               0               0
          14.14               0               0
          14.16               0               0
          14.18               0               0
           14.2               0               0
          14.22               0               0
          14.24               0               0
          14.26               0               0
          14.28               0               0
           14.3               0               0
          14.32               0               0
          14.34               0               0
          14.36               0               0
          14.38               0               0
           14.4               0               0
          14.42               0               0
          14.44               0               0
          14.46               0               0
          14.48               0               0
           14.5               0               0
          14.52               0               0
          14.54               0               0
          14.56               0               0
          14.58               0               0
           14.6               0               0
          14.62               0               0
          14.64               0               0
          14.66               0               0
          14.68               0               0
           14.7               0               0
          14.72               0               0
          14.74               0               0
          14.76               0               0
          14.78               0               0
           14.8               0               0
          14.82               0               0
          14.84               0               0
          14.86               0               0
          14.88               0               0
           14.9               0               0
          14.92               0               0
          14.94               0               0
          14.96               0               0
          14.98               0               0
             15               0               0
          15.02               0               0
          15.04               0               0
          15.06               0               0
          15.08               0               0
           15.1               0               0
          15.12               0               0
          15.14               0               0
          15.16               0               0
          15.18               0               0
           15.2               0               0
          15.22               0               0
          15.24               0               0
          15.26               0               0
          15.28               0               0
           15.3               0               0
          15.32               0               0
          15.34               0               0
          15.36               0               0
          15.38               0               0
           15.4               0               0
          15.42               0               0
          15.44               0               0
          15.46               0               0
          15.48               0               0
           15.5               0               0
          15.52               0               0
          15.54               0               0
          15.56               0               0
          15.58               0               0
           15.6               0               0
          15.62               0               0
          15.64               0               0
          15.66               0               0
          15.68               0               0
           15.7               0               0
          15.72               0               0
          15.74               0               0
          15.76               0               0
          15.78               0               0
           15.8               0               0
          15.82               0               0
          15.84               0               0
          15.86               0               0
          15.88               0               0
           15.9               0               0
          15.92               0               0
          15.94               0               0
          15.96               0               0
          15.98               0               0
             16               0               0
          16.02               0               0
          16.04               0               0
          16.06               0               0
          16.08               0               0
           16.1               0               0
          16.12               0               0
          16.14               0               0
          16.16               0               0
          16.18               0               0
           16.2               0               0
          16.22               0               0
          16.24               0               0
          16.26               0               0
          16.28               0               0
           16.3               0               0
          16.32               0               0
          16.34               0               0
          16.36               0               0
          16.38               0               0
           16.4               0               0
          16.42               0               0
          16.44               0               0
          16.46               0               0
          16.48               0               0
           16.5               0               0
          16.52               0               0
          16.54               0               0
          16.56               0               0
          16.58               0               0
           16.6               0               0
          16.62               0               0
          16.64               0               0
          16.66               0               0
          16.68               0               0
           16.7               0               0
          16.72               0               0
          16.74               0               0
          16.76               0               0
          16.78               0               0
           16.8               0               0
          16.82               0               0
          16.84               0               0
          16.86               0               0
          16.88               0               0
           16.9               0               0
          16.92               0               0
          16.94               0               0
          16.96               0               0
          16.98               0               0
             17               0               0
          17.02               0               0
          17.04               0               0
          17.06               0               0
          17.08               0               0
           17.1               0               0
          17.12               0               0
          17.14               0               0
          17.16               0               0
          17.18               0               0
           17.2               0               0
          17.22               0               0
          17.24               0               0
          17.26               0               0
          17.28               0               0
           17.3               0               0
          17.32               0               0
          17.34               0               0
          17.36               0               0
          17.38               0               0
           17.4               0               0
          17.42               0               0
          17.44               0               0
          17.46               0               0
          17.48               0               0
           17.5               0               0
          17.52               0               0
          17.54               0               0
          17.56               0               0
          17.58               0               0
           17.6               0               0
          17.62               0               0
          17.64               0               0
          17.66               0               0
          17.68               0               0
           17.7               0               0
          17.72               0               0
          17.74               0               0
          17.76               0               0
          17.78               0               0
           17.8               0               0
          17.82               0               0
          17.84               0               0
          17.86               0               0
          17.88               0               0
           17.9               0               0
          17.92               0               0
          17.94               0               0
          17.96               0               0
          17.98               0               0
             18               0               0
          18.02               0               0
          18.04               0               0
          18.06               0               0
          18.08               0               0
           18.1               0               0
          18.12               0               0
          18.14               0               0
          18.16               0               0
          18.18               0               0
           18.2               0               0
          18.22               0               0
          18.24               0               0
          18.26               0               0
          18.28               0               0
           18.3               0               0
          18.32               0               0
          18.34               0               0
          18.36               0               0
          18.38               0               0
           18.4               0               0
          18.42               0               0
          18.44               0               0
          18.46               0               0
          18.48               0               0
           18.5               0               0
          18.52               0               0
          18.54               0               0
          18.56               0               0
          18.58               0               0
           18.6               0               0
          18.62               0               0
          18.64               0               0
          18.66               0               0
          18.68               0               0
           18.7               0               0
          18.72               0               0
          18.74               0               0
          18.76               0               0
          18.78               0               0
           18.8               0               0
          18.82               0               0
          18.84               0               0
          18.86               0               0
          18.88               0               0
           18.9               0               0
          18.92               0               0
          18.94               0               0
          18.96               0               0
          18.98               0               0
             19               0               0
          19.02               0               0
          19.04               0               0
          19.06               0               0
          19.08               0               0
           19.1               0               0
          19.12               0               0
          19.14               0               0
          19.16               0               0
          19.18               0               0
           19.2               0               0
          19.22               0               0
          19.24               0               0
          19.26               0               0
          19.28               0               0
           19.3               0               0
          19.32               0               0
          19.34               0               0
          19.36               0               0
          19.38               0               0
           19.4               0               0
          19.42               0               0
          19.44               0               0
          19.46               0               0
          19.48               0               0
           19.5               0               0
          19.52               0               0
          19.54               0               0
          19.56               0               0
          19.58               0               0
           19.6               0               0
          19.62               0               0
          19.64               0               0
          19.66               0               0
          19.68               0               0
           19.7               0               0
          19.72               0               0
          19.74               0               0
          19.76               0               0
          19.78               0               0
           19.8               0               0
          19.82               0               0
          19.84               0               0
          19.86               0               0
          19.88               0               0
           19.9               0               0
          19.92               0               0
          19.94               0               0
          19.96               0               0
          19.98               0               0
             20               0               0
          20.02               0               0

Source_00  1000  20
              0               0               0
           0.02               0               0
           0.04               0               0
           0.06               0               0
           0.08               0               0
            0.1               0               0
           0.12               0               0
           0.14               0               0
           0.16               0               0
           0.18               0               0
            0.2               0               0
           0.22               0               0
           0.24               0               0
           0.26               0               0
           0.28               0               0
            0.3               0               0
           0.32               0               0
           0.34               0               0
           0.36               0               0
           0.38               0               0
            0.4               0               0
           0.42               0               0
           0.44               0               0
           0.46               0               0
           0.48               0               0
            0.5               0               0
           0.52               0               0
           0.54               0               0
           0.56               0               0
           0.58               0               0
            0.6               0               0
           0.62               0               0
           0.64               0               0
           0.66               0               0
           0.68               0               0
            0.7               0               0
           0.72               0               0
           0.74               0               0
           0.76               0               0
           0.78               0               0
            0.8               0               0
           0.82               0               0
           0.84               0               0
           0.86               0               0
           0.88               0               0
            0.9               0               0
           0.92               0               0
           0.94               0               0
           0.96               0               0
           0.98               0               0
              1               0               0
           1.02               0               0
           1.04               0               0
           1.06               0               0
           1.08               0               0
            1.1               0               0
           1.12               0               0
           1.14               0               0
           1.16               0               0
           1.18               0               0
            1.2               0               0
           1.22               0               0
           1.24               0               0
           1.26               0               0
           1.28               0               0
            1.3               0               0
           1.32               0               0
           1.34               0               0
           1.36               0               0
           1.38               0               0
            1.4               0               0
           1.42               0               0
           1.44               0               0
           1.46               0               0
           1.48               0               0
            1.5               0               0
           1.52               0               0
           1.54               0               0
           1.56               0               0
           1.58               0               0
            1.6               0               0
           1.62               0               0
           1.64               0               0
           1.66               0               0
           1.68               0               0
            1.7               0               0
           1.72               0               0
           1.74               0               0
           1.76               0               0
           1.78               0               0
            1.8               0               0
           1.82               0               0
           1.84               0               0
           1.86               0               0
           1.88               0               0
            1.9               0               0
           1.92               0               0
           1.94               0               0
           1.96               0               0
           1.98               0               0
              2               0               0
           2.02               0               0
           2.04               0               0
           2.06               0               0
           2.08               0               0
            2.1               0               0
           2.12               0               0
           2.14               0               0
           2.16               0               0
           2.18               0               0
            2.2               0               0
           2.22               0               0
           2.24               0               0
           2.26               0               0
           2.28               0               0
            2.3               0               0
           2.32               0               0
           2.34               0               0
           2.36               0               0
           2.38               0               0
            2.4               0               0
           2.42               0               0
           2.44               0               0
           2.46               0               0
           2.48               0               0
            2.5               0               0
           2.52               0               0
           2.54               0               0
           2.56               0               0
           2.58               0               0
            2.6               0               0
           2.62               0               0
           2.64               0               0
           2.66               0               0
           2.68               0               0
            2.7               0               0
           2.72               0               0
           2.74               0               0
           2.76               0               0
           2.78               0               0
            2.8               0               0
           2.82               0               0
           2.84               0               0
           2.86               0               0
           2.88               0               0
            2.9               0               0
           2.92               0               0
           2.94               0               0
           2.96               0               0
           2.98               0               0
              3               0               0
           3.02               0               0
           3.04               0               0
           3.06               0               0
           3.08               0               0
            3.1               0               0
           3.12               0               0
           3.14               0               0
           3.16               0               0
           3.18               0               0
            3.2               0               0
           3.22               0               0
           3.24               0               0
           3.26               0               0
           3.28               0               0
            3.3               0               0
           3.32               0               0
           3.34               0               0
           3.36               0               0
           3.38               0               0
            3.4               0               0
           3.42               0               0
           3.44               0               0
           3.46               0               0
           3.48               0               0
            3.5               0               0
           3.52               0               0
           3.54               0               0
           3.56               0               0
           3.58               0               0
            3.6               0               0
           3.62               0               0
           3.64               0               0
           3.66               0               0
           3.68               0               0
            3.7               0               0
           3.72               0               0
           3.74               0               0
           3.76               0               0
           3.78               0               0
            3.8               0               0
           3.82               0               0
           3.84               0               0
           3.86               0               0
           3.88               0               0
            3.9               0               0
           3.92               0               0
           3.94               0               0
           3.96               0               0
           3.98               0               0
              4               0               0
           4.02               0               0
           4.04               0               0
           4.06               0               0
           4.08               0               0
            4.1               0               0
           4.12               0               0
           4.14               0               0
           4.16               0               0
           4.18               0               0
            4.2               0               0
           4.22               0               0
           4.24               0               0
           4.26               0               0
           4.28               0               0
            4.3               0               0
           4.32               0               0
           4.34               0               0
           4.36               0               0
           4.38               0               0
            4.4               0               0
           4.42               0               0
           4.44               0               0
           4.46               0               0
           4.48               0               0
            4.5               0               0
           4.52               0               0
           4.54               0               0
           4.56               0               0
           4.58               0               0
            4.6               0               0
           4.62               0               0
           4.64               0               0
           4.66               0               0
           4.68               0               0
            4.7               0               0
           4.72               0               0
           4.74               0               0
           4.76               0               0
           4.78               0               0
            4.8               0               0
           4.82               0               0
           4.84               0               0
           4.86               0               0
           4.88               0               0
            4.9               0               0
           4.92               0               0
           4.94               0               0
           4.96               0               0
           4.98               0               0
              5               0               0
           5.02               0               0
           5.04               0               0
           5.06               0               0
           5.08               0               0
            5.1               0               0
           5.12               0               0
           5.14               0               0
           5.16               0               0
           5.18               0               0
            5.2               0               0
           5.22               0               0
           5.24               0               0
           5.26               0               0
           5.28               0               0
            5.3               0               0
           5.32               0               0
           5.34               0               0
           5.36               0               0
           5.38               0               0
            5.4               0               0
           5.42               0               0
           5.44               0               0
           5.46               0               0
           5.48               0               0
            5.5               0               0
           5.52               0               0
           5.54               0               0
           5.56               0               0
           5.58               0               0
            5.6               0               0
           5.62               0               0
           5.64               0               0
           5.66               0               0
           5.68               0               0
            5.7               0               0
           5.72               0               0
           5.74               0               0
           5.76               0               0
           5.78               0               0
            5.8               0               0
           5.82               0               0
           5.84               0               0
           5.86               0               0
           5.88               0               0
            5.9               0               0
           5.92               0               0
           5.94               0               0
           5.96               0               0
           5.98               0               0
              6               0               0
           6.02               0               0
           6.04               0               0
           6.06               0               0
           6.08               0               0
            6.1               0               0
           6.12               0               0
           6.14               0               0
           6.16               0               0
           6.18               0               0
            6.2               0               0
           6.22               0               0
           6.24               0               0
           6.26               0               0
           6.28               0               0
            6.3               0               0
           6.32               0               0
           6.34               0               0
           6.36               0               0
           6.38               0               0
            6.4               0               0
           6.42               0               0
           6.44               0               0
           6.46               0               0
           6.48               0               0
            6.5               0               0
           6.52               0               0
           6.54               0               0
           6.56               0               0
           6.58               0               0
            6.6               0               0
           6.62               0               0
           6.64               0               0
           6.66               0               0
           6.68               0               0
            6.7               0               0
           6.72               0               0
           6.74               0               0
           6.76               0               0
           6.78               0               0
            6.8               0               0
           6.82               0               0
           6.84               0               0
           6.86               0               0
           6.88               0               0
            6.9               0               0
           6.92               0               0
           6.94               0               0
           6.96               0               0
           6.98               0               0
              7               0               0
           7.02               0               0
           7.04               0               0
           7.06               0               0
           7.08               0               0
            7.1               0               0
           7.12               0               0
           7.14               0               0
           7.16               0               0
           7.18               0               0
            7.2               0               0
           7.22               0               0
           7.24               0               0
           7.26               0               0
           7.28               0               0
            7.3               0               0
           7.32               0               0
           7.34               0               0
           7.36               0               0
           7.38               0               0
            7.4               0               0
           7.42               0               0
           7.44               0               0
           7.46               0               0
           7.48               0               0
            7.5               0               0
           7.52               0               0
           7.54               0               0
           7.56               0               0
           7.58               0               0
            7.6               0               0
           7.62               0               0
           7.64               0               0
           7.66               0               0
           7.68               0               0
            7.7               0               0
           7.72               0               0
           7.74               0               0
           7.76               0               0
           7.78               0               0
            7.8               0               0
           7.82               0               0
           7.84               0               0
           7.86               0               0
           7.88               0               0
            7.9               0               0
           7.92               0               0
           7.94               0               0
           7.96               0               0
           7.98               0               0
              8               0               0
           8.02               0               0
           8.04               0               0
           8.06               0               0
           8.08               0               0
            8.1               0               0
           8.12               0               0
           8.14               0               0
           8.16               0               0
           8.18               0               0
            8.2               0               0
           8.22               0               0
           8.24               0               0
           8.26               0               0
           8.28               0               0
            8.3               0               0
           8.32               0               0
           8.34               0               0
           8.36               0               0
           8.38               0               0
            8.4               0               0
           8.42               0               0
           8.44               0               0
           8.46               0               0
           8.48               0               0
            8.5               0               0
           8.52               0               0
           8.54               0               0
           8.56               0               0
           8.58               0               0
            8.6               0               0
           8.62               0               0
           8.64               0               0
           8.66               0               0
           8.68               0               0
            8.7               0               0
           8.72               0               0
           8.74               0               0
           8.76               0               0
           8.78               0               0
            8.8               0               0
           8.82               0               0
           8.84               0               0
           8.86               0               0
           8.88               0               0
            8.9               0               0
           8.92               0               0
           8.94               0               0
           8.96               0               0
           8.98               0               0
              9               0               0
           9.02               0               0
           9.04               0               0
           9.06               0               0
           9.08               0               0
            9.1               0               0
           9.12               0               0
           9.14               0               0
           9.16               0               0
           9.18               0               0
            9.2               0               0
           9.22               0               0
           9.24               0               0
           9.26               0               0
           9.28               0               0
            9.3               0               0
           9.32               0               0
           9.34               0               0
           9.36               0               0
           9.38               0               0
            9.4               0               0
           9.42               0               0
           9.44               0               0
           9.46               0               0
           9.48               0               0
            9.5               0               0
           9.52               0               0
           9.54               0               0
           9.56               0               0
           9.58               0               0
            9.6               0               0
           9.62               0               0
           9.64               0               0
           9.66               0               0
           9.68               0               0
            9.7               0               0
           9.72               0               0
           9.74               0               0
           9.76               0               0
           9.78               0               0
            9.8               0               0
           9.82               0               0
           9.84               0               0
           9.86               0               0
           9.88               0               0
            9.9               0               0
           9.92               0               0
           9.94               0               0
           9.96               0               0
           9.98               0               0
             10               0               0
          10.02               1     0.000316228
          10.04               0               0
          10.06               0               0
          10.08               0               0
           10.1               0               0
          10.12               0               0
          10.14               0               0
          10.16               0               0
          10.18               0               0
           10.2               0               0
          10.22               0               0
          10.24               0               0
          10.26               0               0
          10.28               0               0
           10.3               0               0
          10.32               0               0
          10.34               0               0
          10.36               0               0
          10.38               0               0
           10.4               0               0
          10.42               0               0
          10.44               0               0
          10.46               0               0
          10.48               0               0
           10.5               0               0
          10.52               0               0
          10.54               0               0
          10.56               0               0
          10.58               0               0
           10.6               0               0
          10.62               0               0
          10.64               0               0
          10.66               0               0
          10.68               0               0
           10.7               0               0
          10.72               0               0
          10.74               0               0
          10.76               0               0
          10.78               0               0
           10.8               0               0
          10.82               0               0
          10.84               0               0
          10.86               0               0
          10.88               0               0
           10.9               0               0
          10.92               0               0
          10.94               0               0
          10.96               0               0
          10.98               0               0
             11               0               0
          11.02               0               0
          11.04               0               0
          11.06               0               0
          11.08               0               0
           11.1               0               0
          11.12               0               0
          11.14               0               0
          11.16               0               0
          11.18               0               0
           11.2               0               0
          11.22               0               0
          11.24               0               0
          11.26               0               0
          11.28               0               0
           11.3               0               0
          11.32               0               0
          11.34               0               0
          11.36               0               0
          11.38               0               0
           11.4               0               0
          11.42               0               0
          11.44               0               0
          11.46               0               0
          11.48               0               0
           11.5               0               0
          11.52               0               0
          11.54               0               0
          11.56               0               0
          11.58               0               0
           11.6               0               0
          11.62               0               0
          11.64               0               0
          11.66               0               0
          11.68               0               0
           11.7               0               0
          11.72               0               0
          11.74               0               0
          11.76               0               0
          11.78               0               0
           11.8               0               0
          11.82               0               0
          11.84               0               0
          11.86               0               0
          11.88               0               0
           11.9               0               0
          11.92               0               0
          11.94               0               0
          11.96               0               0
          11.98               0               0
             12               0               0
          12.02               0               0
          12.04               0               0
          12.06               0               0
          12.08               0               0
           12.1               0               0
          12.12               0               0
          12.14               0               0
          12.16               0               0
          12.18               0               0
           12.2               0               0
          12.22               0               0
          12.24               0               0
          12.26               0               0
          12.28               0               0
           12.3               0               0
          12.32               0               0
          12.34               0               0
          12.36               0               0
          12.38               0               0
           12.4               0               0
          12.42               0               0
          12.44               0               0
          12.46               0               0
          12.48               0               0
           12.5               0               0
          12.52               0               0
          12.54               0               0
          12.56               0               0
          12.58               0               0
           12.6               0               0
          12.62               0               0
          12.64               0               0
          12.66               0               0
          12.68               0               0
           12.7               0               0
          12.72               0               0
          12.74               0               0
          12.76               0               0
          12.78               0               0
           12.8               0               0
          12.82               0               0
          12.84               0               0
          12.86               0               0
          12.88               0               0
           12.9               0               0
          12.92               0               0
          12.94               0               0
          12.96               0               0
          12.98               0               0
             13               0               0
          13.02               0               0
          13.04               0               0
          13.06               0               0
          13.08               0               0
           13.1               0               0
          13.12               0               0
          13.14               0               0
          13.16               0               0
          13.18               0               0
           13.2               0               0
          13.22               0               0
          13.24               0               0
          13.26               0               0
          13.28               0               0
           13.3               0               0
          13.32               0               0
          13.34               0               0
          13.36               0               0
          13.38               0               0
           13.4               0               0
          13.42               0               0
          13.44               0               0
          13.46               0               0
          13.48               0               0
           13.5               0               0
          13.52               0               0
          13.54               0               0
          13.56               0               0
          13.58               0               0
           13.6               0               0
          13.62               0               0
          13.64               0               0
          13.66               0               0
          13.68               0               0
           13.7               0               0
          13.72               0               0
          13.74               0               0
          13.76               0               0
          13.78               0               0
           13.8               0               0
          13.82               0               0
          13.84               0               0
          13.86               0               0
          13.88               0               0
           13.9               0               0
          13.92               0               0
          13.94               0               0
          13.96               0               0
          13.98               0               0
             14               0               0
          14.02               0               0
          14.04               0               0
          14.06               0               0
          14.08               0               0
           14.1               0               0
          14.12               0               0
          14.14               0               0
          14.16               0               0
          14.18               0               0
           14.2               0               0
          14.22               0               0
          14.24               0               0
          14.26               0               0
          14.28               0               0
           14.3               0               0
          14.32               0               0
          14.34               0               0
          14.36               0               0
          14.38               0               0
           14.4               0               0
          14.42               0               0
          14.44               0               0
          14.46               0               0
          14.48               0               0
           14.5               0               0
          14.52               0               0
          14.54               0               0
          14.56               0               0
          14.58               0               0
           14.6               0               0
          14.62               0               0
          14.64               0               0
          14.66               0               0
          14.68               0               0
           14.7               0               0
          14.72               0               0
          14.74               0               0
          14.76               0               0
          14.78               0               0
           14.8               0               0
          14.82               0               0
          14.84               0               0
          14.86               0               0
          14.88               0               0
           14.9               0               0
          14.92               0               0
          14.94               0               0
          14.96               0               0
          14.98               0               0
             15               0               0
          15.02               0               0
          15.04               0               0
          15.06               0               0
          15.08               0               0
           15.1               0               0
          15.12               0               0
          15.14               0               0
          15.16               0               0
          15.18               0               0
           15.2               0               0
          15.22               0               0
          15.24               0               0
          15.26               0               0
          15.28               0               0
           15.3               0               0
          15.32               0               0
          15.34               0               0
          15.36               0               0
          15.38               0               0
           15.4               0               0
          15.42               0               0
          15.44               0               0
          15.46               0               0
          15.48               0               0
           15.5               0               0
          15.52               0               0
          15.54               0               0
          15.56               0               0
          15.58               0               0
           15.6               0               0
          15.62               0               0
          15.64               0               0
          15.66               0               0
          15.68               0               0
           15.7               0               0
          15.72               0               0
          15.74               0               0
          15.76               0               0
          15.78               0               0
           15.8               0               0
          15.82               0               0
          15.84               0               0
          15.86               0               0
          15.88               0               0
           15.9               0               0
          15.92               0               0
          15.94               0               0
          15.96               0               0
          15.98               0               0
             16               0               0
          16.02               0               0
          16.04               0               0
          16.06               0               0
          16.08               0               0
           16.1               0               0
          16.12               0               0
          16.14               0               0
          16.16               0               0
          16.18               0               0
           16.2               0               0
          16.22               0               0
          16.24               0               0
          16.26               0               0
          16.28               0               0
           16.3               0               0
          16.32               0               0
          16.34               0               0
          16.36               0               0
          16.38               0               0
           16.4               0               0
          16.42               0               0
          16.44               0               0
          16.46               0               0
          16.48               0               0
           16.5               0               0
          16.52               0               0
          16.54               0               0
          16.56               0               0
          16.58               0               0
           16.6               0               0
          16.62               0               0
          16.64               0               0
          16.66               0               0
          16.68               0               0
           16.7               0               0
          16.72               0               0
          16.74               0               0
          16.76               0               0
          16.78               0               0
           16.8               0               0
          16.82               0               0
          16.84               0               0
          16.86               0               0
          16.88               0               0
           16.9               0               0
          16.92               0               0
          16.94               0               0
          16.96               0               0
          16.98               0               0
             17               0               0
          17.02               0               0
          17.04               0               0
          17.06               0               0
          17.08               0               0
           17.1               0               0
          17.12               0               0
          17.14               0               0
          17.16               0               0
          17.18               0               0
           17.2               0               0
          17.22               0               0
          17.24               0               0
          17.26               0               0
          17.28               0               0
           17.3               0               0
          17.32               0               0
          17.34               0               0
          17.36               0               0
          17.38               0               0
           17.4               0               0
          17.42               0               0
          17.44               0               0
          17.46               0               0
          17.48               0               0
           17.5               0               0
          17.52               0               0
          17.54               0               0
          17.56               0               0
          17.58               0               0
           17.6               0               0
          17.62               0               0
          17.64               0               0
          17.66               0               0
          17.68               0               0
           17.7               0               0
          17.72               0               0
          17.74               0               0
          17.76               0               0
          17.78               0               0
           17.8               0               0
          17.82               0               0
          17.84               0               0
          17.86               0               0
          17.88               0               0
           17.9               0               0
          17.92               0               0
          17.94               0               0
          17.96               0               0
          17.98               0               0
             18               0               0
          18.02               0               0
          18.04               0               0
          18.06               0               0
          18.08               0               0
           18.1               0               0
          18.12               0               0
          18.14               0               0
          18.16               0               0
          18.18               0               0
           18.2               0               0
          18.22               0               0
          18.24               0               0
          18.26               0               0
          18.28               0               0
           18.3               0               0
          18.32               0               0
          18.34               0               0
          18.36               0               0
          18.38               0               0
           18.4               0               0
          18.42               0               0
          18.44               0               0
          18.46               0               0
          18.48               0               0
           18.5               0               0
          18.52               0               0
          18.54               0               0
          18.56               0               0
          18.58               0               0
           18.6               0               0
          18.62               0               0
          18.64               0               0
          18.66               0               0
          18.68               0               0
           18.7               0               0
          18.72               0               0
          18.74               0               0
          18.76               0               0
          18.78               0               0
           18.8               0               0
          18.82               0               0
          18.84               0               0
          18.86               0               0
          18.88               0               0
           18.9               0               0
          18.92               0               0
          18.94               0               0
          18.96               0               0
          18.98               0               0
             19               0               0
          19.02               0               0
          19.04               0               0
          19.06               0               0
          19.08               0               0
           19.1               0               0
          19.12               0               0
          19.14               0               0
          19.16               0               0
          19.18               0               0
           19.2               0               0
          19.22               0               0
          19.24               0               0
          19.26               0               0
          19.28               0               0
           19.3               0               0
          19.32               0               0
          19.34               0               0
          19.36               0               0
          19.38               0               0
           19.4               0               0
          19.42               0               0
          19.44               0               0
          19.46               0               0
          19.48               0               0
           19.5               0               0
          19.52               0               0
          19.54               0               0
          19.56               0               0
          19.58               0               0
           19.6               0               0
          19.62               0               0
          19.64               0               0
          19.66               0               0
          19.68               0               0
           19.7               0               0
          19.72               0               0
          19.74               0               0
          19.76               0               0
          19.78               0               0
           19.8               0               0
          19.82               0               0
          19.84               0               0
          19.86               0               0
          19.88               0               0
           19.9               0               0
          19.92               0               0
          19.94               0               0
          19.96               0               0
          19.98               0               0
             20               0               0
          20.02               0               0

