NSpec_Sample  1000  20
              0      2.3502e-05     4.87988e-08
           0.02     1.33593e-07     3.68839e-09
           0.04     2.23343e-07     4.76844e-09
           0.06     2.70213e-07     5.24439e-09
           0.08     3.20291e-07     5.70975e-09
            0.1     3.62253e-07     6.07079e-09
           0.12     3.77166e-07     6.19498e-09
           0.14     4.05554e-07      6.4215e-09
           0.16     4.22846e-07     6.55782e-09
           0.18     4.26564e-07     6.58544e-09
            0.2      4.5351e-07      6.7903e-09
           0.22     4.43185e-07     6.71211e-09
           0.24     4.70742e-07     6.91698e-09
           0.26     4.41163e-07      6.6961e-09
           0.28     4.55921e-07     6.80734e-09
            0.3     4.49644e-07     6.75896e-09
           0.32     4.71085e-07     6.91753e-09
           0.34     4.52044e-07     6.77668e-09
           0.36     4.66148e-07     6.87997e-09
           0.38      4.7119e-07     6.91682e-09
            0.4     4.40313e-07     6.68548e-09
           0.42     4.53394e-07     6.78395e-09
           0.44     4.43226e-07     6.70733e-09
           0.46     4.26612e-07     6.57986e-09
           0.48     4.22653e-07     6.54846e-09
            0.5     4.13115e-07     6.47415e-09
           0.52     4.16177e-07     6.49664e-09
           0.54     4.13129e-07     6.47276e-09
           0.56     3.87534e-07      6.2679e-09
           0.58     3.80505e-07     6.21134e-09
            0.6     3.81541e-07     6.21914e-09
           0.62     3.82817e-07     6.22918e-09
           0.64     3.56171e-07     6.00771e-09
           0.66     3.54219e-07     5.99014e-09
           0.68     3.43132e-07     5.89612e-09
            0.7     3.47107e-07     5.92951e-09
           0.72     3.38891e-07     5.85881e-09
           0.74     3.24651e-07     5.73387e-09
           0.76     3.25097e-07     5.73814e-09
           0.78     2.98921e-07     5.50094e-09
            0.8       3.048e-07     5.55483e-09
           0.82     2.82073e-07     5.34324e-09
           0.84     2.82026e-07     5.34234e-09
           0.86     2.81228e-07     5.33391e-09
           0.88     2.57662e-07      5.1056e-09
            0.9     2.53777e-07     5.06654e-09
           0.92      2.5275e-07     5.05612e-09
           0.94     2.52368e-07     5.05151e-09
           0.96     2.36573e-07     4.89066e-09
           0.98     2.27855e-07     4.79944e-09
              1     2.19264e-07      4.7081e-09
           1.02     2.19613e-07     4.71234e-09
           1.04     2.07827e-07     4.58353e-09
           1.06     2.04336e-07     4.54426e-09
           1.08     1.96575e-07     4.45736e-09
            1.1     1.91652e-07     4.40036e-09
           1.12     1.83639e-07     4.30702e-09
           1.14     1.81479e-07     4.28114e-09
           1.16     1.73823e-07      4.1901e-09
           1.18     1.71302e-07     4.15966e-09
            1.2     1.55465e-07     3.96296e-09
           1.22     1.58818e-07     4.00445e-09
           1.24     1.49122e-07     3.88025e-09
           1.26     1.45761e-07     3.83589e-09
           1.28     1.35658e-07     3.70043e-09
            1.3     1.32207e-07     3.65281e-09
           1.32     1.24537e-07     3.54525e-09
           1.34     1.18597e-07     3.45989e-09
           1.36     1.19173e-07     3.46785e-09
           1.38     1.09552e-07     3.32437e-09
            1.4     1.09787e-07     3.32846e-09
           1.42     1.07527e-07     3.29341e-09
           1.44     9.95352e-08     3.16828e-09
           1.46     1.00854e-07     3.18933e-09
           1.48     8.91488e-08     2.99844e-09
            1.5      9.1259e-08     3.03359e-09
           1.52     8.04396e-08     2.84757e-09
           1.54     8.03097e-08     2.84475e-09
           1.56     7.65844e-08     2.77804e-09
           1.58     7.76856e-08     2.79781e-09
            1.6     6.98456e-08     2.65324e-09
           1.62     6.66864e-08     2.59187e-09
           1.64     6.74036e-08       2.606e-09
           1.66      6.8484e-08     2.62627e-09
           1.68     5.93384e-08     2.44502e-09
            1.7     5.74286e-08     2.40545e-09
           1.72     5.66049e-08     2.38776e-09
           1.74     5.58891e-08     2.37238e-09
           1.76     5.20563e-08     2.28946e-09
           1.78      5.2573e-08     2.30107e-09
            1.8     4.43852e-08      2.1136e-09
           1.82     4.25682e-08     2.06975e-09
           1.84     4.14596e-08     2.04259e-09
           1.86     3.70535e-08     1.93156e-09
           1.88     4.03365e-08     2.01432e-09
            1.9     3.78341e-08     1.95116e-09
           1.92     3.73257e-08     1.93787e-09
           1.94     3.19886e-08     1.79385e-09
           1.96     3.18748e-08     1.79028e-09
           1.98     3.00674e-08     1.73885e-09
              2     2.90741e-08     1.71025e-09
           2.02     2.71482e-08      1.6522e-09
           2.04      2.5932e-08     1.61447e-09
           2.06     2.56375e-08      1.6055e-09
           2.08     2.16155e-08     1.47418e-09
            2.1     2.34242e-08     1.53458e-09
           2.12     2.41268e-08     1.55739e-09
           2.14     1.87893e-08     1.37402e-09
           2.16     2.07072e-08     1.44275e-09
           2.18     1.69803e-08     1.30618e-09
            2.2     1.90816e-08     1.38433e-09
           2.22     1.78822e-08     1.34033e-09
           2.24     1.57703e-08     1.25861e-09
           2.26     1.50739e-08     1.23078e-09
           2.28     1.58666e-08     1.26228e-09
            2.3     1.29533e-08     1.14048e-09
           2.32     1.21496e-08     1.10451e-09
           2.34      1.1343e-08     1.06707e-09
           2.36      1.1141e-08     1.05746e-09
           2.38      9.6347e-09      9.8334e-10
            2.4     9.93449e-09     9.98458e-10
           2.42     9.53665e-09     9.78443e-10
           2.44     8.22957e-09     9.08807e-10
           2.46     9.23551e-09     9.62872e-10
           2.48     8.03079e-09     8.97874e-10
            2.5     6.92475e-09     8.33645e-10
           2.52     6.12316e-09     7.83994e-10
           2.54     7.42702e-09     8.63377e-10
           2.56     6.82076e-09      8.2714e-10
           2.58     4.91283e-09     7.01834e-10
            2.6       4.611e-09     6.79856e-10
           2.62      4.1136e-09     6.42439e-10
           2.64     4.21467e-09     6.50339e-10
           2.66     3.41016e-09     5.84839e-10
           2.68     3.91249e-09     6.26501e-10
            2.7     3.80934e-09     6.17958e-10
           2.72     3.11248e-09      5.5902e-10
           2.74     3.40749e-09     5.84381e-10
           2.76     2.30392e-09     4.80401e-10
           2.78     1.90502e-09     4.37042e-10
            2.8      2.8066e-09     5.30398e-10
           2.82     2.50537e-09     5.01075e-10
           2.84     2.20451e-09     4.70003e-10
           2.86     2.30583e-09       4.808e-10
           2.88     1.60327e-09     4.00818e-10
            2.9     1.40371e-09     3.75157e-10
           2.92     1.90265e-09     4.36499e-10
           2.94     1.60207e-09     4.00519e-10
           2.96      1.2031e-09     3.47305e-10
           2.98     1.70349e-09     4.13157e-10
              3     9.01973e-10     3.00658e-10
           3.02     5.00757e-10     2.23946e-10
           3.04      1.0026e-09      3.1705e-10
           3.06     3.00427e-10     1.73451e-10
           3.08     1.20227e-09     3.47065e-10
            3.1     4.00296e-10     2.00148e-10
           3.12     4.01018e-10     2.00509e-10
           3.14     5.00939e-10     2.24027e-10
           3.16     2.00041e-10      1.4145e-10
           3.18           1e-10           1e-10
            3.2     2.00801e-10     1.41989e-10
           3.22     1.00011e-10     1.00011e-10
           3.24     1.00205e-10     1.00205e-10
           3.26      1.0023e-10      1.0023e-10
           3.28     3.00493e-10      1.7349e-10
            3.3      2.0023e-10     1.41584e-10
           3.32               0               0
           3.34     2.00584e-10     1.41835e-10
           3.36               0               0
           3.38               0               0
            3.4               0               0
           3.42               0               0
           3.44     1.00011e-10     1.00011e-10
           3.46      1.0001e-10      1.0001e-10
           3.48               0               0
            3.5               0               0
           3.52               0               0
           3.54               0               0
           3.56               0               0
           3.58               0               0
            3.6               0               0
           3.62               0               0
           3.64               0               0
           3.66               0               0
           3.68               0               0
            3.7               0               0
           3.72               0               0
           3.74               0               0
           3.76               0               0
           3.78               0               0
            3.8               0               0
           3.82               0               0
           3.84               0               0
           3.86               0               0
           3.88               0               0
            3.9               0               0
           3.92               0               0
           3.94               0               0
           3.96               0               0
           3.98               0               0
              4               0               0
           4.02               0               0
           4.04               0               0
           4.06               0               0
           4.08               0               0
            4.1               0               0
           4.12               0               0
           4.14               0               0
           4.16               0               0
           4.18               0               0
            4.2               0               0
           4.22               0               0
           4.24               0               0
           4.26               0               0
           4.28               0               0
            4.3               0               0
           4.32               0               0
           4.34               0               0
           4.36               0               0
           4.38               0               0
            4.4               0               0
           4.42               0               0
           4.44               0               0
           4.46               0               0
           4.48               0               0
            4.5               0               0
           4.52               0               0
           4.54               0               0
           4.56               0               0
           4.58               0               0
            4.6               0               0
           4.62               0               0
           4.64               0               0
           4.66               0               0
           4.68               0               0
            4.7               0               0
           4.72               0               0
           4.74               0               0
           4.76               0               0
           4.78               0               0
            4.8               0               0
           4.82               0               0
           4.84               0               0
           4.86               0               0
           4.88               0               0
            4.9               0               0
           4.92               0               0
           4.94               0               0
           4.96               0               0
           4.98               0               0
              5               0               0
           5.02               0               0
           5.04               0               0
           5.06               0               0
           5.08               0               0
            5.1               0               0
           5.12               0               0
           5.14               0               0
           5.16               0               0
           5.18               0               0
            5.2               0               0
           5.22               0               0
           5.24               0               0
           5.26               0               0
           5.28               0               0
            5.3               0               0
           5.32               0               0
           5.34               0               0
           5.36               0               0
           5.38               0               0
            5.4               0               0
           5.42               0               0
           5.44               0               0
           5.46               0               0
           5.48               0               0
            5.5               0               0
           5.52               0               0
           5.54               0               0
           5.56               0               0
           5.58               0               0
            5.6               0               0
           5.62               0               0
           5.64               0               0
           5.66               0               0
           5.68               0               0
            5.7               0               0
           5.72               0               0
           5.74               0               0
           5.76               0               0
           5.78               0               0
            5.8               0               0
           5.82               0               0
           5.84               0               0
           5.86               0               0
           5.88               0               0
            5.9               0               0
           5.92               0               0
           5.94               0               0
           5.96               0               0
           5.98               0               0
              6               0               0
           6.02               0               0
           6.04               0               0
           6.06               0               0
           6.08               0               0
            6.1               0               0
           6.12               0               0
           6.14               0               0
           6.16               0               0
           6.18               0               0
            6.2               0               0
           6.22               0               0
           6.24               0               0
           6.26               0               0
           6.28               0               0
            6.3               0               0
           6.32               0               0
           6.34               0               0
           6.36               0               0
           6.38               0               0
            6.4               0               0
           6.42               0               0
           6.44               0               0
           6.46               0               0
           6.48               0               0
            6.5               0               0
           6.52               0               0
           6.54               0               0
           6.56               0               0
           6.58               0               0
            6.6               0               0
           6.62               0               0
           6.64               0               0
           6.66               0               0
           6.68               0               0
            6.7               0               0
           6.72               0               0
           6.74               0               0
           6.76               0               0
           6.78               0               0
            6.8               0               0
           6.82               0               0
           6.84               0               0
           6.86               0               0
           6.88               0               0
            6.9               0               0
           6.92               0               0
           6.94               0               0
           6.96               0               0
           6.98               0               0
              7               0               0
           7.02               0               0
           7.04               0               0
           7.06               0               0
           7.08               0               0
            7.1               0               0
           7.12               0               0
           7.14               0               0
           7.16               0               0
           7.18               0               0
            7.2               0               0
           7.22               0               0
           7.24               0               0
           7.26               0               0
           7.28               0               0
            7.3               0               0
           7.32               0               0
           7.34               0               0
           7.36               0               0
           7.38               0               0
            7.4               0               0
           7.42               0               0
           7.44               0               0
           7.46               0               0
           7.48               0               0
            7.5               0               0
           7.52               0               0
           7.54               0               0
           7.56               0               0
           7.58               0               0
            7.6               0               0
           7.62               0               0
           7.64               0               0
           7.66               0               0
           7.68               0               0
            7.7               0               0
           7.72               0               0
           7.74               0               0
           7.76               0               0
           7.78               0               0
            7.8               0               0
           7.82               0               0
           7.84               0               0
           7.86               0               0
           7.88               0               0
            7.9               0               0
           7.92               0               0
           7.94               0               0
           7.96               0               0
           7.98               0               0
              8               0               0
           8.02               0               0
           8.04               0               0
           8.06               0               0
           8.08               0               0
            8.1               0               0
           8.12               0               0
           8.14               0               0
           8.16               0               0
           8.18               0               0
            8.2               0               0
           8.22               0               0
           8.24               0               0
           8.26               0               0
           8.28               0               0
            8.3               0               0
           8.32               0               0
           8.34               0               0
           8.36               0               0
           8.38               0               0
            8.4               0               0
           8.42               0               0
           8.44               0               0
           8.46               0               0
           8.48               0               0
            8.5               0               0
           8.52               0               0
           8.54               0               0
           8.56               0               0
           8.58               0               0
            8.6               0               0
           8.62               0               0
           8.64               0               0
           8.66               0               0
           8.68               0               0
            8.7               0               0
           8.72               0               0
           8.74               0               0
           8.76               0               0
           8.78               0               0
            8.8               0               0
           8.82               0               0
           8.84               0               0
           8.86               0               0
           8.88               0               0
            8.9               0               0
           8.92               0               0
           8.94               0               0
           8.96               0               0
           8.98               0               0
              9               0               0
           9.02               0               0
           9.04               0               0
           9.06               0               0
           9.08               0               0
            9.1               0               0
           9.12               0               0
           9.14               0               0
           9.16               0               0
           9.18               0               0
            9.2               0               0
           9.22               0               0
           9.24               0               0
           9.26               0               0
           9.28               0               0
            9.3               0               0
           9.32               0               0
           9.34               0               0
           9.36               0               0
           9.38               0               0
            9.4               0               0
           9.42               0               0
           9.44               0               0
           9.46               0               0
           9.48               0               0
            9.5               0               0
           9.52               0               0
           9.54               0               0
           9.56               0               0
           9.58               0               0
            9.6               0               0
           9.62               0               0
           9.64               0               0
           9.66               0               0
           9.68               0               0
            9.7               0               0
           9.72               0               0
           9.74               0               0
           9.76               0               0
           9.78               0               0
            9.8               0               0
           9.82               0               0
           9.84               0               0
           9.86               0               0
           9.88               0               0
            9.9               0               0
           9.92               0               0
           9.94               0               0
           9.96               0               0
           9.98               0               0
             10               0               0
          10.02               0               0
          10.04               0               0
          10.06               0               0
          10.08               0               0
           10.1               0               0
          10.12               0               0
          10.14               0               0
          10.16               0               0
          10.18               0               0
           10.2               0               0
          10.22               0               0
          10.24               0               0
          10.26               0               0
          10.28               0               0
           10.3               0               0
          10.32               0               0
          10.34               0               0
          10.36               0               0
          10.38               0               0
           10.4               0               0
          10.42               0               0
          10.44               0               0
          10.46               0               0
          10.48               0               0
           10.5               0               0
          10.52               0               0
          10.54               0               0
          10.56               0               0
          10.58               0               0
           10.6               0               0
          10.62               0               0
          10.64               0               0
          10.66               0               0
          10.68               0               0
           10.7               0               0
          10.72               0               0
          10.74               0               0
          10.76               0               0
          10.78               0               0
           10.8               0               0
          10.82               0               0
          10.84               0               0
          10.86               0               0
          10.88               0               0
           10.9               0               0
          10.92               0               0
          10.94               0               0
          10.96               0               0
          10.98               0               0
             11               0               0
          11.02               0               0
          11.04               0               0
          11.06               0               0
          11.08               0               0
           11.1               0               0
          11.12               0               0
          11.14               0               0
          11.16               0               0
          11.18               0               0
           11.2               0               0
          11.22               0               0
          11.24               0               0
          11.26               0               0
          11.28               0               0
           11.3               0               0
          11.32               0               0
          11.34               0               0
          11.36               0               0
          11.38               0               0
           11.4               0               0
          11.42               0               0
          11.44               0               0
          11.46               0               0
          11.48               0               0
           11.5               0               0
          11.52               0               0
          11.54               0               0
          11.56               0               0
          11.58               0               0
           11.6               0               0
          11.62               0               0
          11.64               0               0
          11.66               0               0
          11.68               0               0
           11.7               0               0
          11.72               0               0
          11.74               0               0
          11.76               0               0
          11.78               0               0
           11.8               0               0
          11.82               0               0
          11.84               0               0
          11.86               0               0
          11.88               0               0
           11.9               0               0
          11.92               0               0
          11.94               0               0
          11.96               0               0
          11.98               0               0
             12               0               0
          12.02               0               0
          12.04               0               0
          12.06               0               0
          12.08               0               0
           12.1               0               0
          12.12               0               0
          12.14               0               0
          12.16               0               0
          12.18               0               0
           12.2               0               0
          12.22               0               0
          12.24               0               0
          12.26               0               0
          12.28               0               0
           12.3               0               0
          12.32               0               0
          12.34               0               0
          12.36               0               0
          12.38               0               0
           12.4               0               0
          12.42               0               0
          12.44               0               0
          12.46               0               0
          12.48               0               0
           12.5               0               0
          12.52               0               0
          12.54               0               0
          12.56               0               0
          12.58               0               0
           12.6               0               0
          12.62               0               0
          12.64               0               0
          12.66               0               0
          12.68               0               0
           12.7               0               0
          12.72               0               0
          12.74               0               0
          12.76               0               0
          12.78               0               0
           12.8               0               0
          12.82               0               0
          12.84               0               0
          12.86               0               0
          12.88               0               0
           12.9               0               0
          12.92               0               0
          12.94               0               0
          12.96               0               0
          12.98               0               0
             13               0               0
          13.02               0               0
          13.04               0               0
          13.06               0               0
          13.08               0               0
           13.1               0               0
          13.12               0               0
          13.14               0               0
          13.16               0               0
          13.18               0               0
           13.2               0               0
          13.22               0               0
          13.24               0               0
          13.26               0               0
          13.28               0               0
           13.3               0               0
          13.32               0               0
          13.34               0               0
          13.36               0               0
          13.38               0               0
           13.4               0               0
          13.42               0               0
          13.44               0               0
          13.46               0               0
          13.48               0               0
           13.5               0               0
          13.52               0               0
          13.54               0               0
          13.56               0               0
          13.58               0               0
           13.6               0               0
          13.62               0               0
          13.64               0               0
          13.66               0               0
          13.68               0               0
           13.7               0               0
          13.72               0               0
          13.74               0               0
          13.76               0               0
          13.78               0               0
           13.8               0               0
          13.82               0               0
          13.84               0               0
          13.86               0               0
          13.88               0               0
           13.9               0               0
          13.92               0               0
          13.94               0               0
          13.96               0               0
          13.98               0               0
             14               0               0
          14.02               0               0
          14.04               0               0
          14.06               0               0
          14.08               0               0
           14.1               0               0
          14.12               0               0
          14.14               0               0
          14.16               0               0
          14.18               0               0
           14.2               0               0
          14.22               0               0
          14.24               0               0
          14.26               0               0
          14.28               0               0
           14.3               0               0
          14.32               0               0
          14.34               0               0
          14.36               0               0
          14.38               0               0
           14.4               0               0
          14.42               0               0
          14.44               0               0
          14.46               0               0
          14.48               0               0
           14.5               0               0
          14.52               0               0
          14.54               0               0
          14.56               0               0
          14.58               0               0
           14.6               0               0
          14.62               0               0
          14.64               0               0
          14.66               0               0
          14.68               0               0
           14.7               0               0
          14.72               0               0
          14.74               0               0
          14.76               0               0
          14.78               0               0
           14.8               0               0
          14.82               0               0
          14.84               0               0
          14.86               0               0
          14.88               0               0
           14.9               0               0
          14.92               0               0
          14.94               0               0
          14.96               0               0
          14.98               0               0
             15               0               0
          15.02               0               0
          15.04               0               0
          15.06               0               0
          15.08               0               0
           15.1               0               0
          15.12               0               0
          15.14               0               0
          15.16               0               0
          15.18               0               0
           15.2               0               0
          15.22               0               0
          15.24               0               0
          15.26               0               0
          15.28               0               0
           15.3               0               0
          15.32               0               0
          15.34               0               0
          15.36               0               0
          15.38               0               0
           15.4               0               0
          15.42               0               0
          15.44               0               0
          15.46               0               0
          15.48               0               0
           15.5               0               0
          15.52               0               0
          15.54               0               0
          15.56               0               0
          15.58               0               0
           15.6               0               0
          15.62               0               0
          15.64               0               0
          15.66               0               0
          15.68               0               0
           15.7               0               0
          15.72               0               0
          15.74               0               0
          15.76               0               0
          15.78               0               0
           15.8               0               0
          15.82               0               0
          15.84               0               0
          15.86               0               0
          15.88               0               0
           15.9               0               0
          15.92               0               0
          15.94               0               0
          15.96               0               0
          15.98               0               0
             16               0               0
          16.02               0               0
          16.04               0               0
          16.06               0               0
          16.08               0               0
           16.1               0               0
          16.12               0               0
          16.14               0               0
          16.16               0               0
          16.18               0               0
           16.2               0               0
          16.22               0               0
          16.24               0               0
          16.26               0               0
          16.28               0               0
           16.3               0               0
          16.32               0               0
          16.34               0               0
          16.36               0               0
          16.38               0               0
           16.4               0               0
          16.42               0               0
          16.44               0               0
          16.46               0               0
          16.48               0               0
           16.5               0               0
          16.52               0               0
          16.54               0               0
          16.56               0               0
          16.58               0               0
           16.6               0               0
          16.62               0               0
          16.64               0               0
          16.66               0               0
          16.68               0               0
           16.7               0               0
          16.72               0               0
          16.74               0               0
          16.76               0               0
          16.78               0               0
           16.8               0               0
          16.82               0               0
          16.84               0               0
          16.86               0               0
          16.88               0               0
           16.9               0               0
          16.92               0               0
          16.94               0               0
          16.96               0               0
          16.98               0               0
             17               0               0
          17.02               0               0
          17.04               0               0
          17.06               0               0
          17.08               0               0
           17.1               0               0
          17.12               0               0
          17.14               0               0
          17.16               0               0
          17.18               0               0
           17.2               0               0
          17.22               0               0
          17.24               0               0
          17.26               0               0
          17.28               0               0
           17.3               0               0
          17.32               0               0
          17.34               0               0
          17.36               0               0
          17.38               0               0
           17.4               0               0
          17.42               0               0
          17.44               0               0
          17.46               0               0
          17.48               0               0
           17.5               0               0
          17.52               0               0
          17.54               0               0
          17.56               0               0
          17.58               0               0
           17.6               0               0
          17.62               0               0
          17.64               0               0
          17.66               0               0
          17.68               0               0
           17.7               0               0
          17.72               0               0
          17.74               0               0
          17.76               0               0
          17.78               0               0
           17.8               0               0
          17.82               0               0
          17.84               0               0
          17.86               0               0
          17.88               0               0
           17.9               0               0
          17.92               0               0
          17.94               0               0
          17.96               0               0
          17.98               0               0
             18               0               0
          18.02               0               0
          18.04               0               0
          18.06               0               0
          18.08               0               0
           18.1               0               0
          18.12               0               0
          18.14               0               0
          18.16               0               0
          18.18               0               0
           18.2               0               0
          18.22               0               0
          18.24               0               0
          18.26               0               0
          18.28               0               0
           18.3               0               0
          18.32               0               0
          18.34               0               0
          18.36               0               0
          18.38               0               0
           18.4               0               0
          18.42               0               0
          18.44               0               0
          18.46               0               0
          18.48               0               0
           18.5               0               0
          18.52               0               0
          18.54               0               0
          18.56               0               0
          18.58               0               0
           18.6               0               0
          18.62               0               0
          18.64               0               0
          18.66               0               0
          18.68               0               0
           18.7               0               0
          18.72               0               0
          18.74               0               0
          18.76               0               0
          18.78               0               0
           18.8               0               0
          18.82               0               0
          18.84               0               0
          18.86               0               0
          18.88               0               0
           18.9               0               0
          18.92               0               0
          18.94               0               0
          18.96               0               0
          18.98               0               0
             19               0               0
          19.02               0               0
          19.04               0               0
          19.06               0               0
          19.08               0               0
           19.1               0               0
          19.12               0               0
          19.14               0               0
          19.16               0               0
          19.18               0               0
           19.2               0               0
          19.22               0               0
          19.24               0               0
          19.26               0               0
          19.28               0               0
           19.3               0               0
          19.32               0               0
          19.34               0               0
          19.36               0               0
          19.38               0               0
           19.4               0               0
          19.42               0               0
          19.44               0               0
          19.46               0               0
          19.48               0               0
           19.5               0               0
          19.52               0               0
          19.54               0               0
          19.56               0               0
          19.58               0               0
           19.6               0               0
          19.62               0               0
          19.64               0               0
          19.66               0               0
          19.68               0               0
           19.7               0               0
          19.72               0               0
          19.74               0               0
          19.76               0               0
          19.78               0               0
           19.8               0               0
          19.82               0               0
          19.84               0               0
          19.86               0               0
          19.88               0               0
           19.9               0               0
          19.92               0               0
          19.94               0               0
          19.96               0               0
          19.98               0               0
             20               0               0
          20.02               0               0

AFlux_Sample  1000  20
              0               0               0
           0.02     1.03779e-07     5.24045e-12
           0.04     1.03774e-07     5.21101e-12
           0.06     1.03771e-07     5.19921e-12
           0.08     1.03769e-07     5.19359e-12
            0.1     1.03768e-07     5.18914e-12
           0.12     1.03766e-07     5.18625e-12
           0.14     1.03765e-07     5.18364e-12
           0.16     1.03764e-07     5.18194e-12
           0.18     1.03763e-07     5.18068e-12
            0.2     1.03762e-07     5.17963e-12
           0.22     1.03762e-07     5.17882e-12
           0.24     1.03761e-07     5.17821e-12
           0.26     1.03761e-07     5.17778e-12
           0.28     1.03761e-07     5.17724e-12
            0.3      1.0376e-07     5.17689e-12
           0.32      1.0376e-07     5.17665e-12
           0.34      1.0376e-07     5.17648e-12
           0.36      1.0376e-07     5.17631e-12
           0.38     1.03759e-07     5.17613e-12
            0.4     1.03759e-07     5.17602e-12
           0.42     1.03759e-07     5.17592e-12
           0.44     1.03759e-07     5.17585e-12
           0.46     1.03759e-07     5.17579e-12
           0.48     1.03759e-07     5.17574e-12
            0.5     1.03759e-07      5.1757e-12
           0.52     1.03759e-07     5.17566e-12
           0.54     1.03759e-07     5.17564e-12
           0.56     1.03759e-07     5.17562e-12
           0.58     1.03759e-07      5.1756e-12
            0.6     1.03759e-07     5.17559e-12
           0.62     1.03759e-07     5.17558e-12
           0.64     1.03759e-07     5.17558e-12
           0.66     1.03759e-07     5.17557e-12
           0.68     1.03759e-07     5.17557e-12
            0.7     1.03759e-07     5.17558e-12
           0.72     1.03759e-07     5.17558e-12
           0.74     1.03759e-07     5.17558e-12
           0.76     1.03759e-07     5.17559e-12
           0.78     1.03759e-07      5.1756e-12
            0.8     1.03759e-07     5.17561e-12
           0.82     1.03759e-07     5.17563e-12
           0.84     1.03759e-07     5.17565e-12
           0.86     1.03759e-07     5.17568e-12
           0.88     1.03759e-07     5.17571e-12
            0.9     1.03759e-07     5.17576e-12
           0.92     1.03759e-07     5.17584e-12
           0.94     1.03759e-07     5.17596e-12
           0.96      1.0376e-07      5.1761e-12
           0.98      1.0376e-07     5.17631e-12
              1     1.03761e-07     5.17662e-12
           1.02     1.03762e-07     5.17708e-12
           1.04     1.03764e-07     5.17774e-12
           1.06     1.03766e-07     5.17871e-12
           1.08     1.03769e-07     5.18014e-12
            1.1     1.03774e-07     5.18216e-12
           1.12     1.03781e-07     5.18501e-12
           1.14     1.03791e-07     5.18909e-12
           1.16     1.03804e-07      5.1946e-12
           1.18     1.03822e-07     5.20211e-12
            1.2     1.03847e-07     5.21261e-12
           1.22      1.0388e-07     5.22684e-12
           1.24     1.03925e-07     5.24601e-12
           1.26     1.03985e-07     5.27137e-12
           1.28     1.04064e-07     5.30501e-12
            1.3     1.04167e-07     5.34863e-12
           1.32     1.04299e-07     5.40452e-12
           1.34      1.0447e-07      5.4757e-12
           1.36     1.04686e-07     5.56523e-12
           1.38     1.04957e-07     5.67514e-12
            1.4     1.05295e-07     5.80906e-12
           1.42     1.05709e-07     5.96863e-12
           1.44     1.06214e-07     6.15552e-12
           1.46     1.06823e-07     6.37169e-12
           1.48      1.0755e-07     6.61636e-12
            1.5     1.08411e-07     6.88883e-12
           1.52     1.09414e-07      7.1853e-12
           1.54     1.10568e-07     7.50003e-12
           1.56     1.11883e-07     7.82891e-12
           1.58     1.13365e-07     8.16437e-12
            1.6     1.15015e-07     8.49962e-12
           1.62     1.16827e-07      8.8251e-12
           1.64     1.18799e-07     9.13365e-12
           1.66     1.20912e-07     9.41654e-12
           1.68     1.23153e-07     9.66625e-12
            1.7     1.25496e-07     9.87653e-12
           1.72     1.27909e-07     1.00415e-11
           1.74     1.30363e-07     1.01583e-11
           1.76     1.32824e-07     1.02259e-11
           1.78     1.35257e-07     1.02449e-11
            1.8     1.37628e-07     1.02186e-11
           1.82     1.39913e-07      1.0151e-11
           1.84     1.42073e-07     1.00493e-11
           1.86      1.4409e-07     9.92098e-12
           1.88     1.45943e-07     9.77456e-12
            1.9      1.4762e-07     9.61755e-12
           1.92      1.4911e-07     9.45981e-12
           1.94     1.50421e-07     9.30508e-12
           1.96     1.51557e-07     9.16121e-12
           1.98      1.5252e-07     9.03193e-12
              2     1.53322e-07     8.91954e-12
           2.02      1.5398e-07     8.82502e-12
           2.04     1.54514e-07     8.74721e-12
           2.06     1.54939e-07     8.68511e-12
           2.08     1.55271e-07     8.63739e-12
            2.1     1.55524e-07      8.6015e-12
           2.12     1.55716e-07     8.57493e-12
           2.14     1.55857e-07     8.55619e-12
           2.16      1.5596e-07     8.54292e-12
           2.18     1.56033e-07     8.53408e-12
            2.2     1.56084e-07     8.52816e-12
           2.22     1.56119e-07     8.52429e-12
           2.24     1.56143e-07     8.52182e-12
           2.26     1.56159e-07     8.52027e-12
           2.28      1.5617e-07     8.51932e-12
            2.3     1.56176e-07     8.51876e-12
           2.32     1.56181e-07     8.51845e-12
           2.34     1.56183e-07     8.51823e-12
           2.36     1.56185e-07     8.51812e-12
           2.38     1.56186e-07     8.51805e-12
            2.4     1.56187e-07     8.51797e-12
           2.42     1.56187e-07     8.51794e-12
           2.44     1.56187e-07      8.5179e-12
           2.46     1.56188e-07     8.51786e-12
           2.48     1.56188e-07     8.51783e-12
            2.5     1.56188e-07     8.51778e-12
           2.52     1.56188e-07     8.51775e-12
           2.54     1.56188e-07     8.51771e-12
           2.56     1.56189e-07     8.51767e-12
           2.58     1.56189e-07     8.51765e-12
            2.6     1.56189e-07     8.51762e-12
           2.62     1.56189e-07     8.51759e-12
           2.64     1.56189e-07     8.51755e-12
           2.66     1.56189e-07     8.51752e-12
           2.68      1.5619e-07     8.51749e-12
            2.7      1.5619e-07     8.51747e-12
           2.72      1.5619e-07     8.51744e-12
           2.74      1.5619e-07      8.5174e-12
           2.76      1.5619e-07     8.51738e-12
           2.78     1.56191e-07     8.51734e-12
            2.8     1.56191e-07     8.51732e-12
           2.82     1.56191e-07      8.5173e-12
           2.84     1.56191e-07     8.51727e-12
           2.86     1.56191e-07     8.51726e-12
           2.88     1.56192e-07     8.51723e-12
            2.9     1.56192e-07     8.51721e-12
           2.92     1.56192e-07      8.5172e-12
           2.94     1.56192e-07     8.51718e-12
           2.96     1.56193e-07     8.51716e-12
           2.98     1.56193e-07     8.51716e-12
              3     1.56193e-07     8.51715e-12
           3.02     1.56193e-07     8.51714e-12
           3.04     1.56193e-07     8.51713e-12
           3.06     1.56193e-07     8.51712e-12
           3.08     1.56194e-07      8.5171e-12
            3.1     1.56194e-07     8.51709e-12
           3.12     1.56194e-07     8.51708e-12
           3.14     1.56194e-07     8.51708e-12
           3.16     1.56195e-07     8.51707e-12
           3.18     1.56195e-07     8.51707e-12
            3.2     1.56195e-07     8.51706e-12
           3.22     1.56195e-07     8.51705e-12
           3.24     1.56195e-07     8.51704e-12
           3.26     1.56196e-07     8.51706e-12
           3.28     1.56196e-07     8.51706e-12
            3.3     1.56196e-07     8.51705e-12
           3.32     1.56196e-07     8.51705e-12
           3.34     1.56197e-07     8.51705e-12
           3.36     1.56197e-07     8.51705e-12
           3.38     1.56197e-07     8.51706e-12
            3.4     1.56197e-07     8.51707e-12
           3.42     1.56197e-07     8.51707e-12
           3.44     1.56198e-07     8.51707e-12
           3.46     1.56198e-07     8.51707e-12
           3.48     1.56198e-07      8.5171e-12
            3.5     1.56198e-07     8.51712e-12
           3.52     1.56198e-07     8.51714e-12
           3.54     1.56199e-07     8.51714e-12
           3.56     1.56199e-07     8.51715e-12
           3.58     1.56199e-07     8.51715e-12
            3.6     1.56199e-07     8.51717e-12
           3.62       1.562e-07     8.51719e-12
           3.64       1.562e-07      8.5172e-12
           3.66       1.562e-07     8.51721e-12
           3.68       1.562e-07     8.51723e-12
            3.7       1.562e-07     8.51724e-12
           3.72     1.56201e-07     8.51725e-12
           3.74     1.56201e-07     8.51728e-12
           3.76     1.56201e-07     8.51732e-12
           3.78     1.56201e-07     8.51734e-12
            3.8     1.56202e-07     8.51738e-12
           3.82     1.56202e-07     8.51739e-12
           3.84     1.56202e-07     8.51742e-12
           3.86     1.56202e-07     8.51747e-12
           3.88     1.56203e-07     8.51751e-12
            3.9     1.56203e-07     8.51754e-12
           3.92     1.56203e-07     8.51757e-12
           3.94     1.56203e-07     8.51761e-12
           3.96     1.56204e-07     8.51767e-12
           3.98     1.56204e-07     8.51771e-12
              4     1.56204e-07     8.51775e-12
           4.02     1.56204e-07      8.5178e-12
           4.04     1.56204e-07     8.51784e-12
           4.06     1.56205e-07     8.51789e-12
           4.08     1.56205e-07     8.51794e-12
            4.1     1.56205e-07     8.51798e-12
           4.12     1.56205e-07     8.51802e-12
           4.14     1.56205e-07     8.51807e-12
           4.16     1.56206e-07     8.51812e-12
           4.18     1.56206e-07     8.51816e-12
            4.2     1.56206e-07     8.51823e-12
           4.22     1.56206e-07      8.5183e-12
           4.24     1.56206e-07     8.51836e-12
           4.26     1.56207e-07     8.51843e-12
           4.28     1.56207e-07     8.51848e-12
            4.3     1.56207e-07     8.51855e-12
           4.32     1.56207e-07     8.51866e-12
           4.34     1.56208e-07     8.51874e-12
           4.36     1.56208e-07     8.51879e-12
           4.38     1.56208e-07     8.51886e-12
            4.4     1.56208e-07     8.51894e-12
           4.42     1.56208e-07     8.51899e-12
           4.44     1.56209e-07     8.51906e-12
           4.46     1.56209e-07     8.51914e-12
           4.48     1.56209e-07     8.51921e-12
            4.5     1.56209e-07     8.51931e-12
           4.52     1.56209e-07     8.51941e-12
           4.54      1.5621e-07      8.5195e-12
           4.56      1.5621e-07     8.51961e-12
           4.58      1.5621e-07     8.51972e-12
            4.6     1.56211e-07     8.51987e-12
           4.62     1.56212e-07     8.52017e-12
           4.64     1.56214e-07     8.52084e-12
           4.66     1.56219e-07     8.52241e-12
           4.68     1.56231e-07     8.52633e-12
            4.7     1.56256e-07     8.53467e-12
           4.72     1.56307e-07      8.5523e-12
           4.74     1.56406e-07     8.58808e-12
           4.76      1.5659e-07     8.65659e-12
           4.78     1.56916e-07     8.78019e-12
            4.8     1.57464e-07     8.98887e-12
           4.82     1.58351e-07     9.32134e-12
           4.84     1.59708e-07     9.81168e-12
           4.86     1.61693e-07     1.04789e-11
           4.88     1.64461e-07     1.13178e-11
            4.9     1.68138e-07     1.22861e-11
           4.92     1.72797e-07     1.33134e-11
           4.94     1.78419e-07     1.43047e-11
           4.96     1.84883e-07     1.51652e-11
           4.98     1.91959e-07     1.58114e-11
              5      1.9934e-07      1.6191e-11
           5.02     2.06666e-07     1.62893e-11
           5.04     2.13606e-07     1.61325e-11
           5.06     2.19857e-07     1.57826e-11
           5.08     2.25215e-07     1.53201e-11
            5.1     2.29589e-07     1.48256e-11
           5.12     2.32995e-07     1.43666e-11
           5.14     2.35525e-07     1.39839e-11
           5.16     2.37308e-07     1.36944e-11
           5.18     2.38511e-07     1.34906e-11
            5.2     2.39283e-07     1.33564e-11
           5.22     2.39757e-07     1.32701e-11
           5.24     2.40041e-07     1.32155e-11
           5.26     2.40206e-07      1.3179e-11
           5.28       2.403e-07     1.31528e-11
            5.3     2.40355e-07     1.31334e-11
           5.32     2.40389e-07     1.31169e-11
           5.34     2.40415e-07      1.3101e-11
           5.36     2.40437e-07     1.30843e-11
           5.38     2.40457e-07     1.30679e-11
            5.4     2.40476e-07     1.30522e-11
           5.42     2.40495e-07     1.30364e-11
           5.44     2.40513e-07     1.30209e-11
           5.46     2.40532e-07     1.30042e-11
           5.48      2.4055e-07     1.29884e-11
            5.5     2.40569e-07     1.29721e-11
           5.52     2.40588e-07      1.2956e-11
           5.54     2.40607e-07     1.29394e-11
           5.56     2.40626e-07     1.29231e-11
           5.58     2.40644e-07      1.2907e-11
            5.6     2.40664e-07     1.28896e-11
           5.62     2.40683e-07     1.28732e-11
           5.64     2.40702e-07     1.28574e-11
           5.66      2.4072e-07     1.28411e-11
           5.68      2.4074e-07     1.28242e-11
            5.7     2.40759e-07     1.28077e-11
           5.72     2.40779e-07     1.27904e-11
           5.74     2.40799e-07     1.27729e-11
           5.76     2.40818e-07     1.27565e-11
           5.78     2.40836e-07     1.27404e-11
            5.8     2.40856e-07     1.27229e-11
           5.82     2.40877e-07      1.2705e-11
           5.84     2.40895e-07     1.26896e-11
           5.86     2.40916e-07     1.26712e-11
           5.88     2.40936e-07     1.26537e-11
            5.9     2.40956e-07     1.26364e-11
           5.92     2.40975e-07     1.26204e-11
           5.94     2.40994e-07     1.26034e-11
           5.96     2.41015e-07     1.25853e-11
           5.98     2.41035e-07     1.25672e-11
              6     2.41056e-07     1.25499e-11
           6.02     2.41076e-07     1.25317e-11
           6.04     2.41098e-07     1.25133e-11
           6.06     2.41118e-07     1.24956e-11
           6.08     2.41138e-07     1.24785e-11
            6.1     2.41157e-07     1.24616e-11
           6.12     2.41178e-07      1.2443e-11
           6.14     2.41199e-07     1.24247e-11
           6.16     2.41221e-07      1.2406e-11
           6.18     2.41243e-07     1.23866e-11
            6.2     2.41264e-07     1.23676e-11
           6.22     2.41286e-07     1.23494e-11
           6.24     2.41307e-07     1.23313e-11
           6.26     2.41328e-07      1.2312e-11
           6.28     2.41349e-07     1.22933e-11
            6.3      2.4137e-07     1.22761e-11
           6.32     2.41388e-07     1.22601e-11
           6.34     2.41407e-07     1.22437e-11
           6.36     2.41425e-07     1.22278e-11
           6.38     2.41442e-07     1.22134e-11
            6.4     2.41458e-07     1.21995e-11
           6.42     2.41475e-07      1.2184e-11
           6.44     2.41492e-07     1.21688e-11
           6.46      2.4151e-07      1.2153e-11
           6.48     2.41528e-07     1.21371e-11
            6.5     2.41547e-07      1.2121e-11
           6.52     2.41564e-07     1.21055e-11
           6.54     2.41582e-07     1.20898e-11
           6.56       2.416e-07     1.20737e-11
           6.58     2.41617e-07     1.20595e-11
            6.6     2.41633e-07     1.20461e-11
           6.62     2.41646e-07     1.20343e-11
           6.64     2.41658e-07     1.20241e-11
           6.66     2.41668e-07     1.20162e-11
           6.68     2.41674e-07     1.20117e-11
            6.7     2.41678e-07      1.2009e-11
           6.72      2.4168e-07     1.20069e-11
           6.74     2.41682e-07      1.2005e-11
           6.76     2.41686e-07      1.2002e-11
           6.78      2.4169e-07     1.19978e-11
            6.8     2.41696e-07     1.19926e-11
           6.82     2.41703e-07     1.19865e-11
           6.84     2.41711e-07     1.19797e-11
           6.86     2.41718e-07      1.1973e-11
           6.88     2.41726e-07     1.19671e-11
            6.9     2.41731e-07     1.19633e-11
           6.92     2.41734e-07       1.196e-11
           6.94      2.4174e-07     1.19551e-11
           6.96     2.41746e-07      1.1949e-11
           6.98     2.41755e-07     1.19408e-11
              7     2.41766e-07      1.1932e-11
           7.02     2.41776e-07     1.19229e-11
           7.04     2.41785e-07     1.19154e-11
           7.06     2.41793e-07     1.19084e-11
           7.08     2.41801e-07     1.19018e-11
            7.1     2.41809e-07     1.18951e-11
           7.12     2.41816e-07     1.18896e-11
           7.14     2.41821e-07     1.18853e-11
           7.16     2.41826e-07     1.18808e-11
           7.18     2.41831e-07     1.18773e-11
            7.2     2.41835e-07      1.1874e-11
           7.22     2.41838e-07     1.18712e-11
           7.24     2.41842e-07     1.18682e-11
           7.26     2.41845e-07      1.1865e-11
           7.28     2.41848e-07     1.18626e-11
            7.3     2.41852e-07     1.18598e-11
           7.32     2.41855e-07     1.18573e-11
           7.34     2.41858e-07     1.18546e-11
           7.36     2.41861e-07     1.18524e-11
           7.38     2.41863e-07     1.18509e-11
            7.4     2.41865e-07       1.185e-11
           7.42     2.41869e-07     1.18497e-11
           7.44      2.4188e-07     1.18508e-11
           7.46     2.41918e-07     1.18561e-11
           7.48     2.42027e-07     1.18724e-11
            7.5     2.42311e-07     1.19185e-11
           7.52     2.42972e-07     1.20342e-11
           7.54     2.44342e-07     1.22792e-11
           7.56     2.46848e-07     1.27166e-11
           7.58     2.50915e-07      1.3359e-11
            7.6     2.56768e-07     1.41125e-11
           7.62     2.64242e-07       1.479e-11
           7.64     2.72695e-07     1.52013e-11
           7.66      2.8118e-07       1.526e-11
           7.68     2.88731e-07     1.50257e-11
            7.7     2.94701e-07     1.46532e-11
           7.72     2.98889e-07     1.43004e-11
           7.74     3.01498e-07     1.40474e-11
           7.76     3.02948e-07     1.38981e-11
           7.78     3.03672e-07     1.38159e-11
            7.8     3.04001e-07     1.37669e-11
           7.82     3.04147e-07     1.37296e-11
           7.84     3.04219e-07     1.36964e-11
           7.86     3.04263e-07     1.36605e-11
           7.88     3.04299e-07     1.36258e-11
            7.9     3.04333e-07     1.35904e-11
           7.92     3.04365e-07      1.3555e-11
           7.94     3.04398e-07     1.35198e-11
           7.96     3.04432e-07     1.34829e-11
           7.98     3.04465e-07     1.34472e-11
              8     3.04498e-07     1.34111e-11
           8.02     3.04532e-07     1.33732e-11
           8.04     3.04569e-07      1.3333e-11
           8.06     3.04605e-07     1.32933e-11
           8.08     3.04641e-07     1.32541e-11
            8.1     3.04675e-07     1.32178e-11
           8.12     3.04706e-07     1.31833e-11
           8.14     3.04735e-07     1.31531e-11
           8.16     3.04762e-07     1.31228e-11
           8.18     3.04787e-07     1.30958e-11
            8.2      3.0481e-07     1.30698e-11
           8.22     3.04832e-07     1.30459e-11
           8.24     3.04855e-07     1.30199e-11
           8.26     3.04878e-07     1.29935e-11
           8.28     3.04903e-07     1.29657e-11
            8.3      3.0493e-07      1.2936e-11
           8.32     3.04956e-07     1.29067e-11
           8.34     3.04982e-07      1.2877e-11
           8.36     3.05008e-07     1.28474e-11
           8.38     3.05036e-07     1.28167e-11
            8.4     3.05063e-07      1.2787e-11
           8.42     3.05088e-07     1.27582e-11
           8.44     3.05113e-07     1.27302e-11
           8.46     3.05137e-07     1.27028e-11
           8.48      3.0516e-07     1.26779e-11
            8.5     3.05179e-07     1.26564e-11
           8.52     3.05197e-07     1.26358e-11
           8.54     3.05214e-07     1.26179e-11
           8.56     3.05228e-07     1.26022e-11
           8.58      3.0524e-07      1.2589e-11
            8.6      3.0525e-07     1.25785e-11
           8.62     3.05258e-07     1.25696e-11
           8.64     3.05265e-07     1.25615e-11
           8.66     3.05271e-07     1.25542e-11
           8.68     3.05278e-07     1.25473e-11
            8.7     3.05284e-07     1.25402e-11
           8.72     3.05291e-07     1.25325e-11
           8.74     3.05297e-07     1.25247e-11
           8.76     3.05305e-07     1.25156e-11
           8.78     3.05314e-07     1.25061e-11
            8.8     3.05322e-07     1.24964e-11
           8.82     3.05331e-07     1.24857e-11
           8.84     3.05341e-07     1.24748e-11
           8.86     3.05351e-07     1.24633e-11
           8.88     3.05362e-07     1.24513e-11
            8.9     3.05371e-07     1.24403e-11
           8.92     3.05381e-07     1.24298e-11
           8.94      3.0539e-07     1.24193e-11
           8.96     3.05399e-07     1.24092e-11
           8.98     3.05406e-07     1.24019e-11
              9      3.0541e-07      1.2398e-11
           9.02     3.05412e-07     1.23967e-11
           9.04     3.05412e-07     1.23968e-11
           9.06     3.05412e-07     1.23968e-11
           9.08     3.05412e-07     1.23969e-11
            9.1     3.05411e-07      1.2397e-11
           9.12     3.05411e-07     1.23972e-11
           9.14     3.05411e-07     1.23972e-11
           9.16     3.05411e-07     1.23973e-11
           9.18     3.05411e-07     1.23974e-11
            9.2     3.05411e-07     1.23974e-11
           9.22     3.05411e-07     1.23975e-11
           9.24     3.05411e-07     1.23976e-11
           9.26     3.05411e-07     1.23978e-11
           9.28      3.0541e-07     1.23979e-11
            9.3      3.0541e-07     1.23979e-11
           9.32      3.0541e-07      1.2398e-11
           9.34      3.0541e-07     1.23981e-11
           9.36      3.0541e-07     1.23981e-11
           9.38      3.0541e-07     1.23982e-11
            9.4      3.0541e-07     1.23983e-11
           9.42      3.0541e-07     1.23984e-11
           9.44      3.0541e-07     1.23984e-11
           9.46      3.0541e-07     1.23986e-11
           9.48     3.05409e-07     1.23986e-11
            9.5     3.05409e-07     1.23987e-11
           9.52     3.05409e-07     1.23988e-11
           9.54     3.05409e-07     1.23989e-11
           9.56     3.05409e-07      1.2399e-11
           9.58     3.05409e-07     1.23991e-11
            9.6     3.05409e-07     1.23992e-11
           9.62     3.05409e-07     1.23993e-11
           9.64     3.05409e-07     1.23994e-11
           9.66     3.05408e-07     1.23995e-11
           9.68     3.05408e-07     1.23996e-11
            9.7     3.05408e-07     1.23997e-11
           9.72     3.05408e-07     1.23997e-11
           9.74     3.05408e-07     1.23998e-11
           9.76     3.05408e-07     1.23999e-11
           9.78     3.05408e-07     1.23999e-11
            9.8     3.05408e-07        1.24e-11
           9.82     3.05408e-07     1.24001e-11
           9.84     3.05408e-07     1.24002e-11
           9.86     3.05408e-07     1.24002e-11
           9.88     3.05408e-07     1.24002e-11
            9.9     3.05407e-07     1.24003e-11
           9.92     3.05407e-07     1.24003e-11
           9.94     3.05407e-07     1.24003e-11
           9.96     3.05407e-07     1.24004e-11
           9.98     3.05407e-07     1.24004e-11
             10     3.05407e-07     1.24004e-11
          10.02               0               0
          10.04               0               0
          10.06               0               0
          10.08               0               0
           10.1               0               0
          10.12               0               0
          10.14               0               0
          10.16               0               0
          10.18               0               0
           10.2               0               0
          10.22               0               0
          10.24               0               0
          10.26               0               0
          10.28               0               0
           10.3               0               0
          10.32               0               0
          10.34               0               0
          10.36               0               0
          10.38               0               0
           10.4               0               0
          10.42               0               0
          10.44               0               0
          10.46               0               0
          10.48               0               0
           10.5               0               0
          10.52               0               0
          10.54               0               0
          10.56               0               0
          10.58               0               0
           10.6               0               0
          10.62               0               0
          10.64               0               0
          10.66               0               0
          10.68               0               0
           10.7               0               0
          10.72               0               0
          10.74               0               0
          10.76               0               0
          10.78               0               0
           10.8               0               0
          10.82               0               0
          10.84               0               0
          10.86               0               0
          10.88               0               0
           10.9               0               0
          10.92               0               0
          10.94               0               0
          10.96               0               0
          10.98               0               0
             11               0               0
          11.02               0               0
          11.04               0               0
          11.06               0               0
          11.08               0               0
           11.1               0               0
          11.12               0               0
          11.14               0               0
          11.16               0               0
          11.18               0               0
           11.2               0               0
          11.22               0               0
          11.24               0               0
          11.26               0               0
          11.28               0               0
           11.3               0               0
          11.32               0               0
          11.34               0               0
          11.36               0               0
          11.38               0               0
           11.4               0               0
          11.42               0               0
          11.44               0               0
          11.46               0               0
          11.48               0               0
           11.5               0               0
          11.52               0               0
          11.54               0               0
          11.56               0               0
          11.58               0               0
           11.6               0               0
          11.62               0               0
          11.64               0               0
          11.66               0               0
          11.68               0               0
           11.7               0               0
          11.72               0               0
          11.74               0               0
          11.76               0               0
          11.78               0               0
           11.8               0               0
          11.82               0               0
          11.84               0               0
          11.86               0               0
          11.88               0               0
           11.9               0               0
          11.92               0               0
          11.94               0               0
          11.96               0               0
          11.98               0               0
             12               0               0
          12.02               0               0
          12.04               0               0
          12.06               0               0
          12.08               0               0
           12.1               0               0
          12.12               0               0
          12.14               0               0
          12.16               0               0
          12.18               0               0
           12.2               0               0
          12.22               0               0
          12.24               0               0
          12.26               0               0
          12.28               0               0
           12.3               0               0
          12.32               0               0
          12.34               0               0
          12.36               0               0
          12.38               0               0
           12.4               0               0
          12.42               0               0
          12.44               0               0
          12.46               0               0
          12.48               0               0
           12.5               0               0
          12.52               0               0
          12.54               0               0
          12.56               0               0
          12.58               0               0
           12.6               0               0
          12.62               0               0
          12.64               0               0
          12.66               0               0
          12.68               0               0
           12.7               0               0
          12.72               0               0
          12.74               0               0
          12.76               0               0
          12.78               0               0
           12.8               0               0
          12.82               0               0
          12.84               0               0
          12.86               0               0
          12.88               0               0
           12.9               0               0
          12.92               0               0
          12.94               0               0
          12.96               0               0
          12.98               0               0
             13               0               0
          13.02               0               0
          13.04               0               0
          13.06               0               0
          13.08               0               0
           13.1               0               0
          13.12               0               0
          13.14               0               0
          13.16               0               0
          13.18               0               0
           13.2               0               0
          13.22               0               0
          13.24               0               0
          13.26               0               0
          13.28               0               0
           13.3               0               0
          13.32               0               0
          13.34               0               0
          13.36               0               0
          13.38               0               0
           13.4               0               0
          13.42               0               0
          13.44               0               0
          13.46               0               0
          13.48               0               0
           13.5               0               0
          13.52               0               0
          13.54               0               0
          13.56               0               0
          13.58               0               0
           13.6               0               0
          13.62               0               0
          13.64               0               0
          13.66               0               0
          13.68               0               0
           13.7               0               0
          13.72               0               0
          13.74               0               0
          13.76               0               0
          13.78               0               0
           13.8               0               0
          13.82               0               0
          13.84               0               0
          13.86               0               0
          13.88               0               0
           13.9               0               0
          13.92               0               0
          13.94               0               0
          13.96               0               0
          13.98               0               0
             14               0               0
          14.02               0               0
          14.04               0               0
          14.06               0               0
          14.08               0               0
           14.1               0               0
          14.12               0               0
          14.14               0               0
          14.16               0               0
          14.18               0               0
           14.2               0               0
          14.22               0               0
          14.24               0               0
          14.26               0               0
          14.28               0               0
           14.3               0               0
          14.32               0               0
          14.34               0               0
          14.36               0               0
          14.38               0               0
           14.4               0               0
          14.42               0               0
          14.44               0               0
          14.46               0               0
          14.48               0               0
           14.5               0               0
          14.52               0               0
          14.54               0               0
          14.56               0               0
          14.58               0               0
           14.6               0               0
          14.62               0               0
          14.64               0               0
          14.66               0               0
          14.68               0               0
           14.7               0               0
          14.72               0               0
          14.74               0               0
          14.76               0               0
          14.78               0               0
           14.8               0               0
          14.82               0               0
          14.84               0               0
          14.86               0               0
          14.88               0               0
           14.9               0               0
          14.92               0               0
          14.94               0               0
          14.96               0               0
          14.98               0               0
             15               0               0
          15.02               0               0
          15.04               0               0
          15.06               0               0
          15.08               0               0
           15.1               0               0
          15.12               0               0
          15.14               0               0
          15.16               0               0
          15.18               0               0
           15.2               0               0
          15.22               0               0
          15.24               0               0
          15.26               0               0
          15.28               0               0
           15.3               0               0
          15.32               0               0
          15.34               0               0
          15.36               0               0
          15.38               0               0
           15.4               0               0
          15.42               0               0
          15.44               0               0
          15.46               0               0
          15.48               0               0
           15.5               0               0
          15.52               0               0
          15.54               0               0
          15.56               0               0
          15.58               0               0
           15.6               0               0
          15.62               0               0
          15.64               0               0
          15.66               0               0
          15.68               0               0
           15.7               0               0
          15.72               0               0
          15.74               0               0
          15.76               0               0
          15.78               0               0
           15.8               0               0
          15.82               0               0
          15.84               0               0
          15.86               0               0
          15.88               0               0
           15.9               0               0
          15.92               0               0
          15.94               0               0
          15.96               0               0
          15.98               0               0
             16               0               0
          16.02               0               0
          16.04               0               0
          16.06               0               0
          16.08               0               0
           16.1               0               0
          16.12               0               0
          16.14               0               0
          16.16               0               0
          16.18               0               0
           16.2               0               0
          16.22               0               0
          16.24               0               0
          16.26               0               0
          16.28               0               0
           16.3               0               0
          16.32               0               0
          16.34               0               0
          16.36               0               0
          16.38               0               0
           16.4               0               0
          16.42               0               0
          16.44               0               0
          16.46               0               0
          16.48               0               0
           16.5               0               0
          16.52               0               0
          16.54               0               0
          16.56               0               0
          16.58               0               0
           16.6               0               0
          16.62               0               0
          16.64               0               0
          16.66               0               0
          16.68               0               0
           16.7               0               0
          16.72               0               0
          16.74               0               0
          16.76               0               0
          16.78               0               0
           16.8               0               0
          16.82               0               0
          16.84               0               0
          16.86               0               0
          16.88               0               0
           16.9               0               0
          16.92               0               0
          16.94               0               0
          16.96               0               0
          16.98               0               0
             17               0               0
          17.02               0               0
          17.04               0               0
          17.06               0               0
          17.08               0               0
           17.1               0               0
          17.12               0               0
          17.14               0               0
          17.16               0               0
          17.18               0               0
           17.2               0               0
          17.22               0               0
          17.24               0               0
          17.26               0               0
          17.28               0               0
           17.3               0               0
          17.32               0               0
          17.34               0               0
          17.36               0               0
          17.38               0               0
           17.4               0               0
          17.42               0               0
          17.44               0               0
          17.46               0               0
          17.48               0               0
           17.5               0               0
          17.52               0               0
          17.54               0               0
          17.56               0               0
          17.58               0               0
           17.6               0               0
          17.62               0               0
          17.64               0               0
          17.66               0               0
          17.68               0               0
           17.7               0               0
          17.72               0               0
          17.74               0               0
          17.76               0               0
          17.78               0               0
           17.8               0               0
          17.82               0               0
          17.84               0               0
          17.86               0               0
          17.88               0               0
           17.9               0               0
          17.92               0               0
          17.94               0               0
          17.96               0               0
          17.98               0               0
             18               0               0
          18.02               0               0
          18.04               0               0
          18.06               0               0
          18.08               0               0
           18.1               0               0
          18.12               0               0
          18.14               0               0
          18.16               0               0
          18.18               0               0
           18.2               0               0
          18.22               0               0
          18.24               0               0
          18.26               0               0
          18.28               0               0
           18.3               0               0
          18.32               0               0
          18.34               0               0
          18.36               0               0
          18.38               0               0
           18.4               0               0
          18.42               0               0
          18.44               0               0
          18.46               0               0
          18.48               0               0
           18.5               0               0
          18.52               0               0
          18.54               0               0
          18.56               0               0
          18.58               0               0
           18.6               0               0
          18.62               0               0
          18.64               0               0
          18.66               0               0
          18.68               0               0
           18.7               0               0
          18.72               0               0
          18.74               0               0
          18.76               0               0
          18.78               0               0
           18.8               0               0
          18.82               0               0
          18.84               0               0
          18.86               0               0
          18.88               0               0
           18.9               0               0
          18.92               0               0
          18.94               0               0
          18.96               0               0
          18.98               0               0
             19               0               0
          19.02               0               0
          19.04               0               0
          19.06               0               0
          19.08               0               0
           19.1               0               0
          19.12               0               0
          19.14               0               0
          19.16               0               0
          19.18               0               0
           19.2               0               0
          19.22               0               0
          19.24               0               0
          19.26               0               0
          19.28               0               0
           19.3               0               0
          19.32               0               0
          19.34               0               0
          19.36               0               0
          19.38               0               0
           19.4               0               0
          19.42               0               0
          19.44               0               0
          19.46               0               0
          19.48               0               0
           19.5               0               0
          19.52               0               0
          19.54               0               0
          19.56               0               0
          19.58               0               0
           19.6               0               0
          19.62               0               0
          19.64               0               0
          19.66               0               0
          19.68               0               0
           19.7               0               0
          19.72               0               0
          19.74               0               0
          19.76               0               0
          19.78               0               0
           19.8               0               0
          19.82               0               0
          19.84               0               0
          19.86               0               0
          19.88               0               0
           19.9               0               0
          19.92               0               0
          19.94               0               0
          19.96               0               0
          19.98               0               0
             20               0               0
          20.02               0               0

Source_00  1000  20
              0               0               0
           0.02               0               0
           0.04               0               0
           0.06               0               0
           0.08               0               0
            0.1               0               0
           0.12               0               0
           0.14               0               0
           0.16               0               0
           0.18               0               0
            0.2               0               0
           0.22               0               0
           0.24               0               0
           0.26               0               0
           0.28               0               0
            0.3               0               0
           0.32               0               0
           0.34               0               0
           0.36               0               0
           0.38               0               0
            0.4               0               0
           0.42               0               0
           0.44               0               0
           0.46               0               0
           0.48               0               0
            0.5               0               0
           0.52               0               0
           0.54               0               0
           0.56               0               0
           0.58               0               0
            0.6               0               0
           0.62               0               0
           0.64               0               0
           0.66               0               0
           0.68               0               0
            0.7               0               0
           0.72               0               0
           0.74               0               0
           0.76               0               0
           0.78               0               0
            0.8               0               0
           0.82               0               0
           0.84               0               0
           0.86               0               0
           0.88               0               0
            0.9               0               0
           0.92               0               0
           0.94               0               0
           0.96               0               0
           0.98               0               0
              1               0               0
           1.02               0               0
           1.04               0               0
           1.06               0               0
           1.08               0               0
            1.1               0               0
           1.12               0               0
           1.14               0               0
           1.16               0               0
           1.18               0               0
            1.2               0               0
           1.22               0               0
           1.24               0               0
           1.26               0               0
           1.28               0               0
            1.3               0               0
           1.32               0               0
           1.34               0               0
           1.36               0               0
           1.38               0               0
            1.4               0               0
           1.42               0               0
           1.44               0               0
           1.46               0               0
           1.48               0               0
            1.5               0               0
           1.52               0               0
           1.54               0               0
           1.56               0               0
           1.58               0               0
            1.6               0               0
           1.62               0               0
           1.64               0               0
           1.66               0               0
           1.68               0               0
            1.7               0               0
           1.72               0               0
           1.74               0               0
           1.76               0               0
           1.78               0               0
            1.8               0               0
           1.82               0               0
           1.84               0               0
           1.86               0               0
           1.88               0               0
            1.9               0               0
           1.92               0               0
           1.94               0               0
           1.96               0               0
           1.98               0               0
              2               0               0
           2.02               0               0
           2.04               0               0
           2.06               0               0
           2.08               0               0
            2.1               0               0
           2.12               0               0
           2.14               0               0
           2.16               0               0
           2.18               0               0
            2.2               0               0
           2.22               0               0
           2.24               0               0
           2.26               0               0
           2.28               0               0
            2.3               0               0
           2.32               0               0
           2.34               0               0
           2.36               0               0
           2.38               0               0
            2.4               0               0
           2.42               0               0
           2.44               0               0
           2.46               0               0
           2.48               0               0
            2.5               0               0
           2.52               0               0
           2.54               0               0
           2.56               0               0
           2.58               0               0
            2.6               0               0
           2.62               0               0
           2.64               0               0
           2.66               0               0
           2.68               0               0
            2.7               0               0
           2.72               0               0
           2.74               0               0
           2.76               0               0
           2.78               0               0
            2.8               0               0
           2.82               0               0
           2.84               0               0
           2.86               0               0
           2.88               0               0
            2.9               0               0
           2.92               0               0
           2.94               0               0
           2.96               0               0
           2.98               0               0
              3               0               0
           3.02               0               0
           3.04               0               0
           3.06               0               0
           3.08               0               0
            3.1               0               0
           3.12               0               0
           3.14               0               0
           3.16               0               0
           3.18               0               0
            3.2               0               0
           3.22               0               0
           3.24               0               0
           3.26               0               0
           3.28               0               0
            3.3               0               0
           3.32               0               0
           3.34               0               0
           3.36               0               0
           3.38               0               0
            3.4               0               0
           3.42               0               0
           3.44               0               0
           3.46               0               0
           3.48               0               0
            3.5               0               0
           3.52               0               0
           3.54               0               0
           3.56               0               0
           3.58               0               0
            3.6               0               0
           3.62               0               0
           3.64               0               0
           3.66               0               0
           3.68               0               0
            3.7               0               0
           3.72               0               0
           3.74               0               0
           3.76               0               0
           3.78               0               0
            3.8               0               0
           3.82               0               0
           3.84               0               0
           3.86               0               0
           3.88               0               0
            3.9               0               0
           3.92               0               0
           3.94               0               0
           3.96               0               0
           3.98               0               0
              4               0               0
           4.02               0               0
           4.04               0               0
           4.06               0               0
           4.08               0               0
            4.1               0               0
           4.12               0               0
           4.14               0               0
           4.16               0               0
           4.18               0               0
            4.2               0               0
           4.22               0               0
           4.24               0               0
           4.26               0               0
           4.28               0               0
            4.3               0               0
           4.32               0               0
           4.34               0               0
           4.36               0               0
           4.38               0               0
            4.4               0               0
           4.42               0               0
           4.44               0               0
           4.46               0               0
           4.48               0               0
            4.5               0               0
           4.52               0               0
           4.54               0               0
           4.56               0               0
           4.58               0               0
            4.6               0               0
           4.62               0               0
           4.64               0               0
           4.66               0               0
           4.68               0               0
            4.7               0               0
           4.72               0               0
           4.74               0               0
           4.76               0               0
           4.78               0               0
            4.8               0               0
           4.82               0               0
           4.84               0               0
           4.86               0               0
           4.88               0               0
            4.9               0               0
           4.92               0               0
           4.94               0               0
           4.96               0               0
           4.98               0               0
              5               0               0
           5.02               0               0
           5.04               0               0
           5.06               0               0
           5.08               0               0
            5.1               0               0
           5.12               0               0
           5.14               0               0
           5.16               0               0
           5.18               0               0
            5.2               0               0
           5.22               0               0
           5.24               0               0
           5.26               0               0
           5.28               0               0
            5.3               0               0
           5.32               0               0
           5.34               0               0
           5.36               0               0
           5.38               0               0
            5.4               0               0
           5.42               0               0
           5.44               0               0
           5.46               0               0
           5.48               0               0
            5.5               0               0
           5.52               0               0
           5.54               0               0
           5.56               0               0
           5.58               0               0
            5.6               0               0
           5.62               0               0
           5.64               0               0
           5.66               0               0
           5.68               0               0
            5.7               0               0
           5.72               0               0
           5.74               0               0
           5.76               0               0
           5.78               0               0
            5.8               0               0
           5.82               0               0
           5.84               0               0
           5.86               0               0
           5.88               0               0
            5.9               0               0
           5.92               0               0
           5.94               0               0
           5.96               0               0
           5.98               0               0
              6               0               0
           6.02               0               0
           6.04               0               0
           6.06               0               0
           6.08               0               0
            6.1               0               0
           6.12               0               0
           6.14               0               0
           6.16               0               0
           6.18               0               0
            6.2               0               0
           6.22               0               0
           6.24               0               0
           6.26               0               0
           6.28               0               0
            6.3               0               0
           6.32               0               0
           6.34               0               0
           6.36               0               0
           6.38               0               0
            6.4               0               0
           6.42               0               0
           6.44               0               0
           6.46               0               0
           6.48               0               0
            6.5               0               0
           6.52               0               0
           6.54               0               0
           6.56               0               0
           6.58               0               0
            6.6               0               0
           6.62               0               0
           6.64               0               0
           6.66               0               0
           6.68               0               0
            6.7               0               0
           6.72               0               0
           6.74               0               0
           6.76               0               0
           6.78               0               0
            6.8               0               0
           6.82               0               0
           6.84               0               0
           6.86               0               0
           6.88               0               0
            6.9               0               0
           6.92               0               0
           6.94               0               0
           6.96               0               0
           6.98               0               0
              7               0               0
           7.02               0               0
           7.04               0               0
           7.06               0               0
           7.08               0               0
            7.1               0               0
           7.12               0               0
           7.14               0               0
           7.16               0               0
           7.18               0               0
            7.2               0               0
           7.22               0               0
           7.24               0               0
           7.26               0               0
           7.28               0               0
            7.3               0               0
           7.32               0               0
           7.34               0               0
           7.36               0               0
           7.38               0               0
            7.4               0               0
           7.42               0               0
           7.44               0               0
           7.46               0               0
           7.48               0               0
            7.5               0               0
           7.52               0               0
           7.54               0               0
           7.56               0               0
           7.58               0               0
            7.6               0               0
           7.62               0               0
           7.64               0               0
           7.66               0               0
           7.68               0               0
            7.7               0               0
           7.72               0               0
           7.74               0               0
           7.76               0               0
           7.78               0               0
            7.8               0               0
           7.82               0               0
           7.84               0               0
           7.86               0               0
           7.88               0               0
            7.9               0               0
           7.92               0               0
           7.94               0               0
           7.96               0               0
           7.98               0               0
              8               0               0
           8.02               0               0
           8.04               0               0
           8.06               0               0
           8.08               0               0
            8.1               0               0
           8.12               0               0
           8.14               0               0
           8.16               0               0
           8.18               0               0
            8.2               0               0
           8.22               0               0
           8.24               0               0
           8.26               0               0
           8.28               0               0
            8.3               0               0
           8.32               0               0
           8.34               0               0
           8.36               0               0
           8.38               0               0
            8.4               0               0
           8.42               0               0
           8.44               0               0
           8.46               0               0
           8.48               0               0
            8.5               0               0
           8.52               0               0
           8.54               0               0
           8.56               0               0
           8.58               0               0
            8.6               0               0
           8.62               0               0
           8.64               0               0
           8.66               0               0
           8.68               0               0
            8.7               0               0
           8.72               0               0
           8.74               0               0
           8.76               0               0
           8.78               0               0
            8.8               0               0
           8.82               0               0
           8.84               0               0
           8.86               0               0
           8.88               0               0
            8.9               0               0
           8.92               0               0
           8.94               0               0
           8.96               0               0
           8.98               0               0
              9               0               0
           9.02               0               0
           9.04               0               0
           9.06               0               0
           9.08               0               0
            9.1               0               0
           9.12               0               0
           9.14               0               0
           9.16               0               0
           9.18               0               0
            9.2               0               0
           9.22               0               0
           9.24               0               0
           9.26               0               0
           9.28               0               0
            9.3               0               0
           9.32               0               0
           9.34               0               0
           9.36               0               0
           9.38               0               0
            9.4               0               0
           9.42               0               0
           9.44               0               0
           9.46               0               0
           9.48               0               0
            9.5               0               0
           9.52               0               0
           9.54               0               0
           9.56               0               0
           9.58               0               0
            9.6               0               0
           9.62               0               0
           9.64               0               0
           9.66               0               0
           9.68               0               0
            9.7               0               0
           9.72               0               0
           9.74               0               0
           9.76               0               0
           9.78               0               0
            9.8               0               0
           9.82               0               0
           9.84               0               0
           9.86               0               0
           9.88               0               0
            9.9               0               0
           9.92               0               0
           9.94               0               0
           9.96               0               0
           9.98               0               0
             10               0               0
          10.02               1     0.000316228
          10.04               0               0
          10.06               0               0
          10.08               0               0
           10.1               0               0
          10.12               0               0
          10.14               0               0
          10.16               0               0
          10.18               0               0
           10.2               0               0
          10.22               0               0
          10.24               0               0
          10.26               0               0
          10.28               0               0
           10.3               0               0
          10.32               0               0
          10.34               0               0
          10.36               0               0
          10.38               0               0
           10.4               0               0
          10.42               0               0
          10.44               0               0
          10.46               0               0
          10.48               0               0
           10.5               0               0
          10.52               0               0
          10.54               0               0
          10.56               0               0
          10.58               0               0
           10.6               0               0
          10.62               0               0
          10.64               0               0
          10.66               0               0
          10.68               0               0
           10.7               0               0
          10.72               0               0
          10.74               0               0
          10.76               0               0
          10.78               0               0
           10.8               0               0
          10.82               0               0
          10.84               0               0
          10.86               0               0
          10.88               0               0
           10.9               0               0
          10.92               0               0
          10.94               0               0
          10.96               0               0
          10.98               0               0
             11               0               0
          11.02               0               0
          11.04               0               0
          11.06               0               0
          11.08               0               0
           11.1               0               0
          11.12               0               0
          11.14               0               0
          11.16               0               0
          11.18               0               0
           11.2               0               0
          11.22               0               0
          11.24               0               0
          11.26               0               0
          11.28               0               0
           11.3               0               0
          11.32               0               0
          11.34               0               0
          11.36               0               0
          11.38               0               0
           11.4               0               0
          11.42               0               0
          11.44               0               0
          11.46               0               0
          11.48               0               0
           11.5               0               0
          11.52               0               0
          11.54               0               0
          11.56               0               0
          11.58               0               0
           11.6               0               0
          11.62               0               0
          11.64               0               0
          11.66               0               0
          11.68               0               0
           11.7               0               0
          11.72               0               0
          11.74               0               0
          11.76               0               0
          11.78               0               0
           11.8               0               0
          11.82               0               0
          11.84               0               0
          11.86               0               0
          11.88               0               0
           11.9               0               0
          11.92               0               0
          11.94               0               0
          11.96               0               0
          11.98               0               0
             12               0               0
          12.02               0               0
          12.04               0               0
          12.06               0               0
          12.08               0               0
           12.1               0               0
          12.12               0               0
          12.14               0               0
          12.16               0               0
          12.18               0               0
           12.2               0               0
          12.22               0               0
          12.24               0               0
          12.26               0               0
          12.28               0               0
           12.3               0               0
          12.32               0               0
          12.34               0               0
          12.36               0               0
          12.38               0               0
           12.4               0               0
          12.42               0               0
          12.44               0               0
          12.46               0               0
          12.48               0               0
           12.5               0               0
          12.52               0               0
          12.54               0               0
          12.56               0               0
          12.58               0               0
           12.6               0               0
          12.62               0               0
          12.64               0               0
          12.66               0               0
          12.68               0               0
           12.7               0               0
          12.72               0               0
          12.74               0               0
          12.76               0               0
          12.78               0               0
           12.8               0               0
          12.82               0               0
          12.84               0               0
          12.86               0               0
          12.88               0               0
           12.9               0               0
          12.92               0               0
          12.94               0               0
          12.96               0               0
          12.98               0               0
             13               0               0
          13.02               0               0
          13.04               0               0
          13.06               0               0
          13.08               0               0
           13.1               0               0
          13.12               0               0
          13.14               0               0
          13.16               0               0
          13.18               0               0
           13.2               0               0
          13.22               0               0
          13.24               0               0
          13.26               0               0
          13.28               0               0
           13.3               0               0
          13.32               0               0
          13.34               0               0
          13.36               0               0
          13.38               0               0
           13.4               0               0
          13.42               0               0
          13.44               0               0
          13.46               0               0
          13.48               0               0
           13.5               0               0
          13.52               0               0
          13.54               0               0
          13.56               0               0
          13.58               0               0
           13.6               0               0
          13.62               0               0
          13.64               0               0
          13.66               0               0
          13.68               0               0
           13.7               0               0
          13.72               0               0
          13.74               0               0
          13.76               0               0
          13.78               0               0
           13.8               0               0
          13.82               0               0
          13.84               0               0
          13.86               0               0
          13.88               0               0
           13.9               0               0
          13.92               0               0
          13.94               0               0
          13.96               0               0
          13.98               0               0
             14               0               0
          14.02               0               0
          14.04               0               0
          14.06               0               0
          14.08               0               0
           14.1               0               0
          14.12               0               0
          14.14               0               0
          14.16               0               0
          14.18               0               0
           14.2               0               0
          14.22               0               0
          14.24               0               0
          14.26               0               0
          14.28               0               0
           14.3               0               0
          14.32               0               0
          14.34               0               0
          14.36               0               0
          14.38               0               0
           14.4               0               0
          14.42               0               0
          14.44               0               0
          14.46               0               0
          14.48               0               0
           14.5               0               0
          14.52               0               0
          14.54               0               0
          14.56               0               0
          14.58               0               0
           14.6               0               0
          14.62               0               0
          14.64               0               0
          14.66               0               0
          14.68               0               0
           14.7               0               0
          14.72               0               0
          14.74               0               0
          14.76               0               0
          14.78               0               0
           14.8               0               0
          14.82               0               0
          14.84               0               0
          14.86               0               0
          14.88               0               0
           14.9               0               0
          14.92               0               0
          14.94               0               0
          14.96               0               0
          14.98               0               0
             15               0               0
          15.02               0               0
          15.04               0               0
          15.06               0               0
          15.08               0               0
           15.1               0               0
          15.12               0               0
          15.14               0               0
          15.16               0               0
          15.18               0               0
           15.2               0               0
          15.22               0               0
          15.24               0               0
          15.26               0               0
          15.28               0               0
           15.3               0               0
          15.32               0               0
          15.34               0               0
          15.36               0               0
          15.38               0               0
           15.4               0               0
          15.42               0               0
          15.44               0               0
          15.46               0               0
          15.48               0               0
           15.5               0               0
          15.52               0               0
          15.54               0               0
          15.56               0               0
          15.58               0               0
           15.6               0               0
          15.62               0               0
          15.64               0               0
          15.66               0               0
          15.68               0               0
           15.7               0               0
          15.72               0               0
          15.74               0               0
          15.76               0               0
          15.78               0               0
           15.8               0               0
          15.82               0               0
          15.84               0               0
          15.86               0               0
          15.88               0               0
           15.9               0               0
          15.92               0               0
          15.94               0               0
          15.96               0               0
          15.98               0               0
             16               0               0
          16.02               0               0
          16.04               0               0
          16.06               0               0
          16.08               0               0
           16.1               0               0
          16.12               0               0
          16.14               0               0
          16.16               0               0
          16.18               0               0
           16.2               0               0
          16.22               0               0
          16.24               0               0
          16.26               0               0
          16.28               0               0
           16.3               0               0
          16.32               0               0
          16.34               0               0
          16.36               0               0
          16.38               0               0
           16.4               0               0
          16.42               0               0
          16.44               0               0
          16.46               0               0
          16.48               0               0
           16.5               0               0
          16.52               0               0
          16.54               0               0
          16.56               0               0
          16.58               0               0
           16.6               0               0
          16.62               0               0
          16.64               0               0
          16.66               0               0
          16.68               0               0
           16.7               0               0
          16.72               0               0
          16.74               0               0
          16.76               0               0
          16.78               0               0
           16.8               0               0
          16.82               0               0
          16.84               0               0
          16.86               0               0
          16.88               0               0
           16.9               0               0
          16.92               0               0
          16.94               0               0
          16.96               0               0
          16.98               0               0
             17               0               0
          17.02               0               0
          17.04               0               0
          17.06               0               0
          17.08               0               0
           17.1               0               0
          17.12               0               0
          17.14               0               0
          17.16               0               0
          17.18               0               0
           17.2               0               0
          17.22               0               0
          17.24               0               0
          17.26               0               0
          17.28               0               0
           17.3               0               0
          17.32               0               0
          17.34               0               0
          17.36               0               0
          17.38               0               0
           17.4               0               0
          17.42               0               0
          17.44               0               0
          17.46               0               0
          17.48               0               0
           17.5               0               0
          17.52               0               0
          17.54               0               0
          17.56               0               0
          17.58               0               0
           17.6               0               0
          17.62               0               0
          17.64               0               0
          17.66               0               0
          17.68               0               0
           17.7               0               0
          17.72               0               0
          17.74               0               0
          17.76               0               0
          17.78               0               0
           17.8               0               0
          17.82               0               0
          17.84               0               0
          17.86               0               0
          17.88               0               0
           17.9               0               0
          17.92               0               0
          17.94               0               0
          17.96               0               0
          17.98               0               0
             18               0               0
          18.02               0               0
          18.04               0               0
          18.06               0               0
          18.08               0               0
           18.1               0               0
          18.12               0               0
          18.14               0               0
          18.16               0               0
          18.18               0               0
           18.2               0               0
          18.22               0               0
          18.24               0               0
          18.26               0               0
          18.28               0               0
           18.3               0               0
          18.32               0               0
          18.34               0               0
          18.36               0               0
          18.38               0               0
           18.4               0               0
          18.42               0               0
          18.44               0               0
          18.46               0               0
          18.48               0               0
           18.5               0               0
          18.52               0               0
          18.54               0               0
          18.56               0               0
          18.58               0               0
           18.6               0               0
          18.62               0               0
          18.64               0               0
          18.66               0               0
          18.68               0               0
           18.7               0               0
          18.72               0               0
          18.74               0               0
          18.76               0               0
          18.78               0               0
           18.8               0               0
          18.82               0               0
          18.84               0               0
          18.86               0               0
          18.88               0               0
           18.9               0               0
          18.92               0               0
          18.94               0               0
          18.96               0               0
          18.98               0               0
             19               0               0
          19.02               0               0
          19.04               0               0
          19.06               0               0
          19.08               0               0
           19.1               0               0
          19.12               0               0
          19.14               0               0
          19.16               0               0
          19.18               0               0
           19.2               0               0
          19.22               0               0
          19.24               0               0
          19.26               0               0
          19.28               0               0
           19.3               0               0
          19.32               0               0
          19.34               0               0
          19.36               0               0
          19.38               0               0
           19.4               0               0
          19.42               0               0
          19.44               0               0
          19.46               0               0
          19.48               0               0
           19.5               0               0
          19.52               0               0
          19.54               0               0
          19.56               0               0
          19.58               0               0
           19.6               0               0
          19.62               0               0
          19.64               0               0
          19.66               0               0
          19.68               0               0
           19.7               0               0
          19.72               0               0
          19.74               0               0
          19.76               0               0
          19.78               0               0
           19.8               0               0
          19.82               0               0
          19.84               0               0
          19.86               0               0
          19.88               0               0
           19.9               0               0
          19.92               0               0
          19.94               0               0
          19.96               0               0
          19.98               0               0
             20               0               0
          20.02               0               0

