NSpec_Sample  1000  20
              0     1.32712e-07     3.64314e-09
           0.02     2.30043e-09     4.79674e-10
           0.04     3.00056e-09     5.47825e-10
           0.06     2.90047e-09     5.38605e-10
           0.08     2.20036e-09     4.69119e-10
            0.1     3.10056e-09     5.56876e-10
           0.12     4.90074e-09     7.00106e-10
           0.14     4.00063e-09     6.32554e-10
           0.16      4.0005e-09     6.32534e-10
           0.18     2.90042e-09     5.38595e-10
            0.2     2.90038e-09     5.38588e-10
           0.22     3.80047e-09     6.16518e-10
           0.24     4.30049e-09     6.55819e-10
           0.26     3.70047e-09     6.08353e-10
           0.28     4.50049e-09     6.70894e-10
            0.3     5.10054e-09     7.14219e-10
           0.32     4.70045e-09     6.85632e-10
           0.34     5.60053e-09     7.48403e-10
           0.36     3.50032e-09     5.91662e-10
           0.38     2.60024e-09      5.0995e-10
            0.4     4.70034e-09     6.85614e-10
           0.42     4.00033e-09     6.32508e-10
           0.44     3.40026e-09      5.8314e-10
           0.46     3.00017e-09     5.47753e-10
           0.48     2.90017e-09     5.38549e-10
            0.5     3.30021e-09     5.74493e-10
           0.52     2.80015e-09     5.29179e-10
           0.54     2.80017e-09     5.29182e-10
           0.56     2.80017e-09     5.29182e-10
           0.58     3.00017e-09     5.47754e-10
            0.6     2.20012e-09     4.69067e-10
           0.62     2.30011e-09     4.79607e-10
           0.64     2.60014e-09     5.09929e-10
           0.66     1.10005e-09     3.31677e-10
           0.68     2.80014e-09     5.29177e-10
            0.7     1.40006e-09     3.74182e-10
           0.72     1.80007e-09      4.2428e-10
           0.74     1.70006e-09     4.12325e-10
           0.76     2.00008e-09     4.47231e-10
           0.78     9.00043e-10     3.00014e-10
            0.8     1.60007e-09     4.00017e-10
           0.82     1.60003e-09     4.00008e-10
           0.84     1.90006e-09     4.35903e-10
           0.86     9.00032e-10     3.00011e-10
           0.88     7.00025e-10     2.64584e-10
            0.9     1.00003e-09     3.16237e-10
           0.92     5.00012e-10     2.23612e-10
           0.94     7.00021e-10     2.64583e-10
           0.96      3.0001e-10     1.73211e-10
           0.98     9.00013e-10     3.00004e-10
              1     3.00003e-10     1.73207e-10
           1.02     3.00003e-10     1.73207e-10
           1.04     2.00002e-10     1.41423e-10
           1.06     1.00003e-10     1.00003e-10
           1.08     2.00002e-10     1.41423e-10
            1.1               0               0
           1.12               0               0
           1.14               0               0
           1.16               0               0
           1.18               0               0
            1.2               0               0
           1.22               0               0
           1.24               0               0
           1.26               0               0
           1.28               0               0
            1.3               0               0
           1.32               0               0
           1.34               0               0
           1.36               0               0
           1.38               0               0
            1.4               0               0
           1.42               0               0
           1.44               0               0
           1.46               0               0
           1.48               0               0
            1.5               0               0
           1.52               0               0
           1.54               0               0
           1.56               0               0
           1.58               0               0
            1.6               0               0
           1.62               0               0
           1.64               0               0
           1.66               0               0
           1.68               0               0
            1.7               0               0
           1.72               0               0
           1.74               0               0
           1.76               0               0
           1.78               0               0
            1.8               0               0
           1.82               0               0
           1.84               0               0
           1.86               0               0
           1.88               0               0
            1.9               0               0
           1.92               0               0
           1.94               0               0
           1.96               0               0
           1.98               0               0
              2               0               0
           2.02               0               0
           2.04               0               0
           2.06               0               0
           2.08               0               0
            2.1               0               0
           2.12               0               0
           2.14               0               0
           2.16               0               0
           2.18               0               0
            2.2               0               0
           2.22               0               0
           2.24               0               0
           2.26               0               0
           2.28               0               0
            2.3               0               0
           2.32               0               0
           2.34               0               0
           2.36               0               0
           2.38               0               0
            2.4               0               0
           2.42               0               0
           2.44               0               0
           2.46               0               0
           2.48               0               0
            2.5               0               0
           2.52               0               0
           2.54               0               0
           2.56               0               0
           2.58               0               0
            2.6               0               0
           2.62               0               0
           2.64               0               0
           2.66               0               0
           2.68               0               0
            2.7               0               0
           2.72               0               0
           2.74               0               0
           2.76               0               0
           2.78               0               0
            2.8               0               0
           2.82               0               0
           2.84               0               0
           2.86               0               0
           2.88               0               0
            2.9               0               0
           2.92               0               0
           2.94               0               0
           2.96               0               0
           2.98               0               0
              3               0               0
           3.02               0               0
           3.04               0               0
           3.06               0               0
           3.08               0               0
            3.1               0               0
           3.12               0               0
           3.14               0               0
           3.16               0               0
           3.18               0               0
            3.2               0               0
           3.22               0               0
           3.24               0               0
           3.26               0               0
           3.28               0               0
            3.3               0               0
           3.32               0               0
           3.34               0               0
           3.36               0               0
           3.38               0               0
            3.4               0               0
           3.42               0               0
           3.44               0               0
           3.46               0               0
           3.48               0               0
            3.5               0               0
           3.52               0               0
           3.54               0               0
           3.56               0               0
           3.58               0               0
            3.6               0               0
           3.62               0               0
           3.64               0               0
           3.66               0               0
           3.68               0               0
            3.7               0               0
           3.72               0               0
           3.74               0               0
           3.76               0               0
           3.78               0               0
            3.8               0               0
           3.82               0               0
           3.84               0               0
           3.86               0               0
           3.88               0               0
            3.9               0               0
           3.92               0               0
           3.94               0               0
           3.96               0               0
           3.98               0               0
              4               0               0
           4.02               0               0
           4.04               0               0
           4.06               0               0
           4.08               0               0
            4.1               0               0
           4.12               0               0
           4.14               0               0
           4.16               0               0
           4.18               0               0
            4.2               0               0
           4.22               0               0
           4.24               0               0
           4.26               0               0
           4.28               0               0
            4.3               0               0
           4.32               0               0
           4.34               0               0
           4.36               0               0
           4.38               0               0
            4.4               0               0
           4.42               0               0
           4.44               0               0
           4.46               0               0
           4.48               0               0
            4.5               0               0
           4.52               0               0
           4.54               0               0
           4.56               0               0
           4.58               0               0
            4.6               0               0
           4.62               0               0
           4.64               0               0
           4.66               0               0
           4.68               0               0
            4.7               0               0
           4.72               0               0
           4.74               0               0
           4.76               0               0
           4.78               0               0
            4.8               0               0
           4.82               0               0
           4.84               0               0
           4.86               0               0
           4.88               0               0
            4.9               0               0
           4.92               0               0
           4.94               0               0
           4.96               0               0
           4.98               0               0
              5               0               0
           5.02               0               0
           5.04               0               0
           5.06               0               0
           5.08               0               0
            5.1               0               0
           5.12               0               0
           5.14               0               0
           5.16               0               0
           5.18               0               0
            5.2               0               0
           5.22               0               0
           5.24               0               0
           5.26               0               0
           5.28               0               0
            5.3               0               0
           5.32               0               0
           5.34               0               0
           5.36               0               0
           5.38               0               0
            5.4               0               0
           5.42               0               0
           5.44               0               0
           5.46               0               0
           5.48               0               0
            5.5               0               0
           5.52               0               0
           5.54               0               0
           5.56               0               0
           5.58               0               0
            5.6               0               0
           5.62               0               0
           5.64               0               0
           5.66               0               0
           5.68               0               0
            5.7               0               0
           5.72               0               0
           5.74               0               0
           5.76               0               0
           5.78               0               0
            5.8               0               0
           5.82               0               0
           5.84               0               0
           5.86               0               0
           5.88               0               0
            5.9               0               0
           5.92               0               0
           5.94               0               0
           5.96               0               0
           5.98               0               0
              6               0               0
           6.02               0               0
           6.04               0               0
           6.06               0               0
           6.08               0               0
            6.1               0               0
           6.12               0               0
           6.14               0               0
           6.16               0               0
           6.18               0               0
            6.2               0               0
           6.22               0               0
           6.24               0               0
           6.26               0               0
           6.28               0               0
            6.3               0               0
           6.32               0               0
           6.34               0               0
           6.36               0               0
           6.38               0               0
            6.4               0               0
           6.42               0               0
           6.44               0               0
           6.46               0               0
           6.48               0               0
            6.5               0               0
           6.52               0               0
           6.54               0               0
           6.56               0               0
           6.58               0               0
            6.6               0               0
           6.62               0               0
           6.64               0               0
           6.66               0               0
           6.68               0               0
            6.7               0               0
           6.72               0               0
           6.74               0               0
           6.76               0               0
           6.78               0               0
            6.8               0               0
           6.82               0               0
           6.84               0               0
           6.86               0               0
           6.88               0               0
            6.9               0               0
           6.92               0               0
           6.94               0               0
           6.96               0               0
           6.98               0               0
              7               0               0
           7.02               0               0
           7.04               0               0
           7.06               0               0
           7.08               0               0
            7.1               0               0
           7.12               0               0
           7.14               0               0
           7.16               0               0
           7.18               0               0
            7.2               0               0
           7.22               0               0
           7.24               0               0
           7.26               0               0
           7.28               0               0
            7.3               0               0
           7.32               0               0
           7.34               0               0
           7.36               0               0
           7.38               0               0
            7.4               0               0
           7.42               0               0
           7.44               0               0
           7.46               0               0
           7.48               0               0
            7.5               0               0
           7.52               0               0
           7.54               0               0
           7.56               0               0
           7.58               0               0
            7.6               0               0
           7.62               0               0
           7.64               0               0
           7.66               0               0
           7.68               0               0
            7.7               0               0
           7.72               0               0
           7.74               0               0
           7.76               0               0
           7.78               0               0
            7.8               0               0
           7.82               0               0
           7.84               0               0
           7.86               0               0
           7.88               0               0
            7.9               0               0
           7.92               0               0
           7.94               0               0
           7.96               0               0
           7.98               0               0
              8               0               0
           8.02               0               0
           8.04               0               0
           8.06               0               0
           8.08               0               0
            8.1               0               0
           8.12               0               0
           8.14               0               0
           8.16               0               0
           8.18               0               0
            8.2               0               0
           8.22               0               0
           8.24               0               0
           8.26               0               0
           8.28               0               0
            8.3               0               0
           8.32               0               0
           8.34               0               0
           8.36               0               0
           8.38               0               0
            8.4               0               0
           8.42               0               0
           8.44               0               0
           8.46               0               0
           8.48               0               0
            8.5               0               0
           8.52               0               0
           8.54               0               0
           8.56               0               0
           8.58               0               0
            8.6               0               0
           8.62               0               0
           8.64               0               0
           8.66               0               0
           8.68               0               0
            8.7               0               0
           8.72               0               0
           8.74               0               0
           8.76               0               0
           8.78               0               0
            8.8               0               0
           8.82               0               0
           8.84               0               0
           8.86               0               0
           8.88               0               0
            8.9               0               0
           8.92               0               0
           8.94               0               0
           8.96               0               0
           8.98               0               0
              9               0               0
           9.02               0               0
           9.04               0               0
           9.06               0               0
           9.08               0               0
            9.1               0               0
           9.12               0               0
           9.14               0               0
           9.16               0               0
           9.18               0               0
            9.2               0               0
           9.22               0               0
           9.24               0               0
           9.26               0               0
           9.28               0               0
            9.3               0               0
           9.32               0               0
           9.34               0               0
           9.36               0               0
           9.38               0               0
            9.4               0               0
           9.42               0               0
           9.44               0               0
           9.46               0               0
           9.48               0               0
            9.5               0               0
           9.52               0               0
           9.54               0               0
           9.56               0               0
           9.58               0               0
            9.6               0               0
           9.62               0               0
           9.64               0               0
           9.66               0               0
           9.68               0               0
            9.7               0               0
           9.72               0               0
           9.74               0               0
           9.76               0               0
           9.78               0               0
            9.8               0               0
           9.82               0               0
           9.84               0               0
           9.86               0               0
           9.88               0               0
            9.9               0               0
           9.92               0               0
           9.94               0               0
           9.96               0               0
           9.98               0               0
             10               0               0
          10.02               0               0
          10.04               0               0
          10.06               0               0
          10.08               0               0
           10.1               0               0
          10.12               0               0
          10.14               0               0
          10.16               0               0
          10.18               0               0
           10.2               0               0
          10.22               0               0
          10.24               0               0
          10.26               0               0
          10.28               0               0
           10.3               0               0
          10.32               0               0
          10.34               0               0
          10.36               0               0
          10.38               0               0
           10.4               0               0
          10.42               0               0
          10.44               0               0
          10.46               0               0
          10.48               0               0
           10.5               0               0
          10.52               0               0
          10.54               0               0
          10.56               0               0
          10.58               0               0
           10.6               0               0
          10.62               0               0
          10.64               0               0
          10.66               0               0
          10.68               0               0
           10.7               0               0
          10.72               0               0
          10.74               0               0
          10.76               0               0
          10.78               0               0
           10.8               0               0
          10.82               0               0
          10.84               0               0
          10.86               0               0
          10.88               0               0
           10.9               0               0
          10.92               0               0
          10.94               0               0
          10.96               0               0
          10.98               0               0
             11               0               0
          11.02               0               0
          11.04               0               0
          11.06               0               0
          11.08               0               0
           11.1               0               0
          11.12               0               0
          11.14               0               0
          11.16               0               0
          11.18               0               0
           11.2               0               0
          11.22               0               0
          11.24               0               0
          11.26               0               0
          11.28               0               0
           11.3               0               0
          11.32               0               0
          11.34               0               0
          11.36               0               0
          11.38               0               0
           11.4               0               0
          11.42               0               0
          11.44               0               0
          11.46               0               0
          11.48               0               0
           11.5               0               0
          11.52               0               0
          11.54               0               0
          11.56               0               0
          11.58               0               0
           11.6               0               0
          11.62               0               0
          11.64               0               0
          11.66               0               0
          11.68               0               0
           11.7               0               0
          11.72               0               0
          11.74               0               0
          11.76               0               0
          11.78               0               0
           11.8               0               0
          11.82               0               0
          11.84               0               0
          11.86               0               0
          11.88               0               0
           11.9               0               0
          11.92               0               0
          11.94               0               0
          11.96               0               0
          11.98               0               0
             12               0               0
          12.02               0               0
          12.04               0               0
          12.06               0               0
          12.08               0               0
           12.1               0               0
          12.12               0               0
          12.14               0               0
          12.16               0               0
          12.18               0               0
           12.2               0               0
          12.22               0               0
          12.24               0               0
          12.26               0               0
          12.28               0               0
           12.3               0               0
          12.32               0               0
          12.34               0               0
          12.36               0               0
          12.38               0               0
           12.4               0               0
          12.42               0               0
          12.44               0               0
          12.46               0               0
          12.48               0               0
           12.5               0               0
          12.52               0               0
          12.54               0               0
          12.56               0               0
          12.58               0               0
           12.6               0               0
          12.62               0               0
          12.64               0               0
          12.66               0               0
          12.68               0               0
           12.7               0               0
          12.72               0               0
          12.74               0               0
          12.76               0               0
          12.78               0               0
           12.8               0               0
          12.82               0               0
          12.84               0               0
          12.86               0               0
          12.88               0               0
           12.9               0               0
          12.92               0               0
          12.94               0               0
          12.96               0               0
          12.98               0               0
             13               0               0
          13.02               0               0
          13.04               0               0
          13.06               0               0
          13.08               0               0
           13.1               0               0
          13.12               0               0
          13.14               0               0
          13.16               0               0
          13.18               0               0
           13.2               0               0
          13.22               0               0
          13.24               0               0
          13.26               0               0
          13.28               0               0
           13.3               0               0
          13.32               0               0
          13.34               0               0
          13.36               0               0
          13.38               0               0
           13.4               0               0
          13.42               0               0
          13.44               0               0
          13.46               0               0
          13.48               0               0
           13.5               0               0
          13.52               0               0
          13.54               0               0
          13.56               0               0
          13.58               0               0
           13.6               0               0
          13.62               0               0
          13.64               0               0
          13.66               0               0
          13.68               0               0
           13.7               0               0
          13.72               0               0
          13.74               0               0
          13.76               0               0
          13.78               0               0
           13.8               0               0
          13.82               0               0
          13.84               0               0
          13.86               0               0
          13.88               0               0
           13.9               0               0
          13.92               0               0
          13.94               0               0
          13.96               0               0
          13.98               0               0
             14               0               0
          14.02               0               0
          14.04               0               0
          14.06               0               0
          14.08               0               0
           14.1               0               0
          14.12               0               0
          14.14               0               0
          14.16               0               0
          14.18               0               0
           14.2               0               0
          14.22               0               0
          14.24               0               0
          14.26               0               0
          14.28               0               0
           14.3               0               0
          14.32               0               0
          14.34               0               0
          14.36               0               0
          14.38               0               0
           14.4               0               0
          14.42               0               0
          14.44               0               0
          14.46               0               0
          14.48               0               0
           14.5               0               0
          14.52               0               0
          14.54               0               0
          14.56               0               0
          14.58               0               0
           14.6               0               0
          14.62               0               0
          14.64               0               0
          14.66               0               0
          14.68               0               0
           14.7               0               0
          14.72               0               0
          14.74               0               0
          14.76               0               0
          14.78               0               0
           14.8               0               0
          14.82               0               0
          14.84               0               0
          14.86               0               0
          14.88               0               0
           14.9               0               0
          14.92               0               0
          14.94               0               0
          14.96               0               0
          14.98               0               0
             15               0               0
          15.02               0               0
          15.04               0               0
          15.06               0               0
          15.08               0               0
           15.1               0               0
          15.12               0               0
          15.14               0               0
          15.16               0               0
          15.18               0               0
           15.2               0               0
          15.22               0               0
          15.24               0               0
          15.26               0               0
          15.28               0               0
           15.3               0               0
          15.32               0               0
          15.34               0               0
          15.36               0               0
          15.38               0               0
           15.4               0               0
          15.42               0               0
          15.44               0               0
          15.46               0               0
          15.48               0               0
           15.5               0               0
          15.52               0               0
          15.54               0               0
          15.56               0               0
          15.58               0               0
           15.6               0               0
          15.62               0               0
          15.64               0               0
          15.66               0               0
          15.68               0               0
           15.7               0               0
          15.72               0               0
          15.74               0               0
          15.76               0               0
          15.78               0               0
           15.8               0               0
          15.82               0               0
          15.84               0               0
          15.86               0               0
          15.88               0               0
           15.9               0               0
          15.92               0               0
          15.94               0               0
          15.96               0               0
          15.98               0               0
             16               0               0
          16.02               0               0
          16.04               0               0
          16.06               0               0
          16.08               0               0
           16.1               0               0
          16.12               0               0
          16.14               0               0
          16.16               0               0
          16.18               0               0
           16.2               0               0
          16.22               0               0
          16.24               0               0
          16.26               0               0
          16.28               0               0
           16.3               0               0
          16.32               0               0
          16.34               0               0
          16.36               0               0
          16.38               0               0
           16.4               0               0
          16.42               0               0
          16.44               0               0
          16.46               0               0
          16.48               0               0
           16.5               0               0
          16.52               0               0
          16.54               0               0
          16.56               0               0
          16.58               0               0
           16.6               0               0
          16.62               0               0
          16.64               0               0
          16.66               0               0
          16.68               0               0
           16.7               0               0
          16.72               0               0
          16.74               0               0
          16.76               0               0
          16.78               0               0
           16.8               0               0
          16.82               0               0
          16.84               0               0
          16.86               0               0
          16.88               0               0
           16.9               0               0
          16.92               0               0
          16.94               0               0
          16.96               0               0
          16.98               0               0
             17               0               0
          17.02               0               0
          17.04               0               0
          17.06               0               0
          17.08               0               0
           17.1               0               0
          17.12               0               0
          17.14               0               0
          17.16               0               0
          17.18               0               0
           17.2               0               0
          17.22               0               0
          17.24               0               0
          17.26               0               0
          17.28               0               0
           17.3               0               0
          17.32               0               0
          17.34               0               0
          17.36               0               0
          17.38               0               0
           17.4               0               0
          17.42               0               0
          17.44               0               0
          17.46               0               0
          17.48               0               0
           17.5               0               0
          17.52               0               0
          17.54               0               0
          17.56               0               0
          17.58               0               0
           17.6               0               0
          17.62               0               0
          17.64               0               0
          17.66               0               0
          17.68               0               0
           17.7               0               0
          17.72               0               0
          17.74               0               0
          17.76               0               0
          17.78               0               0
           17.8               0               0
          17.82               0               0
          17.84               0               0
          17.86               0               0
          17.88               0               0
           17.9               0               0
          17.92               0               0
          17.94               0               0
          17.96               0               0
          17.98               0               0
             18               0               0
          18.02               0               0
          18.04               0               0
          18.06               0               0
          18.08               0               0
           18.1               0               0
          18.12               0               0
          18.14               0               0
          18.16               0               0
          18.18               0               0
           18.2               0               0
          18.22               0               0
          18.24               0               0
          18.26               0               0
          18.28               0               0
           18.3               0               0
          18.32               0               0
          18.34               0               0
          18.36               0               0
          18.38               0               0
           18.4               0               0
          18.42               0               0
          18.44               0               0
          18.46               0               0
          18.48               0               0
           18.5               0               0
          18.52               0               0
          18.54               0               0
          18.56               0               0
          18.58               0               0
           18.6               0               0
          18.62               0               0
          18.64               0               0
          18.66               0               0
          18.68               0               0
           18.7               0               0
          18.72               0               0
          18.74               0               0
          18.76               0               0
          18.78               0               0
           18.8               0               0
          18.82               0               0
          18.84               0               0
          18.86               0               0
          18.88               0               0
           18.9               0               0
          18.92               0               0
          18.94               0               0
          18.96               0               0
          18.98               0               0
             19               0               0
          19.02               0               0
          19.04               0               0
          19.06               0               0
          19.08               0               0
           19.1               0               0
          19.12               0               0
          19.14               0               0
          19.16               0               0
          19.18               0               0
           19.2               0               0
          19.22               0               0
          19.24               0               0
          19.26               0               0
          19.28               0               0
           19.3               0               0
          19.32               0               0
          19.34               0               0
          19.36               0               0
          19.38               0               0
           19.4               0               0
          19.42               0               0
          19.44               0               0
          19.46               0               0
          19.48               0               0
           19.5               0               0
          19.52               0               0
          19.54               0               0
          19.56               0               0
          19.58               0               0
           19.6               0               0
          19.62               0               0
          19.64               0               0
          19.66               0               0
          19.68               0               0
           19.7               0               0
          19.72               0               0
          19.74               0               0
          19.76               0               0
          19.78               0               0
           19.8               0               0
          19.82               0               0
          19.84               0               0
          19.86               0               0
          19.88               0               0
           19.9               0               0
          19.92               0               0
          19.94               0               0
          19.96               0               0
          19.98               0               0
             20               0               0
          20.02               0               0

AFlux_Sample  1000  20
              0               0               0
           0.02     3.26698e-07     7.63244e-11
           0.04     2.82689e-07     5.18807e-11
           0.06       2.578e-07     4.15377e-11
           0.08     2.39353e-07     3.50743e-11
            0.1     2.24544e-07     3.04108e-11
           0.12     2.12252e-07     2.67763e-11
           0.14     2.01873e-07     2.37948e-11
           0.16     1.93021e-07     2.12591e-11
           0.18     1.85414e-07     1.90367e-11
            0.2     1.78893e-07     1.70641e-11
           0.22     1.73295e-07     1.52875e-11
           0.24      1.6851e-07     1.36782e-11
           0.26     1.64443e-07     1.22167e-11
           0.28     1.61006e-07     1.08912e-11
            0.3     1.58121e-07     9.69036e-12
           0.32     1.55714e-07     8.60582e-12
           0.34     1.53729e-07      7.6343e-12
           0.36     1.52099e-07     6.76917e-12
           0.38     1.50778e-07     6.00759e-12
            0.4     1.49718e-07     5.34463e-12
           0.42     1.48873e-07     4.77273e-12
           0.44     1.48211e-07     4.29155e-12
           0.46     1.47701e-07     3.89443e-12
           0.48     1.47314e-07     3.57685e-12
            0.5     1.47026e-07     3.32927e-12
           0.52     1.46814e-07     3.14217e-12
           0.54     1.46664e-07     3.00667e-12
           0.56     1.46561e-07     2.91318e-12
           0.58     1.46495e-07     2.85334e-12
            0.6     1.46455e-07     2.81744e-12
           0.62     1.46434e-07     2.79893e-12
           0.64     1.46426e-07      2.7924e-12
           0.66     1.46427e-07     2.79366e-12
           0.68     1.46433e-07     2.79973e-12
            0.7     1.46443e-07     2.80839e-12
           0.72     1.46454e-07     2.81796e-12
           0.74     1.46466e-07     2.82788e-12
           0.76     1.46477e-07     2.83731e-12
           0.78     1.46487e-07      2.8459e-12
            0.8     1.46496e-07     2.85354e-12
           0.82     1.46504e-07     2.86013e-12
           0.84     1.46511e-07     2.86578e-12
           0.86     1.46517e-07     2.87065e-12
           0.88     1.46521e-07     2.87441e-12
            0.9     1.46525e-07     2.87759e-12
           0.92     1.46528e-07     2.88013e-12
           0.94      1.4653e-07     2.88218e-12
           0.96     1.46532e-07     2.88389e-12
           0.98     1.46534e-07     2.88515e-12
              1     1.46535e-07     2.88622e-12
           1.02     1.46536e-07     2.88702e-12
           1.04     1.46536e-07     2.88754e-12
           1.06     1.46537e-07     2.88803e-12
           1.08     1.46537e-07     2.88844e-12
            1.1     1.46538e-07      2.8887e-12
           1.12     1.46538e-07      2.8889e-12
           1.14     1.46538e-07     2.88907e-12
           1.16     1.46538e-07     2.88919e-12
           1.18     1.46538e-07     2.88927e-12
            1.2     1.46538e-07     2.88937e-12
           1.22     1.46538e-07     2.88947e-12
           1.24     1.46539e-07     2.88956e-12
           1.26     1.46539e-07     2.88961e-12
           1.28     1.46539e-07     2.88964e-12
            1.3     1.46539e-07     2.88968e-12
           1.32     1.46539e-07     2.88971e-12
           1.34     1.46539e-07     2.88976e-12
           1.36     1.46539e-07     2.88982e-12
           1.38     1.46539e-07     2.88985e-12
            1.4     1.46539e-07     2.88989e-12
           1.42     1.46539e-07     2.88992e-12
           1.44     1.46539e-07     2.88997e-12
           1.46     1.46539e-07     2.88998e-12
           1.48     1.46539e-07        2.89e-12
            1.5     1.46539e-07     2.89003e-12
           1.52     1.46539e-07     2.89007e-12
           1.54      1.4654e-07     2.89012e-12
           1.56      1.4654e-07     2.89017e-12
           1.58      1.4654e-07     2.89021e-12
            1.6      1.4654e-07     2.89025e-12
           1.62      1.4654e-07     2.89031e-12
           1.64      1.4654e-07     2.89036e-12
           1.66      1.4654e-07     2.89038e-12
           1.68      1.4654e-07     2.89043e-12
            1.7      1.4654e-07      2.8905e-12
           1.72      1.4654e-07     2.89055e-12
           1.74      1.4654e-07     2.89058e-12
           1.76      1.4654e-07     2.89063e-12
           1.78      1.4654e-07     2.89069e-12
            1.8      1.4654e-07     2.89079e-12
           1.82     1.46541e-07     2.89089e-12
           1.84     1.46541e-07     2.89095e-12
           1.86     1.46541e-07     2.89099e-12
           1.88     1.46541e-07     2.89105e-12
            1.9     1.46541e-07     2.89113e-12
           1.92     1.46541e-07     2.89121e-12
           1.94     1.46541e-07     2.89128e-12
           1.96     1.46541e-07     2.89137e-12
           1.98     1.46541e-07     2.89144e-12
              2     1.46541e-07     2.89152e-12
           2.02     1.46541e-07     2.89157e-12
           2.04     1.46541e-07     2.89166e-12
           2.06     1.46542e-07     2.89173e-12
           2.08     1.46542e-07     2.89184e-12
            2.1     1.46542e-07     2.89193e-12
           2.12     1.46542e-07     2.89203e-12
           2.14     1.46542e-07      2.8921e-12
           2.16     1.46542e-07     2.89219e-12
           2.18     1.46542e-07     2.89228e-12
            2.2     1.46542e-07     2.89237e-12
           2.22     1.46542e-07     2.89249e-12
           2.24     1.46542e-07     2.89259e-12
           2.26     1.46543e-07     2.89269e-12
           2.28     1.46543e-07     2.89278e-12
            2.3     1.46543e-07     2.89292e-12
           2.32     1.46543e-07     2.89305e-12
           2.34     1.46543e-07     2.89316e-12
           2.36     1.46543e-07     2.89328e-12
           2.38     1.46543e-07     2.89343e-12
            2.4     1.46543e-07     2.89357e-12
           2.42     1.46543e-07     2.89371e-12
           2.44     1.46543e-07     2.89381e-12
           2.46     1.46544e-07     2.89394e-12
           2.48     1.46544e-07     2.89408e-12
            2.5     1.46544e-07     2.89423e-12
           2.52     1.46544e-07     2.89441e-12
           2.54     1.46544e-07     2.89456e-12
           2.56     1.46544e-07     2.89463e-12
           2.58     1.46544e-07     2.89482e-12
            2.6     1.46544e-07     2.89507e-12
           2.62     1.46545e-07     2.89542e-12
           2.64     1.46545e-07     2.89604e-12
           2.66     1.46546e-07     2.89715e-12
           2.68     1.46548e-07     2.89915e-12
            2.7     1.46552e-07     2.90315e-12
           2.72     1.46559e-07     2.91092e-12
           2.74     1.46571e-07     2.92447e-12
           2.76     1.46593e-07     2.94894e-12
           2.78     1.46629e-07     2.99018e-12
            2.8     1.46692e-07      3.0606e-12
           2.82     1.46796e-07      3.1746e-12
           2.84     1.46963e-07     3.35178e-12
           2.86     1.47224e-07     3.61428e-12
           2.88      1.4762e-07     3.98143e-12
            2.9     1.48204e-07     4.47028e-12
           2.92     1.49042e-07      5.0865e-12
           2.94      1.5021e-07     5.82929e-12
           2.96     1.51798e-07     6.69207e-12
           2.98      1.5388e-07     7.64274e-12
              3     1.56534e-07       8.652e-12
           3.02     1.59827e-07     9.68042e-12
           3.04     1.63787e-07     1.06813e-11
           3.06     1.68411e-07     1.15973e-11
           3.08     1.73647e-07     1.23777e-11
            3.1     1.79394e-07     1.29716e-11
           3.12     1.85523e-07     1.33383e-11
           3.14     1.91865e-07     1.34532e-11
           3.16      1.9822e-07     1.33049e-11
           3.18     2.04386e-07     1.29015e-11
            3.2      2.1019e-07     1.22701e-11
           3.22     2.15493e-07     1.14476e-11
           3.24     2.20179e-07     1.04883e-11
           3.26     2.24187e-07     9.44858e-12
           3.28      2.2751e-07     8.38406e-12
            3.3     2.30182e-07     7.34265e-12
           3.32     2.32257e-07     6.37896e-12
           3.34     2.33813e-07     5.52561e-12
           3.36     2.34951e-07     4.79934e-12
           3.38     2.35754e-07     4.21595e-12
            3.4     2.36304e-07     3.76863e-12
           3.42     2.36667e-07     3.45267e-12
           3.44     2.36899e-07     3.23845e-12
           3.46     2.37042e-07     3.10438e-12
           3.48     2.37127e-07     3.02596e-12
            3.5     2.37176e-07     2.98081e-12
           3.52     2.37204e-07     2.95595e-12
           3.54     2.37218e-07      2.9434e-12
           3.56     2.37226e-07     2.93699e-12
           3.58      2.3723e-07     2.93385e-12
            3.6     2.37233e-07     2.93212e-12
           3.62     2.37234e-07     2.93133e-12
           3.64     2.37234e-07      2.9309e-12
           3.66     2.37235e-07     2.93063e-12
           3.68     2.37235e-07     2.93037e-12
            3.7     2.37235e-07     2.93015e-12
           3.72     2.37235e-07     2.92998e-12
           3.74     2.37236e-07     2.92979e-12
           3.76     2.37236e-07     2.92969e-12
           3.78     2.37236e-07     2.92954e-12
            3.8     2.37236e-07      2.9294e-12
           3.82     2.37236e-07      2.9292e-12
           3.84     2.37236e-07     2.92909e-12
           3.86     2.37236e-07     2.92891e-12
           3.88     2.37237e-07      2.9288e-12
            3.9     2.37237e-07     2.92868e-12
           3.92     2.37237e-07     2.92855e-12
           3.94     2.37237e-07     2.92839e-12
           3.96     2.37237e-07      2.9283e-12
           3.98     2.37237e-07     2.92818e-12
              4     2.37238e-07     2.92811e-12
           4.02     2.37238e-07     2.92802e-12
           4.04     2.37238e-07     2.92791e-12
           4.06     2.37238e-07     2.92782e-12
           4.08     2.37238e-07     2.92772e-12
            4.1     2.37238e-07     2.92762e-12
           4.12     2.37238e-07     2.92754e-12
           4.14     2.37239e-07     2.92749e-12
           4.16     2.37239e-07     2.92749e-12
           4.18     2.37239e-07     2.92743e-12
            4.2     2.37239e-07     2.92738e-12
           4.22     2.37239e-07     2.92732e-12
           4.24     2.37239e-07     2.92724e-12
           4.26     2.37239e-07     2.92719e-12
           4.28      2.3724e-07     2.92715e-12
            4.3      2.3724e-07      2.9271e-12
           4.32      2.3724e-07     2.92707e-12
           4.34      2.3724e-07     2.92704e-12
           4.36      2.3724e-07     2.92702e-12
           4.38      2.3724e-07     2.92697e-12
            4.4      2.3724e-07     2.92693e-12
           4.42     2.37241e-07     2.92692e-12
           4.44     2.37241e-07     2.92691e-12
           4.46     2.37241e-07     2.92691e-12
           4.48     2.37241e-07     2.92691e-12
            4.5     2.37241e-07      2.9269e-12
           4.52     2.37241e-07      2.9269e-12
           4.54     2.37241e-07      2.9269e-12
           4.56     2.37242e-07     2.92689e-12
           4.58     2.37242e-07     2.92689e-12
            4.6     2.37242e-07      2.9269e-12
           4.62     2.37242e-07     2.92691e-12
           4.64     2.37242e-07     2.92692e-12
           4.66     2.37242e-07     2.92695e-12
           4.68     2.37243e-07     2.92701e-12
            4.7     2.37243e-07     2.92706e-12
           4.72     2.37243e-07      2.9271e-12
           4.74     2.37243e-07     2.92711e-12
           4.76     2.37243e-07     2.92717e-12
           4.78     2.37243e-07      2.9272e-12
            4.8     2.37243e-07     2.92724e-12
           4.82     2.37243e-07     2.92728e-12
           4.84     2.37244e-07     2.92732e-12
           4.86     2.37244e-07     2.92739e-12
           4.88     2.37244e-07     2.92743e-12
            4.9     2.37244e-07     2.92752e-12
           4.92     2.37244e-07      2.9276e-12
           4.94     2.37244e-07     2.92768e-12
           4.96     2.37244e-07     2.92771e-12
           4.98     2.37244e-07     2.92778e-12
              5     2.37245e-07      2.9279e-12
           5.02     2.37245e-07     2.92801e-12
           5.04     2.37245e-07      2.9281e-12
           5.06     2.37245e-07     2.92819e-12
           5.08     2.37245e-07     2.92838e-12
            5.1     2.37245e-07     2.92849e-12
           5.12     2.37245e-07      2.9286e-12
           5.14     2.37246e-07     2.92869e-12
           5.16     2.37246e-07     2.92883e-12
           5.18     2.37246e-07     2.92889e-12
            5.2     2.37246e-07     2.92896e-12
           5.22     2.37246e-07     2.92907e-12
           5.24     2.37246e-07     2.92921e-12
           5.26     2.37246e-07     2.92934e-12
           5.28     2.37247e-07     2.92954e-12
            5.3     2.37247e-07     2.92984e-12
           5.32     2.37247e-07     2.93016e-12
           5.34     2.37249e-07     2.93093e-12
           5.36     2.37253e-07     2.93311e-12
           5.38     2.37262e-07      2.9385e-12
            5.4     2.37285e-07     2.95275e-12
           5.42     2.37335e-07     2.98574e-12
           5.44     2.37441e-07     3.05923e-12
           5.46     2.37657e-07     3.21161e-12
           5.48     2.38062e-07     3.49086e-12
            5.5     2.38783e-07     3.95666e-12
           5.52     2.39987e-07     4.64343e-12
           5.54     2.41866e-07     5.54519e-12
           5.56     2.44632e-07     6.61897e-12
           5.58     2.48457e-07     7.77617e-12
            5.6     2.53427e-07     8.90214e-12
           5.62       2.595e-07     9.86522e-12
           5.64     2.66471e-07     1.05426e-11
           5.66     2.73976e-07      1.0838e-11
           5.68     2.81569e-07     1.07147e-11
            5.7     2.88777e-07     1.01928e-11
           5.72     2.95214e-07     9.34928e-12
           5.74     3.00612e-07     8.30503e-12
           5.76     3.04856e-07     7.19551e-12
           5.78     3.07988e-07     6.14814e-12
            5.8     3.10164e-07      5.2588e-12
           5.82     3.11581e-07     4.58551e-12
           5.84      3.1245e-07     4.13028e-12
           5.86     3.12948e-07     3.86014e-12
           5.88     3.13216e-07     3.71509e-12
            5.9     3.13351e-07     3.64592e-12
           5.92     3.13415e-07      3.6158e-12
           5.94     3.13444e-07      3.6033e-12
           5.96     3.13456e-07      3.5986e-12
           5.98     3.13461e-07      3.5968e-12
              6     3.13462e-07     3.59605e-12
           6.02     3.13463e-07     3.59565e-12
           6.04     3.13464e-07     3.59522e-12
           6.06     3.13464e-07     3.59508e-12
           6.08     3.13464e-07     3.59489e-12
            6.1     3.13464e-07     3.59467e-12
           6.12     3.13464e-07     3.59443e-12
           6.14     3.13464e-07     3.59435e-12
           6.16     3.13465e-07     3.59419e-12
           6.18     3.13465e-07     3.59384e-12
            6.2     3.13465e-07     3.59356e-12
           6.22     3.13465e-07     3.59308e-12
           6.24     3.13465e-07     3.59291e-12
           6.26     3.13465e-07     3.59285e-12
           6.28     3.13466e-07     3.59255e-12
            6.3     3.13466e-07     3.59219e-12
           6.32     3.13466e-07     3.59185e-12
           6.34     3.13466e-07     3.59177e-12
           6.36     3.13466e-07     3.59133e-12
           6.38     3.13466e-07     3.59103e-12
            6.4     3.13467e-07     3.59077e-12
           6.42     3.13467e-07     3.59043e-12
           6.44     3.13467e-07     3.59038e-12
           6.46     3.13467e-07     3.59034e-12
           6.48     3.13467e-07     3.59029e-12
            6.5     3.13467e-07     3.59011e-12
           6.52     3.13467e-07     3.59001e-12
           6.54     3.13467e-07      3.5899e-12
           6.56     3.13468e-07     3.58987e-12
           6.58     3.13468e-07     3.58972e-12
            6.6     3.13468e-07      3.5894e-12
           6.62     3.13468e-07     3.58914e-12
           6.64     3.13468e-07     3.58896e-12
           6.66     3.13468e-07     3.58891e-12
           6.68     3.13468e-07     3.58886e-12
            6.7     3.13468e-07     3.58876e-12
           6.72     3.13469e-07     3.58848e-12
           6.74     3.13469e-07     3.58853e-12
           6.76     3.13469e-07     3.58852e-12
           6.78     3.13469e-07     3.58853e-12
            6.8     3.13469e-07     3.58842e-12
           6.82     3.13469e-07     3.58841e-12
           6.84     3.13469e-07     3.58842e-12
           6.86     3.13469e-07     3.58828e-12
           6.88     3.13469e-07     3.58804e-12
            6.9      3.1347e-07     3.58789e-12
           6.92      3.1347e-07     3.58797e-12
           6.94      3.1347e-07     3.58797e-12
           6.96      3.1347e-07     3.58798e-12
           6.98      3.1347e-07     3.58788e-12
              7      3.1347e-07     3.58759e-12
           7.02      3.1347e-07     3.58709e-12
           7.04      3.1347e-07     3.58695e-12
           7.06      3.1347e-07     3.58698e-12
           7.08     3.13471e-07     3.58687e-12
            7.1     3.13471e-07     3.58663e-12
           7.12     3.13471e-07     3.58637e-12
           7.14     3.13471e-07     3.58643e-12
           7.16     3.13471e-07     3.58641e-12
           7.18     3.13471e-07     3.58625e-12
            7.2     3.13471e-07     3.58617e-12
           7.22     3.13471e-07     3.58606e-12
           7.24     3.13471e-07      3.5857e-12
           7.26     3.13472e-07     3.58569e-12
           7.28     3.13472e-07     3.58558e-12
            7.3     3.13472e-07     3.58522e-12
           7.32     3.13472e-07     3.58508e-12
           7.34     3.13472e-07     3.58509e-12
           7.36     3.13472e-07     3.58524e-12
           7.38     3.13472e-07     3.58548e-12
            7.4     3.13472e-07     3.58542e-12
           7.42     3.13472e-07     3.58519e-12
           7.44     3.13472e-07     3.58535e-12
           7.46     3.13472e-07     3.58552e-12
           7.48     3.13472e-07     3.58557e-12
            7.5     3.13472e-07     3.58556e-12
           7.52     3.13473e-07     3.58546e-12
           7.54     3.13473e-07     3.58525e-12
           7.56     3.13473e-07     3.58521e-12
           7.58     3.13473e-07      3.5853e-12
            7.6     3.13473e-07     3.58524e-12
           7.62     3.13473e-07     3.58549e-12
           7.64     3.13473e-07     3.58569e-12
           7.66     3.13473e-07     3.58591e-12
           7.68     3.13473e-07     3.58606e-12
            7.7     3.13475e-07     3.58688e-12
           7.72     3.13484e-07     3.58879e-12
           7.74     3.13519e-07     3.59919e-12
           7.76     3.13629e-07     3.63773e-12
           7.78     3.13947e-07     3.76397e-12
            7.8     3.14738e-07     4.09638e-12
           7.82     3.16446e-07     4.77544e-12
           7.84     3.19652e-07     5.84032e-12
           7.86     3.24891e-07     7.12812e-12
           7.88     3.32326e-07     8.30922e-12
            7.9     3.41488e-07     9.02043e-12
           7.92     3.51301e-07     9.02683e-12
           7.94     3.60445e-07     8.34316e-12
           7.96     3.67858e-07     7.22373e-12
           7.98     3.73076e-07     6.05025e-12
              8     3.76274e-07     5.13674e-12
           8.02      3.7798e-07     4.60445e-12
           8.04     3.78771e-07      4.3704e-12
           8.06     3.79093e-07     4.28835e-12
           8.08     3.79208e-07     4.25906e-12
            8.1     3.79245e-07     4.24774e-12
           8.12     3.79256e-07     4.23831e-12
           8.14      3.7926e-07      4.2294e-12
           8.16     3.79263e-07     4.21947e-12
           8.18     3.79265e-07     4.20905e-12
            8.2     3.79267e-07     4.19948e-12
           8.22      3.7927e-07     4.18921e-12
           8.24     3.79272e-07     4.17836e-12
           8.26     3.79274e-07     4.16917e-12
           8.28     3.79277e-07     4.15817e-12
            8.3     3.79279e-07     4.14688e-12
           8.32     3.79281e-07     4.13793e-12
           8.34     3.79284e-07     4.12559e-12
           8.36     3.79287e-07     4.11394e-12
           8.38     3.79289e-07     4.10278e-12
            8.4     3.79291e-07     4.09279e-12
           8.42     3.79294e-07      4.0828e-12
           8.44     3.79296e-07     4.07183e-12
           8.46     3.79298e-07     4.06135e-12
           8.48     3.79301e-07     4.05214e-12
            8.5     3.79302e-07     4.04362e-12
           8.52     3.79305e-07     4.03239e-12
           8.54     3.79307e-07     4.02033e-12
           8.56      3.7931e-07     4.00664e-12
           8.58     3.79313e-07     3.99568e-12
            8.6     3.79315e-07     3.98445e-12
           8.62     3.79318e-07     3.97422e-12
           8.64      3.7932e-07     3.96366e-12
           8.66     3.79322e-07     3.95407e-12
           8.68     3.79324e-07     3.94363e-12
            8.7     3.79326e-07     3.93413e-12
           8.72     3.79329e-07      3.9203e-12
           8.74     3.79332e-07     3.90934e-12
           8.76     3.79334e-07     3.89752e-12
           8.78     3.79337e-07       3.885e-12
            8.8      3.7934e-07     3.87211e-12
           8.82     3.79342e-07      3.8593e-12
           8.84     3.79345e-07     3.84783e-12
           8.86     3.79347e-07     3.83481e-12
           8.88      3.7935e-07     3.82375e-12
            8.9     3.79352e-07      3.8129e-12
           8.92     3.79355e-07     3.79888e-12
           8.94     3.79358e-07     3.78691e-12
           8.96      3.7936e-07     3.77549e-12
           8.98     3.79362e-07     3.76411e-12
              9     3.79365e-07     3.75302e-12
           9.02     3.79367e-07     3.74286e-12
           9.04     3.79369e-07     3.73182e-12
           9.06     3.79372e-07      3.7164e-12
           9.08     3.79375e-07     3.70446e-12
            9.1     3.79377e-07     3.69464e-12
           9.12     3.79379e-07     3.68116e-12
           9.14     3.79382e-07     3.66662e-12
           9.16     3.79385e-07     3.65266e-12
           9.18     3.79388e-07     3.64019e-12
            9.2      3.7939e-07     3.62822e-12
           9.22     3.79392e-07     3.61702e-12
           9.24     3.79395e-07      3.6032e-12
           9.26     3.79398e-07     3.59073e-12
           9.28       3.794e-07     3.57897e-12
            9.3     3.79403e-07     3.56647e-12
           9.32     3.79405e-07     3.55411e-12
           9.34     3.79407e-07     3.54285e-12
           9.36     3.79409e-07     3.53221e-12
           9.38     3.79412e-07     3.51873e-12
            9.4     3.79415e-07     3.50428e-12
           9.42     3.79417e-07     3.49257e-12
           9.44     3.79419e-07     3.48271e-12
           9.46     3.79421e-07     3.47285e-12
           9.48     3.79423e-07     3.46361e-12
            9.5     3.79425e-07     3.45495e-12
           9.52     3.79427e-07      3.4454e-12
           9.54     3.79428e-07     3.43769e-12
           9.56      3.7943e-07     3.42925e-12
           9.58     3.79431e-07     3.42209e-12
            9.6     3.79433e-07     3.41362e-12
           9.62     3.79434e-07     3.40605e-12
           9.64     3.79435e-07     3.39968e-12
           9.66     3.79437e-07      3.3929e-12
           9.68     3.79438e-07     3.38558e-12
            9.7     3.79439e-07     3.37877e-12
           9.72      3.7944e-07     3.37479e-12
           9.74     3.79441e-07     3.37011e-12
           9.76     3.79442e-07     3.36431e-12
           9.78     3.79443e-07     3.35928e-12
            9.8     3.79444e-07     3.35298e-12
           9.82     3.79445e-07     3.34853e-12
           9.84     3.79446e-07     3.34535e-12
           9.86     3.79446e-07     3.34322e-12
           9.88     3.79447e-07     3.33986e-12
            9.9     3.79447e-07     3.33588e-12
           9.92     3.79448e-07     3.33265e-12
           9.94     3.79448e-07     3.33115e-12
           9.96     3.79448e-07     3.32999e-12
           9.98     3.79449e-07     3.32931e-12
             10     3.79449e-07      3.3287e-12
          10.02               0               0
          10.04               0               0
          10.06               0               0
          10.08               0               0
           10.1               0               0
          10.12               0               0
          10.14               0               0
          10.16               0               0
          10.18               0               0
           10.2               0               0
          10.22               0               0
          10.24               0               0
          10.26               0               0
          10.28               0               0
           10.3               0               0
          10.32               0               0
          10.34               0               0
          10.36               0               0
          10.38               0               0
           10.4               0               0
          10.42               0               0
          10.44               0               0
          10.46               0               0
          10.48               0               0
           10.5               0               0
          10.52               0               0
          10.54               0               0
          10.56               0               0
          10.58               0               0
           10.6               0               0
          10.62               0               0
          10.64               0               0
          10.66               0               0
          10.68               0               0
           10.7               0               0
          10.72               0               0
          10.74               0               0
          10.76               0               0
          10.78               0               0
           10.8               0               0
          10.82               0               0
          10.84               0               0
          10.86               0               0
          10.88               0               0
           10.9               0               0
          10.92               0               0
          10.94               0               0
          10.96               0               0
          10.98               0               0
             11               0               0
          11.02               0               0
          11.04               0               0
          11.06               0               0
          11.08               0               0
           11.1               0               0
          11.12               0               0
          11.14               0               0
          11.16               0               0
          11.18               0               0
           11.2               0               0
          11.22               0               0
          11.24               0               0
          11.26               0               0
          11.28               0               0
           11.3               0               0
          11.32               0               0
          11.34               0               0
          11.36               0               0
          11.38               0               0
           11.4               0               0
          11.42               0               0
          11.44               0               0
          11.46               0               0
          11.48               0               0
           11.5               0               0
          11.52               0               0
          11.54               0               0
          11.56               0               0
          11.58               0               0
           11.6               0               0
          11.62               0               0
          11.64               0               0
          11.66               0               0
          11.68               0               0
           11.7               0               0
          11.72               0               0
          11.74               0               0
          11.76               0               0
          11.78               0               0
           11.8               0               0
          11.82               0               0
          11.84               0               0
          11.86               0               0
          11.88               0               0
           11.9               0               0
          11.92               0               0
          11.94               0               0
          11.96               0               0
          11.98               0               0
             12               0               0
          12.02               0               0
          12.04               0               0
          12.06               0               0
          12.08               0               0
           12.1               0               0
          12.12               0               0
          12.14               0               0
          12.16               0               0
          12.18               0               0
           12.2               0               0
          12.22               0               0
          12.24               0               0
          12.26               0               0
          12.28               0               0
           12.3               0               0
          12.32               0               0
          12.34               0               0
          12.36               0               0
          12.38               0               0
           12.4               0               0
          12.42               0               0
          12.44               0               0
          12.46               0               0
          12.48               0               0
           12.5               0               0
          12.52               0               0
          12.54               0               0
          12.56               0               0
          12.58               0               0
           12.6               0               0
          12.62               0               0
          12.64               0               0
          12.66               0               0
          12.68               0               0
           12.7               0               0
          12.72               0               0
          12.74               0               0
          12.76               0               0
          12.78               0               0
           12.8               0               0
          12.82               0               0
          12.84               0               0
          12.86               0               0
          12.88               0               0
           12.9               0               0
          12.92               0               0
          12.94               0               0
          12.96               0               0
          12.98               0               0
             13               0               0
          13.02               0               0
          13.04               0               0
          13.06               0               0
          13.08               0               0
           13.1               0               0
          13.12               0               0
          13.14               0               0
          13.16               0               0
          13.18               0               0
           13.2               0               0
          13.22               0               0
          13.24               0               0
          13.26               0               0
          13.28               0               0
           13.3               0               0
          13.32               0               0
          13.34               0               0
          13.36               0               0
          13.38               0               0
           13.4               0               0
          13.42               0               0
          13.44               0               0
          13.46               0               0
          13.48               0               0
           13.5               0               0
          13.52               0               0
          13.54               0               0
          13.56               0               0
          13.58               0               0
           13.6               0               0
          13.62               0               0
          13.64               0               0
          13.66               0               0
          13.68               0               0
           13.7               0               0
          13.72               0               0
          13.74               0               0
          13.76               0               0
          13.78               0               0
           13.8               0               0
          13.82               0               0
          13.84               0               0
          13.86               0               0
          13.88               0               0
           13.9               0               0
          13.92               0               0
          13.94               0               0
          13.96               0               0
          13.98               0               0
             14               0               0
          14.02               0               0
          14.04               0               0
          14.06               0               0
          14.08               0               0
           14.1               0               0
          14.12               0               0
          14.14               0               0
          14.16               0               0
          14.18               0               0
           14.2               0               0
          14.22               0               0
          14.24               0               0
          14.26               0               0
          14.28               0               0
           14.3               0               0
          14.32               0               0
          14.34               0               0
          14.36               0               0
          14.38               0               0
           14.4               0               0
          14.42               0               0
          14.44               0               0
          14.46               0               0
          14.48               0               0
           14.5               0               0
          14.52               0               0
          14.54               0               0
          14.56               0               0
          14.58               0               0
           14.6               0               0
          14.62               0               0
          14.64               0               0
          14.66               0               0
          14.68               0               0
           14.7               0               0
          14.72               0               0
          14.74               0               0
          14.76               0               0
          14.78               0               0
           14.8               0               0
          14.82               0               0
          14.84               0               0
          14.86               0               0
          14.88               0               0
           14.9               0               0
          14.92               0               0
          14.94               0               0
          14.96               0               0
          14.98               0               0
             15               0               0
          15.02               0               0
          15.04               0               0
          15.06               0               0
          15.08               0               0
           15.1               0               0
          15.12               0               0
          15.14               0               0
          15.16               0               0
          15.18               0               0
           15.2               0               0
          15.22               0               0
          15.24               0               0
          15.26               0               0
          15.28               0               0
           15.3               0               0
          15.32               0               0
          15.34               0               0
          15.36               0               0
          15.38               0               0
           15.4               0               0
          15.42               0               0
          15.44               0               0
          15.46               0               0
          15.48               0               0
           15.5               0               0
          15.52               0               0
          15.54               0               0
          15.56               0               0
          15.58               0               0
           15.6               0               0
          15.62               0               0
          15.64               0               0
          15.66               0               0
          15.68               0               0
           15.7               0               0
          15.72               0               0
          15.74               0               0
          15.76               0               0
          15.78               0               0
           15.8               0               0
          15.82               0               0
          15.84               0               0
          15.86               0               0
          15.88               0               0
           15.9               0               0
          15.92               0               0
          15.94               0               0
          15.96               0               0
          15.98               0               0
             16               0               0
          16.02               0               0
          16.04               0               0
          16.06               0               0
          16.08               0               0
           16.1               0               0
          16.12               0               0
          16.14               0               0
          16.16               0               0
          16.18               0               0
           16.2               0               0
          16.22               0               0
          16.24               0               0
          16.26               0               0
          16.28               0               0
           16.3               0               0
          16.32               0               0
          16.34               0               0
          16.36               0               0
          16.38               0               0
           16.4               0               0
          16.42               0               0
          16.44               0               0
          16.46               0               0
          16.48               0               0
           16.5               0               0
          16.52               0               0
          16.54               0               0
          16.56               0               0
          16.58               0               0
           16.6               0               0
          16.62               0               0
          16.64               0               0
          16.66               0               0
          16.68               0               0
           16.7               0               0
          16.72               0               0
          16.74               0               0
          16.76               0               0
          16.78               0               0
           16.8               0               0
          16.82               0               0
          16.84               0               0
          16.86               0               0
          16.88               0               0
           16.9               0               0
          16.92               0               0
          16.94               0               0
          16.96               0               0
          16.98               0               0
             17               0               0
          17.02               0               0
          17.04               0               0
          17.06               0               0
          17.08               0               0
           17.1               0               0
          17.12               0               0
          17.14               0               0
          17.16               0               0
          17.18               0               0
           17.2               0               0
          17.22               0               0
          17.24               0               0
          17.26               0               0
          17.28               0               0
           17.3               0               0
          17.32               0               0
          17.34               0               0
          17.36               0               0
          17.38               0               0
           17.4               0               0
          17.42               0               0
          17.44               0               0
          17.46               0               0
          17.48               0               0
           17.5               0               0
          17.52               0               0
          17.54               0               0
          17.56               0               0
          17.58               0               0
           17.6               0               0
          17.62               0               0
          17.64               0               0
          17.66               0               0
          17.68               0               0
           17.7               0               0
          17.72               0               0
          17.74               0               0
          17.76               0               0
          17.78               0               0
           17.8               0               0
          17.82               0               0
          17.84               0               0
          17.86               0               0
          17.88               0               0
           17.9               0               0
          17.92               0               0
          17.94               0               0
          17.96               0               0
          17.98               0               0
             18               0               0
          18.02               0               0
          18.04               0               0
          18.06               0               0
          18.08               0               0
           18.1               0               0
          18.12               0               0
          18.14               0               0
          18.16               0               0
          18.18               0               0
           18.2               0               0
          18.22               0               0
          18.24               0               0
          18.26               0               0
          18.28               0               0
           18.3               0               0
          18.32               0               0
          18.34               0               0
          18.36               0               0
          18.38               0               0
           18.4               0               0
          18.42               0               0
          18.44               0               0
          18.46               0               0
          18.48               0               0
           18.5               0               0
          18.52               0               0
          18.54               0               0
          18.56               0               0
          18.58               0               0
           18.6               0               0
          18.62               0               0
          18.64               0               0
          18.66               0               0
          18.68               0               0
           18.7               0               0
          18.72               0               0
          18.74               0               0
          18.76               0               0
          18.78               0               0
           18.8               0               0
          18.82               0               0
          18.84               0               0
          18.86               0               0
          18.88               0               0
           18.9               0               0
          18.92               0               0
          18.94               0               0
          18.96               0               0
          18.98               0               0
             19               0               0
          19.02               0               0
          19.04               0               0
          19.06               0               0
          19.08               0               0
           19.1               0               0
          19.12               0               0
          19.14               0               0
          19.16               0               0
          19.18               0               0
           19.2               0               0
          19.22               0               0
          19.24               0               0
          19.26               0               0
          19.28               0               0
           19.3               0               0
          19.32               0               0
          19.34               0               0
          19.36               0               0
          19.38               0               0
           19.4               0               0
          19.42               0               0
          19.44               0               0
          19.46               0               0
          19.48               0               0
           19.5               0               0
          19.52               0               0
          19.54               0               0
          19.56               0               0
          19.58               0               0
           19.6               0               0
          19.62               0               0
          19.64               0               0
          19.66               0               0
          19.68               0               0
           19.7               0               0
          19.72               0               0
          19.74               0               0
          19.76               0               0
          19.78               0               0
           19.8               0               0
          19.82               0               0
          19.84               0               0
          19.86               0               0
          19.88               0               0
           19.9               0               0
          19.92               0               0
          19.94               0               0
          19.96               0               0
          19.98               0               0
             20               0               0
          20.02               0               0

Source_00  1000  20
              0               0               0
           0.02               0               0
           0.04               0               0
           0.06               0               0
           0.08               0               0
            0.1               0               0
           0.12               0               0
           0.14               0               0
           0.16               0               0
           0.18               0               0
            0.2               0               0
           0.22               0               0
           0.24               0               0
           0.26               0               0
           0.28               0               0
            0.3               0               0
           0.32               0               0
           0.34               0               0
           0.36               0               0
           0.38               0               0
            0.4               0               0
           0.42               0               0
           0.44               0               0
           0.46               0               0
           0.48               0               0
            0.5               0               0
           0.52               0               0
           0.54               0               0
           0.56               0               0
           0.58               0               0
            0.6               0               0
           0.62               0               0
           0.64               0               0
           0.66               0               0
           0.68               0               0
            0.7               0               0
           0.72               0               0
           0.74               0               0
           0.76               0               0
           0.78               0               0
            0.8               0               0
           0.82               0               0
           0.84               0               0
           0.86               0               0
           0.88               0               0
            0.9               0               0
           0.92               0               0
           0.94               0               0
           0.96               0               0
           0.98               0               0
              1               0               0
           1.02               0               0
           1.04               0               0
           1.06               0               0
           1.08               0               0
            1.1               0               0
           1.12               0               0
           1.14               0               0
           1.16               0               0
           1.18               0               0
            1.2               0               0
           1.22               0               0
           1.24               0               0
           1.26               0               0
           1.28               0               0
            1.3               0               0
           1.32               0               0
           1.34               0               0
           1.36               0               0
           1.38               0               0
            1.4               0               0
           1.42               0               0
           1.44               0               0
           1.46               0               0
           1.48               0               0
            1.5               0               0
           1.52               0               0
           1.54               0               0
           1.56               0               0
           1.58               0               0
            1.6               0               0
           1.62               0               0
           1.64               0               0
           1.66               0               0
           1.68               0               0
            1.7               0               0
           1.72               0               0
           1.74               0               0
           1.76               0               0
           1.78               0               0
            1.8               0               0
           1.82               0               0
           1.84               0               0
           1.86               0               0
           1.88               0               0
            1.9               0               0
           1.92               0               0
           1.94               0               0
           1.96               0               0
           1.98               0               0
              2               0               0
           2.02               0               0
           2.04               0               0
           2.06               0               0
           2.08               0               0
            2.1               0               0
           2.12               0               0
           2.14               0               0
           2.16               0               0
           2.18               0               0
            2.2               0               0
           2.22               0               0
           2.24               0               0
           2.26               0               0
           2.28               0               0
            2.3               0               0
           2.32               0               0
           2.34               0               0
           2.36               0               0
           2.38               0               0
            2.4               0               0
           2.42               0               0
           2.44               0               0
           2.46               0               0
           2.48               0               0
            2.5               0               0
           2.52               0               0
           2.54               0               0
           2.56               0               0
           2.58               0               0
            2.6               0               0
           2.62               0               0
           2.64               0               0
           2.66               0               0
           2.68               0               0
            2.7               0               0
           2.72               0               0
           2.74               0               0
           2.76               0               0
           2.78               0               0
            2.8               0               0
           2.82               0               0
           2.84               0               0
           2.86               0               0
           2.88               0               0
            2.9               0               0
           2.92               0               0
           2.94               0               0
           2.96               0               0
           2.98               0               0
              3               0               0
           3.02               0               0
           3.04               0               0
           3.06               0               0
           3.08               0               0
            3.1               0               0
           3.12               0               0
           3.14               0               0
           3.16               0               0
           3.18               0               0
            3.2               0               0
           3.22               0               0
           3.24               0               0
           3.26               0               0
           3.28               0               0
            3.3               0               0
           3.32               0               0
           3.34               0               0
           3.36               0               0
           3.38               0               0
            3.4               0               0
           3.42               0               0
           3.44               0               0
           3.46               0               0
           3.48               0               0
            3.5               0               0
           3.52               0               0
           3.54               0               0
           3.56               0               0
           3.58               0               0
            3.6               0               0
           3.62               0               0
           3.64               0               0
           3.66               0               0
           3.68               0               0
            3.7               0               0
           3.72               0               0
           3.74               0               0
           3.76               0               0
           3.78               0               0
            3.8               0               0
           3.82               0               0
           3.84               0               0
           3.86               0               0
           3.88               0               0
            3.9               0               0
           3.92               0               0
           3.94               0               0
           3.96               0               0
           3.98               0               0
              4               0               0
           4.02               0               0
           4.04               0               0
           4.06               0               0
           4.08               0               0
            4.1               0               0
           4.12               0               0
           4.14               0               0
           4.16               0               0
           4.18               0               0
            4.2               0               0
           4.22               0               0
           4.24               0               0
           4.26               0               0
           4.28               0               0
            4.3               0               0
           4.32               0               0
           4.34               0               0
           4.36               0               0
           4.38               0               0
            4.4               0               0
           4.42               0               0
           4.44               0               0
           4.46               0               0
           4.48               0               0
            4.5               0               0
           4.52               0               0
           4.54               0               0
           4.56               0               0
           4.58               0               0
            4.6               0               0
           4.62               0               0
           4.64               0               0
           4.66               0               0
           4.68               0               0
            4.7               0               0
           4.72               0               0
           4.74               0               0
           4.76               0               0
           4.78               0               0
            4.8               0               0
           4.82               0               0
           4.84               0               0
           4.86               0               0
           4.88               0               0
            4.9               0               0
           4.92               0               0
           4.94               0               0
           4.96               0               0
           4.98               0               0
              5               0               0
           5.02               0               0
           5.04               0               0
           5.06               0               0
           5.08               0               0
            5.1               0               0
           5.12               0               0
           5.14               0               0
           5.16               0               0
           5.18               0               0
            5.2               0               0
           5.22               0               0
           5.24               0               0
           5.26               0               0
           5.28               0               0
            5.3               0               0
           5.32               0               0
           5.34               0               0
           5.36               0               0
           5.38               0               0
            5.4               0               0
           5.42               0               0
           5.44               0               0
           5.46               0               0
           5.48               0               0
            5.5               0               0
           5.52               0               0
           5.54               0               0
           5.56               0               0
           5.58               0               0
            5.6               0               0
           5.62               0               0
           5.64               0               0
           5.66               0               0
           5.68               0               0
            5.7               0               0
           5.72               0               0
           5.74               0               0
           5.76               0               0
           5.78               0               0
            5.8               0               0
           5.82               0               0
           5.84               0               0
           5.86               0               0
           5.88               0               0
            5.9               0               0
           5.92               0               0
           5.94               0               0
           5.96               0               0
           5.98               0               0
              6               0               0
           6.02               0               0
           6.04               0               0
           6.06               0               0
           6.08               0               0
            6.1               0               0
           6.12               0               0
           6.14               0               0
           6.16               0               0
           6.18               0               0
            6.2               0               0
           6.22               0               0
           6.24               0               0
           6.26               0               0
           6.28               0               0
            6.3               0               0
           6.32               0               0
           6.34               0               0
           6.36               0               0
           6.38               0               0
            6.4               0               0
           6.42               0               0
           6.44               0               0
           6.46               0               0
           6.48               0               0
            6.5               0               0
           6.52               0               0
           6.54               0               0
           6.56               0               0
           6.58               0               0
            6.6               0               0
           6.62               0               0
           6.64               0               0
           6.66               0               0
           6.68               0               0
            6.7               0               0
           6.72               0               0
           6.74               0               0
           6.76               0               0
           6.78               0               0
            6.8               0               0
           6.82               0               0
           6.84               0               0
           6.86               0               0
           6.88               0               0
            6.9               0               0
           6.92               0               0
           6.94               0               0
           6.96               0               0
           6.98               0               0
              7               0               0
           7.02               0               0
           7.04               0               0
           7.06               0               0
           7.08               0               0
            7.1               0               0
           7.12               0               0
           7.14               0               0
           7.16               0               0
           7.18               0               0
            7.2               0               0
           7.22               0               0
           7.24               0               0
           7.26               0               0
           7.28               0               0
            7.3               0               0
           7.32               0               0
           7.34               0               0
           7.36               0               0
           7.38               0               0
            7.4               0               0
           7.42               0               0
           7.44               0               0
           7.46               0               0
           7.48               0               0
            7.5               0               0
           7.52               0               0
           7.54               0               0
           7.56               0               0
           7.58               0               0
            7.6               0               0
           7.62               0               0
           7.64               0               0
           7.66               0               0
           7.68               0               0
            7.7               0               0
           7.72               0               0
           7.74               0               0
           7.76               0               0
           7.78               0               0
            7.8               0               0
           7.82               0               0
           7.84               0               0
           7.86               0               0
           7.88               0               0
            7.9               0               0
           7.92               0               0
           7.94               0               0
           7.96               0               0
           7.98               0               0
              8               0               0
           8.02               0               0
           8.04               0               0
           8.06               0               0
           8.08               0               0
            8.1               0               0
           8.12               0               0
           8.14               0               0
           8.16               0               0
           8.18               0               0
            8.2               0               0
           8.22               0               0
           8.24               0               0
           8.26               0               0
           8.28               0               0
            8.3               0               0
           8.32               0               0
           8.34               0               0
           8.36               0               0
           8.38               0               0
            8.4               0               0
           8.42               0               0
           8.44               0               0
           8.46               0               0
           8.48               0               0
            8.5               0               0
           8.52               0               0
           8.54               0               0
           8.56               0               0
           8.58               0               0
            8.6               0               0
           8.62               0               0
           8.64               0               0
           8.66               0               0
           8.68               0               0
            8.7               0               0
           8.72               0               0
           8.74               0               0
           8.76               0               0
           8.78               0               0
            8.8               0               0
           8.82               0               0
           8.84               0               0
           8.86               0               0
           8.88               0               0
            8.9               0               0
           8.92               0               0
           8.94               0               0
           8.96               0               0
           8.98               0               0
              9               0               0
           9.02               0               0
           9.04               0               0
           9.06               0               0
           9.08               0               0
            9.1               0               0
           9.12               0               0
           9.14               0               0
           9.16               0               0
           9.18               0               0
            9.2               0               0
           9.22               0               0
           9.24               0               0
           9.26               0               0
           9.28               0               0
            9.3               0               0
           9.32               0               0
           9.34               0               0
           9.36               0               0
           9.38               0               0
            9.4               0               0
           9.42               0               0
           9.44               0               0
           9.46               0               0
           9.48               0               0
            9.5               0               0
           9.52               0               0
           9.54               0               0
           9.56               0               0
           9.58               0               0
            9.6               0               0
           9.62               0               0
           9.64               0               0
           9.66               0               0
           9.68               0               0
            9.7               0               0
           9.72               0               0
           9.74               0               0
           9.76               0               0
           9.78               0               0
            9.8               0               0
           9.82               0               0
           9.84               0               0
           9.86               0               0
           9.88               0               0
            9.9               0               0
           9.92               0               0
           9.94               0               0
           9.96               0               0
           9.98               0               0
             10               0               0
          10.02               1     0.000316228
          10.04               0               0
          10.06               0               0
          10.08               0               0
           10.1               0               0
          10.12               0               0
          10.14               0               0
          10.16               0               0
          10.18               0               0
           10.2               0               0
          10.22               0               0
          10.24               0               0
          10.26               0               0
          10.28               0               0
           10.3               0               0
          10.32               0               0
          10.34               0               0
          10.36               0               0
          10.38               0               0
           10.4               0               0
          10.42               0               0
          10.44               0               0
          10.46               0               0
          10.48               0               0
           10.5               0               0
          10.52               0               0
          10.54               0               0
          10.56               0               0
          10.58               0               0
           10.6               0               0
          10.62               0               0
          10.64               0               0
          10.66               0               0
          10.68               0               0
           10.7               0               0
          10.72               0               0
          10.74               0               0
          10.76               0               0
          10.78               0               0
           10.8               0               0
          10.82               0               0
          10.84               0               0
          10.86               0               0
          10.88               0               0
           10.9               0               0
          10.92               0               0
          10.94               0               0
          10.96               0               0
          10.98               0               0
             11               0               0
          11.02               0               0
          11.04               0               0
          11.06               0               0
          11.08               0               0
           11.1               0               0
          11.12               0               0
          11.14               0               0
          11.16               0               0
          11.18               0               0
           11.2               0               0
          11.22               0               0
          11.24               0               0
          11.26               0               0
          11.28               0               0
           11.3               0               0
          11.32               0               0
          11.34               0               0
          11.36               0               0
          11.38               0               0
           11.4               0               0
          11.42               0               0
          11.44               0               0
          11.46               0               0
          11.48               0               0
           11.5               0               0
          11.52               0               0
          11.54               0               0
          11.56               0               0
          11.58               0               0
           11.6               0               0
          11.62               0               0
          11.64               0               0
          11.66               0               0
          11.68               0               0
           11.7               0               0
          11.72               0               0
          11.74               0               0
          11.76               0               0
          11.78               0               0
           11.8               0               0
          11.82               0               0
          11.84               0               0
          11.86               0               0
          11.88               0               0
           11.9               0               0
          11.92               0               0
          11.94               0               0
          11.96               0               0
          11.98               0               0
             12               0               0
          12.02               0               0
          12.04               0               0
          12.06               0               0
          12.08               0               0
           12.1               0               0
          12.12               0               0
          12.14               0               0
          12.16               0               0
          12.18               0               0
           12.2               0               0
          12.22               0               0
          12.24               0               0
          12.26               0               0
          12.28               0               0
           12.3               0               0
          12.32               0               0
          12.34               0               0
          12.36               0               0
          12.38               0               0
           12.4               0               0
          12.42               0               0
          12.44               0               0
          12.46               0               0
          12.48               0               0
           12.5               0               0
          12.52               0               0
          12.54               0               0
          12.56               0               0
          12.58               0               0
           12.6               0               0
          12.62               0               0
          12.64               0               0
          12.66               0               0
          12.68               0               0
           12.7               0               0
          12.72               0               0
          12.74               0               0
          12.76               0               0
          12.78               0               0
           12.8               0               0
          12.82               0               0
          12.84               0               0
          12.86               0               0
          12.88               0               0
           12.9               0               0
          12.92               0               0
          12.94               0               0
          12.96               0               0
          12.98               0               0
             13               0               0
          13.02               0               0
          13.04               0               0
          13.06               0               0
          13.08               0               0
           13.1               0               0
          13.12               0               0
          13.14               0               0
          13.16               0               0
          13.18               0               0
           13.2               0               0
          13.22               0               0
          13.24               0               0
          13.26               0               0
          13.28               0               0
           13.3               0               0
          13.32               0               0
          13.34               0               0
          13.36               0               0
          13.38               0               0
           13.4               0               0
          13.42               0               0
          13.44               0               0
          13.46               0               0
          13.48               0               0
           13.5               0               0
          13.52               0               0
          13.54               0               0
          13.56               0               0
          13.58               0               0
           13.6               0               0
          13.62               0               0
          13.64               0               0
          13.66               0               0
          13.68               0               0
           13.7               0               0
          13.72               0               0
          13.74               0               0
          13.76               0               0
          13.78               0               0
           13.8               0               0
          13.82               0               0
          13.84               0               0
          13.86               0               0
          13.88               0               0
           13.9               0               0
          13.92               0               0
          13.94               0               0
          13.96               0               0
          13.98               0               0
             14               0               0
          14.02               0               0
          14.04               0               0
          14.06               0               0
          14.08               0               0
           14.1               0               0
          14.12               0               0
          14.14               0               0
          14.16               0               0
          14.18               0               0
           14.2               0               0
          14.22               0               0
          14.24               0               0
          14.26               0               0
          14.28               0               0
           14.3               0               0
          14.32               0               0
          14.34               0               0
          14.36               0               0
          14.38               0               0
           14.4               0               0
          14.42               0               0
          14.44               0               0
          14.46               0               0
          14.48               0               0
           14.5               0               0
          14.52               0               0
          14.54               0               0
          14.56               0               0
          14.58               0               0
           14.6               0               0
          14.62               0               0
          14.64               0               0
          14.66               0               0
          14.68               0               0
           14.7               0               0
          14.72               0               0
          14.74               0               0
          14.76               0               0
          14.78               0               0
           14.8               0               0
          14.82               0               0
          14.84               0               0
          14.86               0               0
          14.88               0               0
           14.9               0               0
          14.92               0               0
          14.94               0               0
          14.96               0               0
          14.98               0               0
             15               0               0
          15.02               0               0
          15.04               0               0
          15.06               0               0
          15.08               0               0
           15.1               0               0
          15.12               0               0
          15.14               0               0
          15.16               0               0
          15.18               0               0
           15.2               0               0
          15.22               0               0
          15.24               0               0
          15.26               0               0
          15.28               0               0
           15.3               0               0
          15.32               0               0
          15.34               0               0
          15.36               0               0
          15.38               0               0
           15.4               0               0
          15.42               0               0
          15.44               0               0
          15.46               0               0
          15.48               0               0
           15.5               0               0
          15.52               0               0
          15.54               0               0
          15.56               0               0
          15.58               0               0
           15.6               0               0
          15.62               0               0
          15.64               0               0
          15.66               0               0
          15.68               0               0
           15.7               0               0
          15.72               0               0
          15.74               0               0
          15.76               0               0
          15.78               0               0
           15.8               0               0
          15.82               0               0
          15.84               0               0
          15.86               0               0
          15.88               0               0
           15.9               0               0
          15.92               0               0
          15.94               0               0
          15.96               0               0
          15.98               0               0
             16               0               0
          16.02               0               0
          16.04               0               0
          16.06               0               0
          16.08               0               0
           16.1               0               0
          16.12               0               0
          16.14               0               0
          16.16               0               0
          16.18               0               0
           16.2               0               0
          16.22               0               0
          16.24               0               0
          16.26               0               0
          16.28               0               0
           16.3               0               0
          16.32               0               0
          16.34               0               0
          16.36               0               0
          16.38               0               0
           16.4               0               0
          16.42               0               0
          16.44               0               0
          16.46               0               0
          16.48               0               0
           16.5               0               0
          16.52               0               0
          16.54               0               0
          16.56               0               0
          16.58               0               0
           16.6               0               0
          16.62               0               0
          16.64               0               0
          16.66               0               0
          16.68               0               0
           16.7               0               0
          16.72               0               0
          16.74               0               0
          16.76               0               0
          16.78               0               0
           16.8               0               0
          16.82               0               0
          16.84               0               0
          16.86               0               0
          16.88               0               0
           16.9               0               0
          16.92               0               0
          16.94               0               0
          16.96               0               0
          16.98               0               0
             17               0               0
          17.02               0               0
          17.04               0               0
          17.06               0               0
          17.08               0               0
           17.1               0               0
          17.12               0               0
          17.14               0               0
          17.16               0               0
          17.18               0               0
           17.2               0               0
          17.22               0               0
          17.24               0               0
          17.26               0               0
          17.28               0               0
           17.3               0               0
          17.32               0               0
          17.34               0               0
          17.36               0               0
          17.38               0               0
           17.4               0               0
          17.42               0               0
          17.44               0               0
          17.46               0               0
          17.48               0               0
           17.5               0               0
          17.52               0               0
          17.54               0               0
          17.56               0               0
          17.58               0               0
           17.6               0               0
          17.62               0               0
          17.64               0               0
          17.66               0               0
          17.68               0               0
           17.7               0               0
          17.72               0               0
          17.74               0               0
          17.76               0               0
          17.78               0               0
           17.8               0               0
          17.82               0               0
          17.84               0               0
          17.86               0               0
          17.88               0               0
           17.9               0               0
          17.92               0               0
          17.94               0               0
          17.96               0               0
          17.98               0               0
             18               0               0
          18.02               0               0
          18.04               0               0
          18.06               0               0
          18.08               0               0
           18.1               0               0
          18.12               0               0
          18.14               0               0
          18.16               0               0
          18.18               0               0
           18.2               0               0
          18.22               0               0
          18.24               0               0
          18.26               0               0
          18.28               0               0
           18.3               0               0
          18.32               0               0
          18.34               0               0
          18.36               0               0
          18.38               0               0
           18.4               0               0
          18.42               0               0
          18.44               0               0
          18.46               0               0
          18.48               0               0
           18.5               0               0
          18.52               0               0
          18.54               0               0
          18.56               0               0
          18.58               0               0
           18.6               0               0
          18.62               0               0
          18.64               0               0
          18.66               0               0
          18.68               0               0
           18.7               0               0
          18.72               0               0
          18.74               0               0
          18.76               0               0
          18.78               0               0
           18.8               0               0
          18.82               0               0
          18.84               0               0
          18.86               0               0
          18.88               0               0
           18.9               0               0
          18.92               0               0
          18.94               0               0
          18.96               0               0
          18.98               0               0
             19               0               0
          19.02               0               0
          19.04               0               0
          19.06               0               0
          19.08               0               0
           19.1               0               0
          19.12               0               0
          19.14               0               0
          19.16               0               0
          19.18               0               0
           19.2               0               0
          19.22               0               0
          19.24               0               0
          19.26               0               0
          19.28               0               0
           19.3               0               0
          19.32               0               0
          19.34               0               0
          19.36               0               0
          19.38               0               0
           19.4               0               0
          19.42               0               0
          19.44               0               0
          19.46               0               0
          19.48               0               0
           19.5               0               0
          19.52               0               0
          19.54               0               0
          19.56               0               0
          19.58               0               0
           19.6               0               0
          19.62               0               0
          19.64               0               0
          19.66               0               0
          19.68               0               0
           19.7               0               0
          19.72               0               0
          19.74               0               0
          19.76               0               0
          19.78               0               0
           19.8               0               0
          19.82               0               0
          19.84               0               0
          19.86               0               0
          19.88               0               0
           19.9               0               0
          19.92               0               0
          19.94               0               0
          19.96               0               0
          19.98               0               0
             20               0               0
          20.02               0               0

