NSpec_Sample  1000  20
              0     2.33585e-05     4.86487e-08
           0.02      1.3312e-07     3.68097e-09
           0.04     2.26311e-07     4.80018e-09
           0.06     2.73908e-07     5.27943e-09
           0.08       3.297e-07     5.79161e-09
            0.1     3.46977e-07     5.94127e-09
           0.12      3.8354e-07     6.24518e-09
           0.14      4.0981e-07      6.4558e-09
           0.16     4.11144e-07     6.46638e-09
           0.18     4.22923e-07     6.55742e-09
            0.2     4.28091e-07     6.59646e-09
           0.22     4.36298e-07     6.65919e-09
           0.24     4.41566e-07     6.69991e-09
           0.26     4.57963e-07     6.82188e-09
           0.28     4.65729e-07     6.87905e-09
            0.3     4.65135e-07     6.87477e-09
           0.32     4.54727e-07     6.79631e-09
           0.34     4.71162e-07      6.9179e-09
           0.36     4.56805e-07     6.81142e-09
           0.38     4.59276e-07     6.82931e-09
            0.4     4.52335e-07     6.77571e-09
           0.42     4.48917e-07      6.7503e-09
           0.44     4.31462e-07      6.6178e-09
           0.46     4.41191e-07     6.69187e-09
           0.48     4.27687e-07     6.58704e-09
            0.5     4.10581e-07     6.45267e-09
           0.52     4.03223e-07     6.39495e-09
           0.54     4.06627e-07     6.42152e-09
           0.56     4.05509e-07     6.41267e-09
           0.58     3.84828e-07     6.24622e-09
            0.6     3.70744e-07     6.13007e-09
           0.62     3.63998e-07     6.07357e-09
           0.64     3.65868e-07     6.08869e-09
           0.66       3.495e-07     5.95046e-09
           0.68     3.50117e-07     5.95665e-09
            0.7      3.3799e-07     5.85111e-09
           0.72     3.20753e-07     5.70071e-09
           0.74     3.29409e-07     5.77571e-09
           0.76     3.10419e-07     5.60627e-09
           0.78     3.01052e-07     5.52148e-09
            0.8     2.98914e-07     5.50079e-09
           0.82     2.88925e-07     5.40747e-09
           0.84     2.86182e-07     5.38163e-09
           0.86     2.77426e-07     5.29815e-09
           0.88     2.64139e-07     5.16939e-09
            0.9     2.62711e-07     5.15428e-09
           0.92     2.42808e-07     4.95539e-09
           0.94     2.47615e-07     5.00371e-09
           0.96     2.33529e-07     4.86002e-09
           0.98       2.264e-07     4.78475e-09
              1     2.30662e-07     4.82868e-09
           1.02      2.0676e-07     4.57223e-09
           1.04     2.10907e-07     4.61678e-09
           1.06     1.99398e-07     4.48802e-09
           1.08     1.96148e-07     4.45225e-09
            1.1     1.90328e-07     4.38502e-09
           1.12     1.81536e-07     4.28249e-09
           1.14     1.76251e-07     4.21931e-09
           1.16     1.66765e-07     4.10431e-09
           1.18     1.60887e-07     4.03107e-09
            1.2     1.62449e-07     4.04991e-09
           1.22     1.51628e-07     3.91247e-09
           1.24     1.48187e-07     3.86772e-09
           1.26     1.43449e-07     3.80546e-09
           1.28     1.33691e-07     3.67282e-09
            1.3     1.35571e-07     3.69943e-09
           1.32     1.24324e-07     3.54206e-09
           1.34     1.22927e-07     3.52233e-09
           1.36     1.11765e-07      3.3577e-09
           1.38     1.14371e-07     3.39638e-09
            1.4     1.05231e-07     3.25841e-09
           1.42     1.05571e-07     3.26271e-09
           1.44     1.03577e-07     3.23209e-09
           1.46      9.3778e-08     3.07514e-09
           1.48     9.41255e-08     3.07992e-09
            1.5     8.60254e-08     2.94549e-09
           1.52     7.92389e-08     2.82639e-09
           1.54      7.9322e-08     2.82756e-09
           1.56     7.78069e-08     2.80036e-09
           1.58     6.89418e-08     2.63609e-09
            1.6     6.95394e-08     2.64735e-09
           1.62     7.14382e-08     2.68295e-09
           1.64     6.32612e-08     2.52442e-09
           1.66     6.59842e-08     2.57824e-09
           1.68     5.59023e-08     2.37294e-09
            1.7     5.78199e-08     2.41338e-09
           1.72     5.44697e-08     2.34186e-09
           1.74     5.43582e-08     2.33923e-09
           1.76     5.17483e-08     2.28254e-09
           1.78     4.75286e-08      2.1877e-09
            1.8     4.71086e-08     2.17762e-09
           1.82     4.48804e-08     2.12517e-09
           1.84     4.37816e-08     2.09918e-09
           1.86     4.11582e-08     2.03516e-09
           1.88     3.73433e-08     1.93879e-09
            1.9     3.76239e-08      1.9455e-09
           1.92     3.47087e-08     1.86867e-09
           1.94     3.62051e-08     1.90819e-09
           1.96     3.18842e-08     1.79081e-09
           1.98     3.21648e-08     1.79808e-09
              2     2.95625e-08     1.72413e-09
           2.02     2.65401e-08     1.63344e-09
           2.04     2.55392e-08     1.60248e-09
           2.06     2.56296e-08       1.605e-09
           2.08     2.59282e-08     1.61423e-09
            2.1     2.26206e-08     1.50805e-09
           2.12      1.9793e-08      1.4102e-09
           2.14     1.95005e-08     1.40006e-09
           2.16      1.8287e-08     1.35553e-09
           2.18     1.85911e-08     1.36685e-09
            2.2       1.668e-08     1.29463e-09
           2.22     1.93824e-08     1.39518e-09
           2.24     1.70896e-08     1.31072e-09
           2.26     1.50647e-08     1.23003e-09
           2.28     1.41635e-08     1.19279e-09
            2.3     1.15524e-08     1.07727e-09
           2.32     1.24477e-08     1.11784e-09
           2.34     1.10463e-08     1.05323e-09
           2.36     1.17499e-08     1.08628e-09
           2.38     8.43133e-09     9.19937e-10
            2.4     9.13482e-09     9.57593e-10
           2.42     1.07407e-08     1.03835e-09
           2.44     8.23223e-09     9.09101e-10
           2.46     7.32637e-09      8.5749e-10
           2.48     7.42462e-09     8.63097e-10
            2.5     6.72863e-09     8.22038e-10
           2.52     6.42054e-09     8.02569e-10
           2.54     7.02136e-09     8.39214e-10
           2.56     5.41783e-09     7.37275e-10
           2.58     5.41621e-09     7.37054e-10
            2.6      5.3145e-09     7.30004e-10
           2.62     4.61543e-09      6.8051e-10
           2.64     3.41016e-09     5.84839e-10
           2.66     4.41487e-09     6.65568e-10
           2.68     3.30851e-09     5.75938e-10
            2.7     3.90877e-09     6.25905e-10
           2.72     4.01381e-09     6.34641e-10
           2.74     3.10741e-09     5.58109e-10
           2.76      2.5061e-09      5.0122e-10
           2.78     2.60836e-09     5.11543e-10
            2.8     2.00534e-09      4.4841e-10
           2.82     1.90454e-09     4.36933e-10
           2.84     1.80459e-09     4.25348e-10
           2.86     1.60355e-09     4.00887e-10
           2.88     1.70395e-09     4.13268e-10
            2.9     1.00187e-09      3.1682e-10
           2.92     1.70442e-09     4.13382e-10
           2.94     8.02146e-10     2.83602e-10
           2.96     1.30232e-09     3.61199e-10
           2.98     1.00152e-09     3.16709e-10
              3     8.01195e-10     2.83265e-10
           3.02     1.10243e-09     3.32397e-10
           3.04     6.01178e-10     2.45431e-10
           3.06     9.01455e-10     3.00485e-10
           3.08     7.02827e-10     2.65645e-10
            3.1     7.00944e-10     2.64932e-10
           3.12     4.00651e-10     2.00326e-10
           3.14     2.00217e-10     1.41575e-10
           3.16     3.00279e-10     1.73366e-10
           3.18     1.00042e-10     1.00042e-10
            3.2     2.00164e-10     1.41538e-10
           3.22     2.00253e-10       1.416e-10
           3.24     2.00489e-10     1.41767e-10
           3.26     2.00903e-10     1.42061e-10
           3.28               0               0
            3.3               0               0
           3.32     1.00076e-10     1.00076e-10
           3.34               0               0
           3.36               0               0
           3.38               0               0
            3.4     4.00499e-10      2.0025e-10
           3.42               0               0
           3.44      1.0052e-10      1.0052e-10
           3.46               0               0
           3.48               0               0
            3.5               0               0
           3.52               0               0
           3.54               0               0
           3.56               0               0
           3.58     1.00503e-10     1.00503e-10
            3.6               0               0
           3.62               0               0
           3.64               0               0
           3.66               0               0
           3.68               0               0
            3.7               0               0
           3.72     1.00066e-10     1.00066e-10
           3.74               0               0
           3.76               0               0
           3.78               0               0
            3.8               0               0
           3.82               0               0
           3.84               0               0
           3.86               0               0
           3.88               0               0
            3.9               0               0
           3.92               0               0
           3.94               0               0
           3.96               0               0
           3.98               0               0
              4               0               0
           4.02               0               0
           4.04               0               0
           4.06               0               0
           4.08               0               0
            4.1               0               0
           4.12               0               0
           4.14               0               0
           4.16               0               0
           4.18               0               0
            4.2               0               0
           4.22               0               0
           4.24               0               0
           4.26               0               0
           4.28               0               0
            4.3               0               0
           4.32               0               0
           4.34               0               0
           4.36               0               0
           4.38               0               0
            4.4               0               0
           4.42               0               0
           4.44               0               0
           4.46               0               0
           4.48               0               0
            4.5               0               0
           4.52               0               0
           4.54               0               0
           4.56               0               0
           4.58               0               0
            4.6               0               0
           4.62               0               0
           4.64               0               0
           4.66               0               0
           4.68               0               0
            4.7               0               0
           4.72               0               0
           4.74               0               0
           4.76               0               0
           4.78               0               0
            4.8               0               0
           4.82               0               0
           4.84               0               0
           4.86               0               0
           4.88               0               0
            4.9               0               0
           4.92               0               0
           4.94               0               0
           4.96               0               0
           4.98               0               0
              5               0               0
           5.02               0               0
           5.04               0               0
           5.06               0               0
           5.08               0               0
            5.1               0               0
           5.12               0               0
           5.14               0               0
           5.16               0               0
           5.18               0               0
            5.2               0               0
           5.22               0               0
           5.24               0               0
           5.26               0               0
           5.28               0               0
            5.3               0               0
           5.32               0               0
           5.34               0               0
           5.36               0               0
           5.38               0               0
            5.4               0               0
           5.42               0               0
           5.44               0               0
           5.46               0               0
           5.48               0               0
            5.5               0               0
           5.52               0               0
           5.54               0               0
           5.56               0               0
           5.58               0               0
            5.6               0               0
           5.62               0               0
           5.64               0               0
           5.66               0               0
           5.68               0               0
            5.7               0               0
           5.72               0               0
           5.74               0               0
           5.76               0               0
           5.78               0               0
            5.8               0               0
           5.82               0               0
           5.84               0               0
           5.86               0               0
           5.88               0               0
            5.9               0               0
           5.92               0               0
           5.94               0               0
           5.96               0               0
           5.98               0               0
              6               0               0
           6.02               0               0
           6.04               0               0
           6.06               0               0
           6.08               0               0
            6.1               0               0
           6.12               0               0
           6.14               0               0
           6.16               0               0
           6.18               0               0
            6.2               0               0
           6.22               0               0
           6.24               0               0
           6.26               0               0
           6.28               0               0
            6.3               0               0
           6.32               0               0
           6.34               0               0
           6.36               0               0
           6.38               0               0
            6.4               0               0
           6.42               0               0
           6.44               0               0
           6.46               0               0
           6.48               0               0
            6.5               0               0
           6.52               0               0
           6.54               0               0
           6.56               0               0
           6.58               0               0
            6.6               0               0
           6.62               0               0
           6.64               0               0
           6.66               0               0
           6.68               0               0
            6.7               0               0
           6.72               0               0
           6.74               0               0
           6.76               0               0
           6.78               0               0
            6.8               0               0
           6.82               0               0
           6.84               0               0
           6.86               0               0
           6.88               0               0
            6.9               0               0
           6.92               0               0
           6.94               0               0
           6.96               0               0
           6.98               0               0
              7               0               0
           7.02               0               0
           7.04               0               0
           7.06               0               0
           7.08               0               0
            7.1               0               0
           7.12               0               0
           7.14               0               0
           7.16               0               0
           7.18               0               0
            7.2               0               0
           7.22               0               0
           7.24               0               0
           7.26               0               0
           7.28               0               0
            7.3               0               0
           7.32               0               0
           7.34               0               0
           7.36               0               0
           7.38               0               0
            7.4               0               0
           7.42               0               0
           7.44               0               0
           7.46               0               0
           7.48               0               0
            7.5               0               0
           7.52               0               0
           7.54               0               0
           7.56               0               0
           7.58               0               0
            7.6               0               0
           7.62               0               0
           7.64               0               0
           7.66               0               0
           7.68               0               0
            7.7               0               0
           7.72               0               0
           7.74               0               0
           7.76               0               0
           7.78               0               0
            7.8               0               0
           7.82               0               0
           7.84               0               0
           7.86               0               0
           7.88               0               0
            7.9               0               0
           7.92               0               0
           7.94               0               0
           7.96               0               0
           7.98               0               0
              8               0               0
           8.02               0               0
           8.04               0               0
           8.06               0               0
           8.08               0               0
            8.1               0               0
           8.12               0               0
           8.14               0               0
           8.16               0               0
           8.18               0               0
            8.2               0               0
           8.22               0               0
           8.24               0               0
           8.26               0               0
           8.28               0               0
            8.3               0               0
           8.32               0               0
           8.34               0               0
           8.36               0               0
           8.38               0               0
            8.4               0               0
           8.42               0               0
           8.44               0               0
           8.46               0               0
           8.48               0               0
            8.5               0               0
           8.52               0               0
           8.54               0               0
           8.56               0               0
           8.58               0               0
            8.6               0               0
           8.62               0               0
           8.64               0               0
           8.66               0               0
           8.68               0               0
            8.7               0               0
           8.72               0               0
           8.74               0               0
           8.76               0               0
           8.78               0               0
            8.8               0               0
           8.82               0               0
           8.84               0               0
           8.86               0               0
           8.88               0               0
            8.9               0               0
           8.92               0               0
           8.94               0               0
           8.96               0               0
           8.98               0               0
              9               0               0
           9.02               0               0
           9.04               0               0
           9.06               0               0
           9.08               0               0
            9.1               0               0
           9.12               0               0
           9.14               0               0
           9.16               0               0
           9.18               0               0
            9.2               0               0
           9.22               0               0
           9.24               0               0
           9.26               0               0
           9.28               0               0
            9.3               0               0
           9.32               0               0
           9.34               0               0
           9.36               0               0
           9.38               0               0
            9.4               0               0
           9.42               0               0
           9.44               0               0
           9.46               0               0
           9.48               0               0
            9.5               0               0
           9.52               0               0
           9.54               0               0
           9.56               0               0
           9.58               0               0
            9.6               0               0
           9.62               0               0
           9.64               0               0
           9.66               0               0
           9.68               0               0
            9.7               0               0
           9.72               0               0
           9.74               0               0
           9.76               0               0
           9.78               0               0
            9.8               0               0
           9.82               0               0
           9.84               0               0
           9.86               0               0
           9.88               0               0
            9.9               0               0
           9.92               0               0
           9.94               0               0
           9.96               0               0
           9.98               0               0
             10               0               0
          10.02               0               0
          10.04               0               0
          10.06               0               0
          10.08               0               0
           10.1               0               0
          10.12               0               0
          10.14               0               0
          10.16               0               0
          10.18               0               0
           10.2               0               0
          10.22               0               0
          10.24               0               0
          10.26               0               0
          10.28               0               0
           10.3               0               0
          10.32               0               0
          10.34               0               0
          10.36               0               0
          10.38               0               0
           10.4               0               0
          10.42               0               0
          10.44               0               0
          10.46               0               0
          10.48               0               0
           10.5               0               0
          10.52               0               0
          10.54               0               0
          10.56               0               0
          10.58               0               0
           10.6               0               0
          10.62               0               0
          10.64               0               0
          10.66               0               0
          10.68               0               0
           10.7               0               0
          10.72               0               0
          10.74               0               0
          10.76               0               0
          10.78               0               0
           10.8               0               0
          10.82               0               0
          10.84               0               0
          10.86               0               0
          10.88               0               0
           10.9               0               0
          10.92               0               0
          10.94               0               0
          10.96               0               0
          10.98               0               0
             11               0               0
          11.02               0               0
          11.04               0               0
          11.06               0               0
          11.08               0               0
           11.1               0               0
          11.12               0               0
          11.14               0               0
          11.16               0               0
          11.18               0               0
           11.2               0               0
          11.22               0               0
          11.24               0               0
          11.26               0               0
          11.28               0               0
           11.3               0               0
          11.32               0               0
          11.34               0               0
          11.36               0               0
          11.38               0               0
           11.4               0               0
          11.42               0               0
          11.44               0               0
          11.46               0               0
          11.48               0               0
           11.5               0               0
          11.52               0               0
          11.54               0               0
          11.56               0               0
          11.58               0               0
           11.6               0               0
          11.62               0               0
          11.64               0               0
          11.66               0               0
          11.68               0               0
           11.7               0               0
          11.72               0               0
          11.74               0               0
          11.76               0               0
          11.78               0               0
           11.8               0               0
          11.82               0               0
          11.84               0               0
          11.86               0               0
          11.88               0               0
           11.9               0               0
          11.92               0               0
          11.94               0               0
          11.96               0               0
          11.98               0               0
             12               0               0
          12.02               0               0
          12.04               0               0
          12.06               0               0
          12.08               0               0
           12.1               0               0
          12.12               0               0
          12.14               0               0
          12.16               0               0
          12.18               0               0
           12.2               0               0
          12.22               0               0
          12.24               0               0
          12.26               0               0
          12.28               0               0
           12.3               0               0
          12.32               0               0
          12.34               0               0
          12.36               0               0
          12.38               0               0
           12.4               0               0
          12.42               0               0
          12.44               0               0
          12.46               0               0
          12.48               0               0
           12.5               0               0
          12.52               0               0
          12.54               0               0
          12.56               0               0
          12.58               0               0
           12.6               0               0
          12.62               0               0
          12.64               0               0
          12.66               0               0
          12.68               0               0
           12.7               0               0
          12.72               0               0
          12.74               0               0
          12.76               0               0
          12.78               0               0
           12.8               0               0
          12.82               0               0
          12.84               0               0
          12.86               0               0
          12.88               0               0
           12.9               0               0
          12.92               0               0
          12.94               0               0
          12.96               0               0
          12.98               0               0
             13               0               0
          13.02               0               0
          13.04               0               0
          13.06               0               0
          13.08               0               0
           13.1               0               0
          13.12               0               0
          13.14               0               0
          13.16               0               0
          13.18               0               0
           13.2               0               0
          13.22               0               0
          13.24               0               0
          13.26               0               0
          13.28               0               0
           13.3               0               0
          13.32               0               0
          13.34               0               0
          13.36               0               0
          13.38               0               0
           13.4               0               0
          13.42               0               0
          13.44               0               0
          13.46               0               0
          13.48               0               0
           13.5               0               0
          13.52               0               0
          13.54               0               0
          13.56               0               0
          13.58               0               0
           13.6               0               0
          13.62               0               0
          13.64               0               0
          13.66               0               0
          13.68               0               0
           13.7               0               0
          13.72               0               0
          13.74               0               0
          13.76               0               0
          13.78               0               0
           13.8               0               0
          13.82               0               0
          13.84               0               0
          13.86               0               0
          13.88               0               0
           13.9               0               0
          13.92               0               0
          13.94               0               0
          13.96               0               0
          13.98               0               0
             14               0               0
          14.02               0               0
          14.04               0               0
          14.06               0               0
          14.08               0               0
           14.1               0               0
          14.12               0               0
          14.14               0               0
          14.16               0               0
          14.18               0               0
           14.2               0               0
          14.22               0               0
          14.24               0               0
          14.26               0               0
          14.28               0               0
           14.3               0               0
          14.32               0               0
          14.34               0               0
          14.36               0               0
          14.38               0               0
           14.4               0               0
          14.42               0               0
          14.44               0               0
          14.46               0               0
          14.48               0               0
           14.5               0               0
          14.52               0               0
          14.54               0               0
          14.56               0               0
          14.58               0               0
           14.6               0               0
          14.62               0               0
          14.64               0               0
          14.66               0               0
          14.68               0               0
           14.7               0               0
          14.72               0               0
          14.74               0               0
          14.76               0               0
          14.78               0               0
           14.8               0               0
          14.82               0               0
          14.84               0               0
          14.86               0               0
          14.88               0               0
           14.9               0               0
          14.92               0               0
          14.94               0               0
          14.96               0               0
          14.98               0               0
             15               0               0
          15.02               0               0
          15.04               0               0
          15.06               0               0
          15.08               0               0
           15.1               0               0
          15.12               0               0
          15.14               0               0
          15.16               0               0
          15.18               0               0
           15.2               0               0
          15.22               0               0
          15.24               0               0
          15.26               0               0
          15.28               0               0
           15.3               0               0
          15.32               0               0
          15.34               0               0
          15.36               0               0
          15.38               0               0
           15.4               0               0
          15.42               0               0
          15.44               0               0
          15.46               0               0
          15.48               0               0
           15.5               0               0
          15.52               0               0
          15.54               0               0
          15.56               0               0
          15.58               0               0
           15.6               0               0
          15.62               0               0
          15.64               0               0
          15.66               0               0
          15.68               0               0
           15.7               0               0
          15.72               0               0
          15.74               0               0
          15.76               0               0
          15.78               0               0
           15.8               0               0
          15.82               0               0
          15.84               0               0
          15.86               0               0
          15.88               0               0
           15.9               0               0
          15.92               0               0
          15.94               0               0
          15.96               0               0
          15.98               0               0
             16               0               0
          16.02               0               0
          16.04               0               0
          16.06               0               0
          16.08               0               0
           16.1               0               0
          16.12               0               0
          16.14               0               0
          16.16               0               0
          16.18               0               0
           16.2               0               0
          16.22               0               0
          16.24               0               0
          16.26               0               0
          16.28               0               0
           16.3               0               0
          16.32               0               0
          16.34               0               0
          16.36               0               0
          16.38               0               0
           16.4               0               0
          16.42               0               0
          16.44               0               0
          16.46               0               0
          16.48               0               0
           16.5               0               0
          16.52               0               0
          16.54               0               0
          16.56               0               0
          16.58               0               0
           16.6               0               0
          16.62               0               0
          16.64               0               0
          16.66               0               0
          16.68               0               0
           16.7               0               0
          16.72               0               0
          16.74               0               0
          16.76               0               0
          16.78               0               0
           16.8               0               0
          16.82               0               0
          16.84               0               0
          16.86               0               0
          16.88               0               0
           16.9               0               0
          16.92               0               0
          16.94               0               0
          16.96               0               0
          16.98               0               0
             17               0               0
          17.02               0               0
          17.04               0               0
          17.06               0               0
          17.08               0               0
           17.1               0               0
          17.12               0               0
          17.14               0               0
          17.16               0               0
          17.18               0               0
           17.2               0               0
          17.22               0               0
          17.24               0               0
          17.26               0               0
          17.28               0               0
           17.3               0               0
          17.32               0               0
          17.34               0               0
          17.36               0               0
          17.38               0               0
           17.4               0               0
          17.42               0               0
          17.44               0               0
          17.46               0               0
          17.48               0               0
           17.5               0               0
          17.52               0               0
          17.54               0               0
          17.56               0               0
          17.58               0               0
           17.6               0               0
          17.62               0               0
          17.64               0               0
          17.66               0               0
          17.68               0               0
           17.7               0               0
          17.72               0               0
          17.74               0               0
          17.76               0               0
          17.78               0               0
           17.8               0               0
          17.82               0               0
          17.84               0               0
          17.86               0               0
          17.88               0               0
           17.9               0               0
          17.92               0               0
          17.94               0               0
          17.96               0               0
          17.98               0               0
             18               0               0
          18.02               0               0
          18.04               0               0
          18.06               0               0
          18.08               0               0
           18.1               0               0
          18.12               0               0
          18.14               0               0
          18.16               0               0
          18.18               0               0
           18.2               0               0
          18.22               0               0
          18.24               0               0
          18.26               0               0
          18.28               0               0
           18.3               0               0
          18.32               0               0
          18.34               0               0
          18.36               0               0
          18.38               0               0
           18.4               0               0
          18.42               0               0
          18.44               0               0
          18.46               0               0
          18.48               0               0
           18.5               0               0
          18.52               0               0
          18.54               0               0
          18.56               0               0
          18.58               0               0
           18.6               0               0
          18.62               0               0
          18.64               0               0
          18.66               0               0
          18.68               0               0
           18.7               0               0
          18.72               0               0
          18.74               0               0
          18.76               0               0
          18.78               0               0
           18.8               0               0
          18.82               0               0
          18.84               0               0
          18.86               0               0
          18.88               0               0
           18.9               0               0
          18.92               0               0
          18.94               0               0
          18.96               0               0
          18.98               0               0
             19               0               0
          19.02               0               0
          19.04               0               0
          19.06               0               0
          19.08               0               0
           19.1               0               0
          19.12               0               0
          19.14               0               0
          19.16               0               0
          19.18               0               0
           19.2               0               0
          19.22               0               0
          19.24               0               0
          19.26               0               0
          19.28               0               0
           19.3               0               0
          19.32               0               0
          19.34               0               0
          19.36               0               0
          19.38               0               0
           19.4               0               0
          19.42               0               0
          19.44               0               0
          19.46               0               0
          19.48               0               0
           19.5               0               0
          19.52               0               0
          19.54               0               0
          19.56               0               0
          19.58               0               0
           19.6               0               0
          19.62               0               0
          19.64               0               0
          19.66               0               0
          19.68               0               0
           19.7               0               0
          19.72               0               0
          19.74               0               0
          19.76               0               0
          19.78               0               0
           19.8               0               0
          19.82               0               0
          19.84               0               0
          19.86               0               0
          19.88               0               0
           19.9               0               0
          19.92               0               0
          19.94               0               0
          19.96               0               0
          19.98               0               0
             20               0               0
          20.02               0               0

AFlux_Sample  1000  20
              0               0               0
           0.02     1.03787e-07     5.23696e-12
           0.04     1.03783e-07     5.20546e-12
           0.06      1.0378e-07     5.19474e-12
           0.08     1.03778e-07      5.1878e-12
            0.1     1.03776e-07     5.18344e-12
           0.12     1.03775e-07     5.18091e-12
           0.14     1.03774e-07     5.17893e-12
           0.16     1.03773e-07     5.17701e-12
           0.18     1.03772e-07     5.17563e-12
            0.2     1.03771e-07     5.17459e-12
           0.22     1.03771e-07     5.17381e-12
           0.24      1.0377e-07     5.17326e-12
           0.26      1.0377e-07     5.17271e-12
           0.28     1.03769e-07     5.17236e-12
            0.3     1.03769e-07     5.17207e-12
           0.32     1.03769e-07     5.17186e-12
           0.34     1.03769e-07     5.17165e-12
           0.36     1.03768e-07      5.1715e-12
           0.38     1.03768e-07     5.17133e-12
            0.4     1.03768e-07     5.17122e-12
           0.42     1.03768e-07     5.17112e-12
           0.44     1.03768e-07     5.17106e-12
           0.46     1.03768e-07       5.171e-12
           0.48     1.03768e-07     5.17096e-12
            0.5     1.03768e-07     5.17092e-12
           0.52     1.03768e-07     5.17088e-12
           0.54     1.03768e-07     5.17085e-12
           0.56     1.03768e-07     5.17084e-12
           0.58     1.03768e-07     5.17082e-12
            0.6     1.03768e-07     5.17081e-12
           0.62     1.03768e-07      5.1708e-12
           0.64     1.03768e-07      5.1708e-12
           0.66     1.03768e-07     5.17079e-12
           0.68     1.03768e-07     5.17079e-12
            0.7     1.03768e-07      5.1708e-12
           0.72     1.03768e-07      5.1708e-12
           0.74     1.03768e-07     5.17081e-12
           0.76     1.03768e-07     5.17081e-12
           0.78     1.03768e-07     5.17083e-12
            0.8     1.03768e-07     5.17084e-12
           0.82     1.03768e-07     5.17085e-12
           0.84     1.03768e-07     5.17087e-12
           0.86     1.03768e-07      5.1709e-12
           0.88     1.03768e-07     5.17093e-12
            0.9     1.03768e-07     5.17098e-12
           0.92     1.03768e-07     5.17106e-12
           0.94     1.03768e-07     5.17117e-12
           0.96     1.03769e-07     5.17134e-12
           0.98     1.03769e-07     5.17158e-12
              1      1.0377e-07     5.17191e-12
           1.02     1.03771e-07     5.17241e-12
           1.04     1.03773e-07     5.17313e-12
           1.06     1.03775e-07     5.17411e-12
           1.08     1.03779e-07     5.17551e-12
            1.1     1.03784e-07     5.17753e-12
           1.12      1.0379e-07     5.18036e-12
           1.14       1.038e-07     5.18431e-12
           1.16     1.03813e-07     5.18991e-12
           1.18     1.03832e-07     5.19767e-12
            1.2     1.03856e-07     5.20826e-12
           1.22      1.0389e-07     5.22248e-12
           1.24     1.03935e-07     5.24178e-12
           1.26     1.03995e-07     5.26713e-12
           1.28     1.04074e-07     5.30059e-12
            1.3     1.04176e-07     5.34413e-12
           1.32     1.04309e-07     5.40026e-12
           1.34     1.04478e-07     5.47074e-12
           1.36     1.04694e-07     5.55984e-12
           1.38     1.04964e-07     5.66968e-12
            1.4       1.053e-07     5.80304e-12
           1.42     1.05717e-07     5.96329e-12
           1.44     1.06225e-07     6.15184e-12
           1.46     1.06834e-07     6.36807e-12
           1.48     1.07558e-07     6.61202e-12
            1.5     1.08416e-07     6.88396e-12
           1.52     1.09413e-07     7.17865e-12
           1.54     1.10566e-07     7.49327e-12
           1.56     1.11885e-07     7.82294e-12
           1.58     1.13375e-07     8.16048e-12
            1.6     1.15025e-07     8.49592e-12
           1.62     1.16841e-07     8.82174e-12
           1.64     1.18814e-07     9.13046e-12
           1.66     1.20928e-07     9.41335e-12
           1.68     1.23164e-07     9.66245e-12
            1.7     1.25501e-07     9.87189e-12
           1.72     1.27912e-07     1.00367e-11
           1.74     1.30363e-07     1.01533e-11
           1.76     1.32824e-07     1.02208e-11
           1.78     1.35259e-07     1.02398e-11
            1.8     1.37633e-07     1.02129e-11
           1.82     1.39915e-07     1.01459e-11
           1.84     1.42079e-07     1.00434e-11
           1.86     1.44101e-07     9.91452e-12
           1.88     1.45958e-07     9.76778e-12
            1.9     1.47635e-07     9.61016e-12
           1.92      1.4913e-07     9.45107e-12
           1.94     1.50447e-07     9.29577e-12
           1.96     1.51579e-07     9.15185e-12
           1.98      1.5254e-07      9.0225e-12
              2     1.53343e-07     8.90966e-12
           2.02     1.54004e-07     8.81433e-12
           2.04     1.54539e-07     8.73623e-12
           2.06     1.54963e-07     8.67433e-12
           2.08     1.55293e-07     8.62674e-12
            2.1     1.55545e-07     8.59082e-12
           2.12     1.55736e-07     8.56434e-12
           2.14     1.55877e-07     8.54536e-12
           2.16     1.55979e-07     8.53239e-12
           2.18     1.56052e-07     8.52337e-12
            2.2     1.56103e-07     8.51741e-12
           2.22     1.56138e-07     8.51355e-12
           2.24     1.56162e-07     8.51116e-12
           2.26     1.56177e-07     8.50961e-12
           2.28     1.56188e-07     8.50865e-12
            2.3     1.56195e-07     8.50803e-12
           2.32       1.562e-07     8.50773e-12
           2.34     1.56202e-07     8.50753e-12
           2.36     1.56204e-07      8.5074e-12
           2.38     1.56205e-07     8.50734e-12
            2.4     1.56205e-07     8.50728e-12
           2.42     1.56206e-07     8.50724e-12
           2.44     1.56206e-07     8.50719e-12
           2.46     1.56206e-07     8.50716e-12
           2.48     1.56207e-07     8.50713e-12
            2.5     1.56207e-07     8.50709e-12
           2.52     1.56207e-07     8.50706e-12
           2.54     1.56207e-07     8.50703e-12
           2.56     1.56207e-07     8.50699e-12
           2.58     1.56207e-07     8.50696e-12
            2.6     1.56208e-07     8.50694e-12
           2.62     1.56208e-07      8.5069e-12
           2.64     1.56208e-07     8.50687e-12
           2.66     1.56208e-07     8.50683e-12
           2.68     1.56208e-07     8.50681e-12
            2.7     1.56209e-07     8.50679e-12
           2.72     1.56209e-07     8.50678e-12
           2.74     1.56209e-07     8.50674e-12
           2.76     1.56209e-07     8.50671e-12
           2.78     1.56209e-07      8.5067e-12
            2.8      1.5621e-07     8.50667e-12
           2.82      1.5621e-07     8.50664e-12
           2.84      1.5621e-07     8.50663e-12
           2.86      1.5621e-07      8.5066e-12
           2.88      1.5621e-07     8.50657e-12
            2.9     1.56211e-07     8.50655e-12
           2.92     1.56211e-07     8.50654e-12
           2.94     1.56211e-07     8.50652e-12
           2.96     1.56211e-07      8.5065e-12
           2.98     1.56211e-07      8.5065e-12
              3     1.56212e-07      8.5065e-12
           3.02     1.56212e-07     8.50649e-12
           3.04     1.56212e-07     8.50648e-12
           3.06     1.56212e-07     8.50647e-12
           3.08     1.56212e-07     8.50646e-12
            3.1     1.56213e-07     8.50645e-12
           3.12     1.56213e-07     8.50645e-12
           3.14     1.56213e-07     8.50643e-12
           3.16     1.56213e-07     8.50644e-12
           3.18     1.56213e-07     8.50643e-12
            3.2     1.56214e-07     8.50643e-12
           3.22     1.56214e-07     8.50643e-12
           3.24     1.56214e-07     8.50643e-12
           3.26     1.56214e-07     8.50642e-12
           3.28     1.56214e-07     8.50642e-12
            3.3     1.56214e-07     8.50642e-12
           3.32     1.56215e-07     8.50642e-12
           3.34     1.56215e-07     8.50643e-12
           3.36     1.56215e-07     8.50643e-12
           3.38     1.56215e-07     8.50643e-12
            3.4     1.56215e-07     8.50645e-12
           3.42     1.56216e-07     8.50644e-12
           3.44     1.56216e-07     8.50646e-12
           3.46     1.56216e-07     8.50646e-12
           3.48     1.56216e-07     8.50648e-12
            3.5     1.56217e-07     8.50649e-12
           3.52     1.56217e-07      8.5065e-12
           3.54     1.56217e-07     8.50651e-12
           3.56     1.56217e-07     8.50653e-12
           3.58     1.56217e-07     8.50655e-12
            3.6     1.56218e-07     8.50657e-12
           3.62     1.56218e-07     8.50656e-12
           3.64     1.56218e-07     8.50659e-12
           3.66     1.56218e-07     8.50661e-12
           3.68     1.56219e-07     8.50664e-12
            3.7     1.56219e-07     8.50667e-12
           3.72     1.56219e-07     8.50668e-12
           3.74     1.56219e-07     8.50671e-12
           3.76     1.56219e-07     8.50672e-12
           3.78      1.5622e-07     8.50675e-12
            3.8      1.5622e-07     8.50678e-12
           3.82      1.5622e-07     8.50679e-12
           3.84      1.5622e-07     8.50684e-12
           3.86      1.5622e-07     8.50687e-12
           3.88     1.56221e-07      8.5069e-12
            3.9     1.56221e-07     8.50693e-12
           3.92     1.56221e-07     8.50697e-12
           3.94     1.56221e-07     8.50701e-12
           3.96     1.56221e-07     8.50705e-12
           3.98     1.56222e-07     8.50708e-12
              4     1.56222e-07     8.50713e-12
           4.02     1.56222e-07     8.50719e-12
           4.04     1.56222e-07     8.50726e-12
           4.06     1.56223e-07     8.50731e-12
           4.08     1.56223e-07     8.50735e-12
            4.1     1.56223e-07     8.50739e-12
           4.12     1.56223e-07     8.50745e-12
           4.14     1.56223e-07     8.50749e-12
           4.16     1.56224e-07     8.50753e-12
           4.18     1.56224e-07     8.50759e-12
            4.2     1.56224e-07     8.50765e-12
           4.22     1.56224e-07      8.5077e-12
           4.24     1.56225e-07     8.50775e-12
           4.26     1.56225e-07     8.50781e-12
           4.28     1.56225e-07     8.50788e-12
            4.3     1.56225e-07     8.50794e-12
           4.32     1.56225e-07     8.50802e-12
           4.34     1.56226e-07     8.50813e-12
           4.36     1.56226e-07     8.50821e-12
           4.38     1.56226e-07     8.50826e-12
            4.4     1.56226e-07     8.50834e-12
           4.42     1.56227e-07     8.50839e-12
           4.44     1.56227e-07     8.50846e-12
           4.46     1.56227e-07     8.50856e-12
           4.48     1.56227e-07     8.50864e-12
            4.5     1.56227e-07     8.50873e-12
           4.52     1.56228e-07     8.50881e-12
           4.54     1.56228e-07     8.50891e-12
           4.56     1.56228e-07     8.50903e-12
           4.58     1.56228e-07     8.50914e-12
            4.6     1.56229e-07     8.50933e-12
           4.62      1.5623e-07     8.50965e-12
           4.64     1.56233e-07     8.51044e-12
           4.66     1.56238e-07     8.51221e-12
           4.68      1.5625e-07      8.5162e-12
            4.7     1.56275e-07     8.52451e-12
           4.72     1.56326e-07     8.54232e-12
           4.74     1.56426e-07     8.57836e-12
           4.76     1.56611e-07     8.64682e-12
           4.78     1.56937e-07     8.77073e-12
            4.8     1.57488e-07     8.98028e-12
           4.82     1.58371e-07     9.31297e-12
           4.84     1.59727e-07     9.80174e-12
           4.86     1.61712e-07      1.0469e-11
           4.88     1.64482e-07     1.13091e-11
            4.9     1.68157e-07     1.22769e-11
           4.92     1.72811e-07     1.33034e-11
           4.94     1.78428e-07     1.42944e-11
           4.96     1.84885e-07     1.51542e-11
           4.98     1.91962e-07     1.58009e-11
              5     1.99352e-07     1.61809e-11
           5.02     2.06685e-07     1.62795e-11
           5.04     2.13611e-07     1.61226e-11
           5.06     2.19866e-07     1.57718e-11
           5.08     2.25224e-07     1.53083e-11
            5.1     2.29611e-07     1.48113e-11
           5.12     2.33021e-07     1.43506e-11
           5.14     2.35551e-07     1.39658e-11
           5.16     2.37342e-07     1.36734e-11
           5.18     2.38545e-07     1.34688e-11
            5.2     2.39316e-07     1.33341e-11
           5.22     2.39791e-07     1.32479e-11
           5.24     2.40073e-07      1.3194e-11
           5.26     2.40233e-07     1.31601e-11
           5.28     2.40326e-07      1.3135e-11
            5.3      2.4038e-07     1.31157e-11
           5.32     2.40416e-07     1.30985e-11
           5.34     2.40442e-07     1.30813e-11
           5.36     2.40464e-07      1.3065e-11
           5.38     2.40484e-07     1.30494e-11
            5.4     2.40502e-07     1.30337e-11
           5.42     2.40521e-07     1.30175e-11
           5.44     2.40539e-07     1.30016e-11
           5.46     2.40558e-07     1.29852e-11
           5.48     2.40577e-07     1.29691e-11
            5.5     2.40595e-07     1.29535e-11
           5.52     2.40613e-07     1.29374e-11
           5.54     2.40632e-07     1.29211e-11
           5.56     2.40652e-07     1.29042e-11
           5.58      2.4067e-07     1.28884e-11
            5.6     2.40689e-07     1.28725e-11
           5.62     2.40708e-07     1.28557e-11
           5.64     2.40727e-07     1.28394e-11
           5.66     2.40746e-07     1.28228e-11
           5.68     2.40765e-07     1.28058e-11
            5.7     2.40785e-07     1.27892e-11
           5.72     2.40803e-07     1.27727e-11
           5.74     2.40824e-07     1.27549e-11
           5.76     2.40843e-07     1.27382e-11
           5.78     2.40863e-07     1.27203e-11
            5.8     2.40883e-07     1.27037e-11
           5.82     2.40903e-07     1.26866e-11
           5.84     2.40922e-07       1.267e-11
           5.86     2.40941e-07     1.26526e-11
           5.88     2.40962e-07     1.26351e-11
            5.9     2.40981e-07     1.26178e-11
           5.92     2.41001e-07     1.26007e-11
           5.94     2.41021e-07     1.25835e-11
           5.96      2.4104e-07     1.25666e-11
           5.98      2.4106e-07     1.25493e-11
              6      2.4108e-07     1.25324e-11
           6.02       2.411e-07     1.25148e-11
           6.04      2.4112e-07     1.24972e-11
           6.06     2.41141e-07     1.24789e-11
           6.08     2.41162e-07     1.24607e-11
            6.1     2.41182e-07      1.2443e-11
           6.12     2.41204e-07     1.24238e-11
           6.14     2.41225e-07     1.24049e-11
           6.16     2.41247e-07     1.23866e-11
           6.18     2.41268e-07     1.23677e-11
            6.2     2.41289e-07     1.23492e-11
           6.22      2.4131e-07     1.23316e-11
           6.24     2.41331e-07     1.23127e-11
           6.26     2.41351e-07     1.22953e-11
           6.28      2.4137e-07     1.22784e-11
            6.3     2.41391e-07     1.22608e-11
           6.32     2.41409e-07     1.22442e-11
           6.34     2.41428e-07      1.2228e-11
           6.36     2.41445e-07     1.22137e-11
           6.38     2.41461e-07     1.21998e-11
            6.4     2.41477e-07      1.2185e-11
           6.42     2.41494e-07     1.21701e-11
           6.44     2.41511e-07     1.21555e-11
           6.46     2.41529e-07     1.21393e-11
           6.48     2.41547e-07     1.21234e-11
            6.5     2.41566e-07     1.21064e-11
           6.52     2.41585e-07     1.20903e-11
           6.54     2.41604e-07     1.20737e-11
           6.56     2.41621e-07     1.20587e-11
           6.58     2.41639e-07     1.20435e-11
            6.6     2.41654e-07     1.20298e-11
           6.62     2.41668e-07     1.20181e-11
           6.64      2.4168e-07     1.20086e-11
           6.66     2.41689e-07     1.20011e-11
           6.68     2.41695e-07     1.19962e-11
            6.7     2.41699e-07     1.19933e-11
           6.72     2.41701e-07     1.19914e-11
           6.74     2.41703e-07     1.19896e-11
           6.76     2.41706e-07     1.19866e-11
           6.78     2.41711e-07     1.19827e-11
            6.8     2.41716e-07     1.19775e-11
           6.82     2.41723e-07     1.19713e-11
           6.84     2.41731e-07     1.19641e-11
           6.86      2.4174e-07      1.1957e-11
           6.88     2.41747e-07     1.19506e-11
            6.9     2.41753e-07     1.19461e-11
           6.92     2.41757e-07     1.19426e-11
           6.94     2.41763e-07     1.19371e-11
           6.96     2.41771e-07     1.19301e-11
           6.98     2.41779e-07     1.19229e-11
              7     2.41789e-07     1.19143e-11
           7.02     2.41799e-07     1.19056e-11
           7.04     2.41809e-07     1.18969e-11
           7.06     2.41818e-07     1.18894e-11
           7.08     2.41826e-07     1.18825e-11
            7.1     2.41834e-07     1.18764e-11
           7.12      2.4184e-07     1.18706e-11
           7.14     2.41846e-07     1.18665e-11
           7.16      2.4185e-07     1.18625e-11
           7.18     2.41855e-07     1.18591e-11
            7.2     2.41858e-07     1.18558e-11
           7.22     2.41862e-07      1.1853e-11
           7.24     2.41865e-07     1.18502e-11
           7.26     2.41869e-07     1.18473e-11
           7.28     2.41872e-07     1.18444e-11
            7.3     2.41876e-07     1.18413e-11
           7.32     2.41879e-07     1.18386e-11
           7.34     2.41882e-07     1.18363e-11
           7.36     2.41884e-07     1.18344e-11
           7.38     2.41886e-07      1.1833e-11
            7.4     2.41888e-07     1.18319e-11
           7.42     2.41892e-07     1.18315e-11
           7.44     2.41904e-07     1.18325e-11
           7.46     2.41942e-07     1.18375e-11
           7.48     2.42049e-07     1.18536e-11
            7.5     2.42333e-07     1.19007e-11
           7.52     2.42996e-07     1.20165e-11
           7.54     2.44364e-07     1.22631e-11
           7.56     2.46872e-07     1.27011e-11
           7.58     2.50935e-07     1.33402e-11
            7.6     2.56781e-07      1.4092e-11
           7.62     2.64251e-07     1.47712e-11
           7.64     2.72706e-07     1.51828e-11
           7.66     2.81185e-07     1.52435e-11
           7.68     2.88738e-07     1.50063e-11
            7.7     2.94708e-07      1.4635e-11
           7.72     2.98902e-07     1.42814e-11
           7.74     3.01524e-07     1.40273e-11
           7.76     3.02979e-07     1.38777e-11
           7.78     3.03705e-07     1.37948e-11
            7.8     3.04036e-07      1.3744e-11
           7.82     3.04181e-07     1.37067e-11
           7.84     3.04252e-07     1.36739e-11
           7.86     3.04294e-07     1.36403e-11
           7.88      3.0433e-07     1.36053e-11
            7.9     3.04365e-07     1.35676e-11
           7.92       3.044e-07     1.35307e-11
           7.94     3.04433e-07      1.3495e-11
           7.96     3.04464e-07     1.34609e-11
           7.98     3.04497e-07      1.3425e-11
              8     3.04531e-07     1.33875e-11
           8.02     3.04566e-07     1.33498e-11
           8.04     3.04602e-07     1.33105e-11
           8.06     3.04636e-07     1.32721e-11
           8.08     3.04673e-07     1.32318e-11
            8.1     3.04707e-07     1.31941e-11
           8.12     3.04742e-07      1.3156e-11
           8.14     3.04773e-07     1.31227e-11
           8.16     3.04801e-07     1.30921e-11
           8.18     3.04826e-07     1.30648e-11
            8.2     3.04849e-07       1.304e-11
           8.22     3.04872e-07     1.30138e-11
           8.24     3.04895e-07     1.29887e-11
           8.26     3.04917e-07     1.29643e-11
           8.28     3.04941e-07     1.29358e-11
            8.3     3.04968e-07     1.29058e-11
           8.32     3.04995e-07     1.28757e-11
           8.34     3.05021e-07      1.2846e-11
           8.36     3.05049e-07     1.28148e-11
           8.38     3.05075e-07     1.27852e-11
            8.4     3.05103e-07     1.27534e-11
           8.42     3.05129e-07     1.27246e-11
           8.44     3.05154e-07     1.26966e-11
           8.46     3.05178e-07     1.26696e-11
           8.48       3.052e-07     1.26449e-11
            8.5      3.0522e-07      1.2623e-11
           8.52     3.05237e-07     1.26037e-11
           8.54     3.05253e-07     1.25859e-11
           8.56     3.05267e-07     1.25706e-11
           8.58     3.05279e-07     1.25571e-11
            8.6     3.05289e-07     1.25459e-11
           8.62     3.05298e-07     1.25368e-11
           8.64     3.05305e-07     1.25291e-11
           8.66     3.05311e-07     1.25221e-11
           8.68     3.05317e-07     1.25152e-11
            8.7     3.05323e-07     1.25076e-11
           8.72      3.0533e-07     1.25006e-11
           8.74     3.05336e-07     1.24928e-11
           8.76     3.05344e-07     1.24842e-11
           8.78     3.05352e-07     1.24744e-11
            8.8     3.05361e-07     1.24643e-11
           8.82      3.0537e-07     1.24536e-11
           8.84      3.0538e-07     1.24426e-11
           8.86      3.0539e-07     1.24305e-11
           8.88       3.054e-07     1.24194e-11
            8.9      3.0541e-07      1.2408e-11
           8.92     3.05421e-07     1.23959e-11
           8.94      3.0543e-07     1.23866e-11
           8.96     3.05437e-07     1.23783e-11
           8.98     3.05443e-07     1.23719e-11
              9     3.05447e-07      1.2368e-11
           9.02     3.05448e-07     1.23671e-11
           9.04     3.05448e-07     1.23672e-11
           9.06     3.05448e-07     1.23672e-11
           9.08     3.05448e-07     1.23673e-11
            9.1     3.05448e-07     1.23673e-11
           9.12     3.05448e-07     1.23674e-11
           9.14     3.05448e-07     1.23674e-11
           9.16     3.05448e-07     1.23675e-11
           9.18     3.05448e-07     1.23676e-11
            9.2     3.05448e-07     1.23676e-11
           9.22     3.05448e-07     1.23677e-11
           9.24     3.05448e-07     1.23678e-11
           9.26     3.05447e-07     1.23678e-11
           9.28     3.05447e-07     1.23679e-11
            9.3     3.05447e-07     1.23679e-11
           9.32     3.05447e-07      1.2368e-11
           9.34     3.05447e-07     1.23681e-11
           9.36     3.05447e-07     1.23682e-11
           9.38     3.05447e-07     1.23684e-11
            9.4     3.05447e-07     1.23684e-11
           9.42     3.05447e-07     1.23685e-11
           9.44     3.05447e-07     1.23686e-11
           9.46     3.05447e-07     1.23687e-11
           9.48     3.05446e-07     1.23688e-11
            9.5     3.05446e-07     1.23688e-11
           9.52     3.05446e-07     1.23689e-11
           9.54     3.05446e-07      1.2369e-11
           9.56     3.05446e-07      1.2369e-11
           9.58     3.05446e-07     1.23691e-11
            9.6     3.05446e-07     1.23692e-11
           9.62     3.05446e-07     1.23693e-11
           9.64     3.05446e-07     1.23694e-11
           9.66     3.05445e-07     1.23696e-11
           9.68     3.05445e-07     1.23697e-11
            9.7     3.05445e-07     1.23698e-11
           9.72     3.05445e-07     1.23698e-11
           9.74     3.05445e-07     1.23699e-11
           9.76     3.05445e-07     1.23699e-11
           9.78     3.05445e-07     1.23699e-11
            9.8     3.05445e-07       1.237e-11
           9.82     3.05445e-07       1.237e-11
           9.84     3.05445e-07       1.237e-11
           9.86     3.05445e-07       1.237e-11
           9.88     3.05445e-07     1.23701e-11
            9.9     3.05445e-07     1.23701e-11
           9.92     3.05445e-07     1.23702e-11
           9.94     3.05445e-07     1.23702e-11
           9.96     3.05445e-07     1.23702e-11
           9.98     3.05445e-07     1.23702e-11
             10     3.05445e-07     1.23702e-11
          10.02               0               0
          10.04               0               0
          10.06               0               0
          10.08               0               0
           10.1               0               0
          10.12               0               0
          10.14               0               0
          10.16               0               0
          10.18               0               0
           10.2               0               0
          10.22               0               0
          10.24               0               0
          10.26               0               0
          10.28               0               0
           10.3               0               0
          10.32               0               0
          10.34               0               0
          10.36               0               0
          10.38               0               0
           10.4               0               0
          10.42               0               0
          10.44               0               0
          10.46               0               0
          10.48               0               0
           10.5               0               0
          10.52               0               0
          10.54               0               0
          10.56               0               0
          10.58               0               0
           10.6               0               0
          10.62               0               0
          10.64               0               0
          10.66               0               0
          10.68               0               0
           10.7               0               0
          10.72               0               0
          10.74               0               0
          10.76               0               0
          10.78               0               0
           10.8               0               0
          10.82               0               0
          10.84               0               0
          10.86               0               0
          10.88               0               0
           10.9               0               0
          10.92               0               0
          10.94               0               0
          10.96               0               0
          10.98               0               0
             11               0               0
          11.02               0               0
          11.04               0               0
          11.06               0               0
          11.08               0               0
           11.1               0               0
          11.12               0               0
          11.14               0               0
          11.16               0               0
          11.18               0               0
           11.2               0               0
          11.22               0               0
          11.24               0               0
          11.26               0               0
          11.28               0               0
           11.3               0               0
          11.32               0               0
          11.34               0               0
          11.36               0               0
          11.38               0               0
           11.4               0               0
          11.42               0               0
          11.44               0               0
          11.46               0               0
          11.48               0               0
           11.5               0               0
          11.52               0               0
          11.54               0               0
          11.56               0               0
          11.58               0               0
           11.6               0               0
          11.62               0               0
          11.64               0               0
          11.66               0               0
          11.68               0               0
           11.7               0               0
          11.72               0               0
          11.74               0               0
          11.76               0               0
          11.78               0               0
           11.8               0               0
          11.82               0               0
          11.84               0               0
          11.86               0               0
          11.88               0               0
           11.9               0               0
          11.92               0               0
          11.94               0               0
          11.96               0               0
          11.98               0               0
             12               0               0
          12.02               0               0
          12.04               0               0
          12.06               0               0
          12.08               0               0
           12.1               0               0
          12.12               0               0
          12.14               0               0
          12.16               0               0
          12.18               0               0
           12.2               0               0
          12.22               0               0
          12.24               0               0
          12.26               0               0
          12.28               0               0
           12.3               0               0
          12.32               0               0
          12.34               0               0
          12.36               0               0
          12.38               0               0
           12.4               0               0
          12.42               0               0
          12.44               0               0
          12.46               0               0
          12.48               0               0
           12.5               0               0
          12.52               0               0
          12.54               0               0
          12.56               0               0
          12.58               0               0
           12.6               0               0
          12.62               0               0
          12.64               0               0
          12.66               0               0
          12.68               0               0
           12.7               0               0
          12.72               0               0
          12.74               0               0
          12.76               0               0
          12.78               0               0
           12.8               0               0
          12.82               0               0
          12.84               0               0
          12.86               0               0
          12.88               0               0
           12.9               0               0
          12.92               0               0
          12.94               0               0
          12.96               0               0
          12.98               0               0
             13               0               0
          13.02               0               0
          13.04               0               0
          13.06               0               0
          13.08               0               0
           13.1               0               0
          13.12               0               0
          13.14               0               0
          13.16               0               0
          13.18               0               0
           13.2               0               0
          13.22               0               0
          13.24               0               0
          13.26               0               0
          13.28               0               0
           13.3               0               0
          13.32               0               0
          13.34               0               0
          13.36               0               0
          13.38               0               0
           13.4               0               0
          13.42               0               0
          13.44               0               0
          13.46               0               0
          13.48               0               0
           13.5               0               0
          13.52               0               0
          13.54               0               0
          13.56               0               0
          13.58               0               0
           13.6               0               0
          13.62               0               0
          13.64               0               0
          13.66               0               0
          13.68               0               0
           13.7               0               0
          13.72               0               0
          13.74               0               0
          13.76               0               0
          13.78               0               0
           13.8               0               0
          13.82               0               0
          13.84               0               0
          13.86               0               0
          13.88               0               0
           13.9               0               0
          13.92               0               0
          13.94               0               0
          13.96               0               0
          13.98               0               0
             14               0               0
          14.02               0               0
          14.04               0               0
          14.06               0               0
          14.08               0               0
           14.1               0               0
          14.12               0               0
          14.14               0               0
          14.16               0               0
          14.18               0               0
           14.2               0               0
          14.22               0               0
          14.24               0               0
          14.26               0               0
          14.28               0               0
           14.3               0               0
          14.32               0               0
          14.34               0               0
          14.36               0               0
          14.38               0               0
           14.4               0               0
          14.42               0               0
          14.44               0               0
          14.46               0               0
          14.48               0               0
           14.5               0               0
          14.52               0               0
          14.54               0               0
          14.56               0               0
          14.58               0               0
           14.6               0               0
          14.62               0               0
          14.64               0               0
          14.66               0               0
          14.68               0               0
           14.7               0               0
          14.72               0               0
          14.74               0               0
          14.76               0               0
          14.78               0               0
           14.8               0               0
          14.82               0               0
          14.84               0               0
          14.86               0               0
          14.88               0               0
           14.9               0               0
          14.92               0               0
          14.94               0               0
          14.96               0               0
          14.98               0               0
             15               0               0
          15.02               0               0
          15.04               0               0
          15.06               0               0
          15.08               0               0
           15.1               0               0
          15.12               0               0
          15.14               0               0
          15.16               0               0
          15.18               0               0
           15.2               0               0
          15.22               0               0
          15.24               0               0
          15.26               0               0
          15.28               0               0
           15.3               0               0
          15.32               0               0
          15.34               0               0
          15.36               0               0
          15.38               0               0
           15.4               0               0
          15.42               0               0
          15.44               0               0
          15.46               0               0
          15.48               0               0
           15.5               0               0
          15.52               0               0
          15.54               0               0
          15.56               0               0
          15.58               0               0
           15.6               0               0
          15.62               0               0
          15.64               0               0
          15.66               0               0
          15.68               0               0
           15.7               0               0
          15.72               0               0
          15.74               0               0
          15.76               0               0
          15.78               0               0
           15.8               0               0
          15.82               0               0
          15.84               0               0
          15.86               0               0
          15.88               0               0
           15.9               0               0
          15.92               0               0
          15.94               0               0
          15.96               0               0
          15.98               0               0
             16               0               0
          16.02               0               0
          16.04               0               0
          16.06               0               0
          16.08               0               0
           16.1               0               0
          16.12               0               0
          16.14               0               0
          16.16               0               0
          16.18               0               0
           16.2               0               0
          16.22               0               0
          16.24               0               0
          16.26               0               0
          16.28               0               0
           16.3               0               0
          16.32               0               0
          16.34               0               0
          16.36               0               0
          16.38               0               0
           16.4               0               0
          16.42               0               0
          16.44               0               0
          16.46               0               0
          16.48               0               0
           16.5               0               0
          16.52               0               0
          16.54               0               0
          16.56               0               0
          16.58               0               0
           16.6               0               0
          16.62               0               0
          16.64               0               0
          16.66               0               0
          16.68               0               0
           16.7               0               0
          16.72               0               0
          16.74               0               0
          16.76               0               0
          16.78               0               0
           16.8               0               0
          16.82               0               0
          16.84               0               0
          16.86               0               0
          16.88               0               0
           16.9               0               0
          16.92               0               0
          16.94               0               0
          16.96               0               0
          16.98               0               0
             17               0               0
          17.02               0               0
          17.04               0               0
          17.06               0               0
          17.08               0               0
           17.1               0               0
          17.12               0               0
          17.14               0               0
          17.16               0               0
          17.18               0               0
           17.2               0               0
          17.22               0               0
          17.24               0               0
          17.26               0               0
          17.28               0               0
           17.3               0               0
          17.32               0               0
          17.34               0               0
          17.36               0               0
          17.38               0               0
           17.4               0               0
          17.42               0               0
          17.44               0               0
          17.46               0               0
          17.48               0               0
           17.5               0               0
          17.52               0               0
          17.54               0               0
          17.56               0               0
          17.58               0               0
           17.6               0               0
          17.62               0               0
          17.64               0               0
          17.66               0               0
          17.68               0               0
           17.7               0               0
          17.72               0               0
          17.74               0               0
          17.76               0               0
          17.78               0               0
           17.8               0               0
          17.82               0               0
          17.84               0               0
          17.86               0               0
          17.88               0               0
           17.9               0               0
          17.92               0               0
          17.94               0               0
          17.96               0               0
          17.98               0               0
             18               0               0
          18.02               0               0
          18.04               0               0
          18.06               0               0
          18.08               0               0
           18.1               0               0
          18.12               0               0
          18.14               0               0
          18.16               0               0
          18.18               0               0
           18.2               0               0
          18.22               0               0
          18.24               0               0
          18.26               0               0
          18.28               0               0
           18.3               0               0
          18.32               0               0
          18.34               0               0
          18.36               0               0
          18.38               0               0
           18.4               0               0
          18.42               0               0
          18.44               0               0
          18.46               0               0
          18.48               0               0
           18.5               0               0
          18.52               0               0
          18.54               0               0
          18.56               0               0
          18.58               0               0
           18.6               0               0
          18.62               0               0
          18.64               0               0
          18.66               0               0
          18.68               0               0
           18.7               0               0
          18.72               0               0
          18.74               0               0
          18.76               0               0
          18.78               0               0
           18.8               0               0
          18.82               0               0
          18.84               0               0
          18.86               0               0
          18.88               0               0
           18.9               0               0
          18.92               0               0
          18.94               0               0
          18.96               0               0
          18.98               0               0
             19               0               0
          19.02               0               0
          19.04               0               0
          19.06               0               0
          19.08               0               0
           19.1               0               0
          19.12               0               0
          19.14               0               0
          19.16               0               0
          19.18               0               0
           19.2               0               0
          19.22               0               0
          19.24               0               0
          19.26               0               0
          19.28               0               0
           19.3               0               0
          19.32               0               0
          19.34               0               0
          19.36               0               0
          19.38               0               0
           19.4               0               0
          19.42               0               0
          19.44               0               0
          19.46               0               0
          19.48               0               0
           19.5               0               0
          19.52               0               0
          19.54               0               0
          19.56               0               0
          19.58               0               0
           19.6               0               0
          19.62               0               0
          19.64               0               0
          19.66               0               0
          19.68               0               0
           19.7               0               0
          19.72               0               0
          19.74               0               0
          19.76               0               0
          19.78               0               0
           19.8               0               0
          19.82               0               0
          19.84               0               0
          19.86               0               0
          19.88               0               0
           19.9               0               0
          19.92               0               0
          19.94               0               0
          19.96               0               0
          19.98               0               0
             20               0               0
          20.02               0               0

Source_00  1000  20
              0               0               0
           0.02               0               0
           0.04               0               0
           0.06               0               0
           0.08               0               0
            0.1               0               0
           0.12               0               0
           0.14               0               0
           0.16               0               0
           0.18               0               0
            0.2               0               0
           0.22               0               0
           0.24               0               0
           0.26               0               0
           0.28               0               0
            0.3               0               0
           0.32               0               0
           0.34               0               0
           0.36               0               0
           0.38               0               0
            0.4               0               0
           0.42               0               0
           0.44               0               0
           0.46               0               0
           0.48               0               0
            0.5               0               0
           0.52               0               0
           0.54               0               0
           0.56               0               0
           0.58               0               0
            0.6               0               0
           0.62               0               0
           0.64               0               0
           0.66               0               0
           0.68               0               0
            0.7               0               0
           0.72               0               0
           0.74               0               0
           0.76               0               0
           0.78               0               0
            0.8               0               0
           0.82               0               0
           0.84               0               0
           0.86               0               0
           0.88               0               0
            0.9               0               0
           0.92               0               0
           0.94               0               0
           0.96               0               0
           0.98               0               0
              1               0               0
           1.02               0               0
           1.04               0               0
           1.06               0               0
           1.08               0               0
            1.1               0               0
           1.12               0               0
           1.14               0               0
           1.16               0               0
           1.18               0               0
            1.2               0               0
           1.22               0               0
           1.24               0               0
           1.26               0               0
           1.28               0               0
            1.3               0               0
           1.32               0               0
           1.34               0               0
           1.36               0               0
           1.38               0               0
            1.4               0               0
           1.42               0               0
           1.44               0               0
           1.46               0               0
           1.48               0               0
            1.5               0               0
           1.52               0               0
           1.54               0               0
           1.56               0               0
           1.58               0               0
            1.6               0               0
           1.62               0               0
           1.64               0               0
           1.66               0               0
           1.68               0               0
            1.7               0               0
           1.72               0               0
           1.74               0               0
           1.76               0               0
           1.78               0               0
            1.8               0               0
           1.82               0               0
           1.84               0               0
           1.86               0               0
           1.88               0               0
            1.9               0               0
           1.92               0               0
           1.94               0               0
           1.96               0               0
           1.98               0               0
              2               0               0
           2.02               0               0
           2.04               0               0
           2.06               0               0
           2.08               0               0
            2.1               0               0
           2.12               0               0
           2.14               0               0
           2.16               0               0
           2.18               0               0
            2.2               0               0
           2.22               0               0
           2.24               0               0
           2.26               0               0
           2.28               0               0
            2.3               0               0
           2.32               0               0
           2.34               0               0
           2.36               0               0
           2.38               0               0
            2.4               0               0
           2.42               0               0
           2.44               0               0
           2.46               0               0
           2.48               0               0
            2.5               0               0
           2.52               0               0
           2.54               0               0
           2.56               0               0
           2.58               0               0
            2.6               0               0
           2.62               0               0
           2.64               0               0
           2.66               0               0
           2.68               0               0
            2.7               0               0
           2.72               0               0
           2.74               0               0
           2.76               0               0
           2.78               0               0
            2.8               0               0
           2.82               0               0
           2.84               0               0
           2.86               0               0
           2.88               0               0
            2.9               0               0
           2.92               0               0
           2.94               0               0
           2.96               0               0
           2.98               0               0
              3               0               0
           3.02               0               0
           3.04               0               0
           3.06               0               0
           3.08               0               0
            3.1               0               0
           3.12               0               0
           3.14               0               0
           3.16               0               0
           3.18               0               0
            3.2               0               0
           3.22               0               0
           3.24               0               0
           3.26               0               0
           3.28               0               0
            3.3               0               0
           3.32               0               0
           3.34               0               0
           3.36               0               0
           3.38               0               0
            3.4               0               0
           3.42               0               0
           3.44               0               0
           3.46               0               0
           3.48               0               0
            3.5               0               0
           3.52               0               0
           3.54               0               0
           3.56               0               0
           3.58               0               0
            3.6               0               0
           3.62               0               0
           3.64               0               0
           3.66               0               0
           3.68               0               0
            3.7               0               0
           3.72               0               0
           3.74               0               0
           3.76               0               0
           3.78               0               0
            3.8               0               0
           3.82               0               0
           3.84               0               0
           3.86               0               0
           3.88               0               0
            3.9               0               0
           3.92               0               0
           3.94               0               0
           3.96               0               0
           3.98               0               0
              4               0               0
           4.02               0               0
           4.04               0               0
           4.06               0               0
           4.08               0               0
            4.1               0               0
           4.12               0               0
           4.14               0               0
           4.16               0               0
           4.18               0               0
            4.2               0               0
           4.22               0               0
           4.24               0               0
           4.26               0               0
           4.28               0               0
            4.3               0               0
           4.32               0               0
           4.34               0               0
           4.36               0               0
           4.38               0               0
            4.4               0               0
           4.42               0               0
           4.44               0               0
           4.46               0               0
           4.48               0               0
            4.5               0               0
           4.52               0               0
           4.54               0               0
           4.56               0               0
           4.58               0               0
            4.6               0               0
           4.62               0               0
           4.64               0               0
           4.66               0               0
           4.68               0               0
            4.7               0               0
           4.72               0               0
           4.74               0               0
           4.76               0               0
           4.78               0               0
            4.8               0               0
           4.82               0               0
           4.84               0               0
           4.86               0               0
           4.88               0               0
            4.9               0               0
           4.92               0               0
           4.94               0               0
           4.96               0               0
           4.98               0               0
              5               0               0
           5.02               0               0
           5.04               0               0
           5.06               0               0
           5.08               0               0
            5.1               0               0
           5.12               0               0
           5.14               0               0
           5.16               0               0
           5.18               0               0
            5.2               0               0
           5.22               0               0
           5.24               0               0
           5.26               0               0
           5.28               0               0
            5.3               0               0
           5.32               0               0
           5.34               0               0
           5.36               0               0
           5.38               0               0
            5.4               0               0
           5.42               0               0
           5.44               0               0
           5.46               0               0
           5.48               0               0
            5.5               0               0
           5.52               0               0
           5.54               0               0
           5.56               0               0
           5.58               0               0
            5.6               0               0
           5.62               0               0
           5.64               0               0
           5.66               0               0
           5.68               0               0
            5.7               0               0
           5.72               0               0
           5.74               0               0
           5.76               0               0
           5.78               0               0
            5.8               0               0
           5.82               0               0
           5.84               0               0
           5.86               0               0
           5.88               0               0
            5.9               0               0
           5.92               0               0
           5.94               0               0
           5.96               0               0
           5.98               0               0
              6               0               0
           6.02               0               0
           6.04               0               0
           6.06               0               0
           6.08               0               0
            6.1               0               0
           6.12               0               0
           6.14               0               0
           6.16               0               0
           6.18               0               0
            6.2               0               0
           6.22               0               0
           6.24               0               0
           6.26               0               0
           6.28               0               0
            6.3               0               0
           6.32               0               0
           6.34               0               0
           6.36               0               0
           6.38               0               0
            6.4               0               0
           6.42               0               0
           6.44               0               0
           6.46               0               0
           6.48               0               0
            6.5               0               0
           6.52               0               0
           6.54               0               0
           6.56               0               0
           6.58               0               0
            6.6               0               0
           6.62               0               0
           6.64               0               0
           6.66               0               0
           6.68               0               0
            6.7               0               0
           6.72               0               0
           6.74               0               0
           6.76               0               0
           6.78               0               0
            6.8               0               0
           6.82               0               0
           6.84               0               0
           6.86               0               0
           6.88               0               0
            6.9               0               0
           6.92               0               0
           6.94               0               0
           6.96               0               0
           6.98               0               0
              7               0               0
           7.02               0               0
           7.04               0               0
           7.06               0               0
           7.08               0               0
            7.1               0               0
           7.12               0               0
           7.14               0               0
           7.16               0               0
           7.18               0               0
            7.2               0               0
           7.22               0               0
           7.24               0               0
           7.26               0               0
           7.28               0               0
            7.3               0               0
           7.32               0               0
           7.34               0               0
           7.36               0               0
           7.38               0               0
            7.4               0               0
           7.42               0               0
           7.44               0               0
           7.46               0               0
           7.48               0               0
            7.5               0               0
           7.52               0               0
           7.54               0               0
           7.56               0               0
           7.58               0               0
            7.6               0               0
           7.62               0               0
           7.64               0               0
           7.66               0               0
           7.68               0               0
            7.7               0               0
           7.72               0               0
           7.74               0               0
           7.76               0               0
           7.78               0               0
            7.8               0               0
           7.82               0               0
           7.84               0               0
           7.86               0               0
           7.88               0               0
            7.9               0               0
           7.92               0               0
           7.94               0               0
           7.96               0               0
           7.98               0               0
              8               0               0
           8.02               0               0
           8.04               0               0
           8.06               0               0
           8.08               0               0
            8.1               0               0
           8.12               0               0
           8.14               0               0
           8.16               0               0
           8.18               0               0
            8.2               0               0
           8.22               0               0
           8.24               0               0
           8.26               0               0
           8.28               0               0
            8.3               0               0
           8.32               0               0
           8.34               0               0
           8.36               0               0
           8.38               0               0
            8.4               0               0
           8.42               0               0
           8.44               0               0
           8.46               0               0
           8.48               0               0
            8.5               0               0
           8.52               0               0
           8.54               0               0
           8.56               0               0
           8.58               0               0
            8.6               0               0
           8.62               0               0
           8.64               0               0
           8.66               0               0
           8.68               0               0
            8.7               0               0
           8.72               0               0
           8.74               0               0
           8.76               0               0
           8.78               0               0
            8.8               0               0
           8.82               0               0
           8.84               0               0
           8.86               0               0
           8.88               0               0
            8.9               0               0
           8.92               0               0
           8.94               0               0
           8.96               0               0
           8.98               0               0
              9               0               0
           9.02               0               0
           9.04               0               0
           9.06               0               0
           9.08               0               0
            9.1               0               0
           9.12               0               0
           9.14               0               0
           9.16               0               0
           9.18               0               0
            9.2               0               0
           9.22               0               0
           9.24               0               0
           9.26               0               0
           9.28               0               0
            9.3               0               0
           9.32               0               0
           9.34               0               0
           9.36               0               0
           9.38               0               0
            9.4               0               0
           9.42               0               0
           9.44               0               0
           9.46               0               0
           9.48               0               0
            9.5               0               0
           9.52               0               0
           9.54               0               0
           9.56               0               0
           9.58               0               0
            9.6               0               0
           9.62               0               0
           9.64               0               0
           9.66               0               0
           9.68               0               0
            9.7               0               0
           9.72               0               0
           9.74               0               0
           9.76               0               0
           9.78               0               0
            9.8               0               0
           9.82               0               0
           9.84               0               0
           9.86               0               0
           9.88               0               0
            9.9               0               0
           9.92               0               0
           9.94               0               0
           9.96               0               0
           9.98               0               0
             10               0               0
          10.02               1     0.000316228
          10.04               0               0
          10.06               0               0
          10.08               0               0
           10.1               0               0
          10.12               0               0
          10.14               0               0
          10.16               0               0
          10.18               0               0
           10.2               0               0
          10.22               0               0
          10.24               0               0
          10.26               0               0
          10.28               0               0
           10.3               0               0
          10.32               0               0
          10.34               0               0
          10.36               0               0
          10.38               0               0
           10.4               0               0
          10.42               0               0
          10.44               0               0
          10.46               0               0
          10.48               0               0
           10.5               0               0
          10.52               0               0
          10.54               0               0
          10.56               0               0
          10.58               0               0
           10.6               0               0
          10.62               0               0
          10.64               0               0
          10.66               0               0
          10.68               0               0
           10.7               0               0
          10.72               0               0
          10.74               0               0
          10.76               0               0
          10.78               0               0
           10.8               0               0
          10.82               0               0
          10.84               0               0
          10.86               0               0
          10.88               0               0
           10.9               0               0
          10.92               0               0
          10.94               0               0
          10.96               0               0
          10.98               0               0
             11               0               0
          11.02               0               0
          11.04               0               0
          11.06               0               0
          11.08               0               0
           11.1               0               0
          11.12               0               0
          11.14               0               0
          11.16               0               0
          11.18               0               0
           11.2               0               0
          11.22               0               0
          11.24               0               0
          11.26               0               0
          11.28               0               0
           11.3               0               0
          11.32               0               0
          11.34               0               0
          11.36               0               0
          11.38               0               0
           11.4               0               0
          11.42               0               0
          11.44               0               0
          11.46               0               0
          11.48               0               0
           11.5               0               0
          11.52               0               0
          11.54               0               0
          11.56               0               0
          11.58               0               0
           11.6               0               0
          11.62               0               0
          11.64               0               0
          11.66               0               0
          11.68               0               0
           11.7               0               0
          11.72               0               0
          11.74               0               0
          11.76               0               0
          11.78               0               0
           11.8               0               0
          11.82               0               0
          11.84               0               0
          11.86               0               0
          11.88               0               0
           11.9               0               0
          11.92               0               0
          11.94               0               0
          11.96               0               0
          11.98               0               0
             12               0               0
          12.02               0               0
          12.04               0               0
          12.06               0               0
          12.08               0               0
           12.1               0               0
          12.12               0               0
          12.14               0               0
          12.16               0               0
          12.18               0               0
           12.2               0               0
          12.22               0               0
          12.24               0               0
          12.26               0               0
          12.28               0               0
           12.3               0               0
          12.32               0               0
          12.34               0               0
          12.36               0               0
          12.38               0               0
           12.4               0               0
          12.42               0               0
          12.44               0               0
          12.46               0               0
          12.48               0               0
           12.5               0               0
          12.52               0               0
          12.54               0               0
          12.56               0               0
          12.58               0               0
           12.6               0               0
          12.62               0               0
          12.64               0               0
          12.66               0               0
          12.68               0               0
           12.7               0               0
          12.72               0               0
          12.74               0               0
          12.76               0               0
          12.78               0               0
           12.8               0               0
          12.82               0               0
          12.84               0               0
          12.86               0               0
          12.88               0               0
           12.9               0               0
          12.92               0               0
          12.94               0               0
          12.96               0               0
          12.98               0               0
             13               0               0
          13.02               0               0
          13.04               0               0
          13.06               0               0
          13.08               0               0
           13.1               0               0
          13.12               0               0
          13.14               0               0
          13.16               0               0
          13.18               0               0
           13.2               0               0
          13.22               0               0
          13.24               0               0
          13.26               0               0
          13.28               0               0
           13.3               0               0
          13.32               0               0
          13.34               0               0
          13.36               0               0
          13.38               0               0
           13.4               0               0
          13.42               0               0
          13.44               0               0
          13.46               0               0
          13.48               0               0
           13.5               0               0
          13.52               0               0
          13.54               0               0
          13.56               0               0
          13.58               0               0
           13.6               0               0
          13.62               0               0
          13.64               0               0
          13.66               0               0
          13.68               0               0
           13.7               0               0
          13.72               0               0
          13.74               0               0
          13.76               0               0
          13.78               0               0
           13.8               0               0
          13.82               0               0
          13.84               0               0
          13.86               0               0
          13.88               0               0
           13.9               0               0
          13.92               0               0
          13.94               0               0
          13.96               0               0
          13.98               0               0
             14               0               0
          14.02               0               0
          14.04               0               0
          14.06               0               0
          14.08               0               0
           14.1               0               0
          14.12               0               0
          14.14               0               0
          14.16               0               0
          14.18               0               0
           14.2               0               0
          14.22               0               0
          14.24               0               0
          14.26               0               0
          14.28               0               0
           14.3               0               0
          14.32               0               0
          14.34               0               0
          14.36               0               0
          14.38               0               0
           14.4               0               0
          14.42               0               0
          14.44               0               0
          14.46               0               0
          14.48               0               0
           14.5               0               0
          14.52               0               0
          14.54               0               0
          14.56               0               0
          14.58               0               0
           14.6               0               0
          14.62               0               0
          14.64               0               0
          14.66               0               0
          14.68               0               0
           14.7               0               0
          14.72               0               0
          14.74               0               0
          14.76               0               0
          14.78               0               0
           14.8               0               0
          14.82               0               0
          14.84               0               0
          14.86               0               0
          14.88               0               0
           14.9               0               0
          14.92               0               0
          14.94               0               0
          14.96               0               0
          14.98               0               0
             15               0               0
          15.02               0               0
          15.04               0               0
          15.06               0               0
          15.08               0               0
           15.1               0               0
          15.12               0               0
          15.14               0               0
          15.16               0               0
          15.18               0               0
           15.2               0               0
          15.22               0               0
          15.24               0               0
          15.26               0               0
          15.28               0               0
           15.3               0               0
          15.32               0               0
          15.34               0               0
          15.36               0               0
          15.38               0               0
           15.4               0               0
          15.42               0               0
          15.44               0               0
          15.46               0               0
          15.48               0               0
           15.5               0               0
          15.52               0               0
          15.54               0               0
          15.56               0               0
          15.58               0               0
           15.6               0               0
          15.62               0               0
          15.64               0               0
          15.66               0               0
          15.68               0               0
           15.7               0               0
          15.72               0               0
          15.74               0               0
          15.76               0               0
          15.78               0               0
           15.8               0               0
          15.82               0               0
          15.84               0               0
          15.86               0               0
          15.88               0               0
           15.9               0               0
          15.92               0               0
          15.94               0               0
          15.96               0               0
          15.98               0               0
             16               0               0
          16.02               0               0
          16.04               0               0
          16.06               0               0
          16.08               0               0
           16.1               0               0
          16.12               0               0
          16.14               0               0
          16.16               0               0
          16.18               0               0
           16.2               0               0
          16.22               0               0
          16.24               0               0
          16.26               0               0
          16.28               0               0
           16.3               0               0
          16.32               0               0
          16.34               0               0
          16.36               0               0
          16.38               0               0
           16.4               0               0
          16.42               0               0
          16.44               0               0
          16.46               0               0
          16.48               0               0
           16.5               0               0
          16.52               0               0
          16.54               0               0
          16.56               0               0
          16.58               0               0
           16.6               0               0
          16.62               0               0
          16.64               0               0
          16.66               0               0
          16.68               0               0
           16.7               0               0
          16.72               0               0
          16.74               0               0
          16.76               0               0
          16.78               0               0
           16.8               0               0
          16.82               0               0
          16.84               0               0
          16.86               0               0
          16.88               0               0
           16.9               0               0
          16.92               0               0
          16.94               0               0
          16.96               0               0
          16.98               0               0
             17               0               0
          17.02               0               0
          17.04               0               0
          17.06               0               0
          17.08               0               0
           17.1               0               0
          17.12               0               0
          17.14               0               0
          17.16               0               0
          17.18               0               0
           17.2               0               0
          17.22               0               0
          17.24               0               0
          17.26               0               0
          17.28               0               0
           17.3               0               0
          17.32               0               0
          17.34               0               0
          17.36               0               0
          17.38               0               0
           17.4               0               0
          17.42               0               0
          17.44               0               0
          17.46               0               0
          17.48               0               0
           17.5               0               0
          17.52               0               0
          17.54               0               0
          17.56               0               0
          17.58               0               0
           17.6               0               0
          17.62               0               0
          17.64               0               0
          17.66               0               0
          17.68               0               0
           17.7               0               0
          17.72               0               0
          17.74               0               0
          17.76               0               0
          17.78               0               0
           17.8               0               0
          17.82               0               0
          17.84               0               0
          17.86               0               0
          17.88               0               0
           17.9               0               0
          17.92               0               0
          17.94               0               0
          17.96               0               0
          17.98               0               0
             18               0               0
          18.02               0               0
          18.04               0               0
          18.06               0               0
          18.08               0               0
           18.1               0               0
          18.12               0               0
          18.14               0               0
          18.16               0               0
          18.18               0               0
           18.2               0               0
          18.22               0               0
          18.24               0               0
          18.26               0               0
          18.28               0               0
           18.3               0               0
          18.32               0               0
          18.34               0               0
          18.36               0               0
          18.38               0               0
           18.4               0               0
          18.42               0               0
          18.44               0               0
          18.46               0               0
          18.48               0               0
           18.5               0               0
          18.52               0               0
          18.54               0               0
          18.56               0               0
          18.58               0               0
           18.6               0               0
          18.62               0               0
          18.64               0               0
          18.66               0               0
          18.68               0               0
           18.7               0               0
          18.72               0               0
          18.74               0               0
          18.76               0               0
          18.78               0               0
           18.8               0               0
          18.82               0               0
          18.84               0               0
          18.86               0               0
          18.88               0               0
           18.9               0               0
          18.92               0               0
          18.94               0               0
          18.96               0               0
          18.98               0               0
             19               0               0
          19.02               0               0
          19.04               0               0
          19.06               0               0
          19.08               0               0
           19.1               0               0
          19.12               0               0
          19.14               0               0
          19.16               0               0
          19.18               0               0
           19.2               0               0
          19.22               0               0
          19.24               0               0
          19.26               0               0
          19.28               0               0
           19.3               0               0
          19.32               0               0
          19.34               0               0
          19.36               0               0
          19.38               0               0
           19.4               0               0
          19.42               0               0
          19.44               0               0
          19.46               0               0
          19.48               0               0
           19.5               0               0
          19.52               0               0
          19.54               0               0
          19.56               0               0
          19.58               0               0
           19.6               0               0
          19.62               0               0
          19.64               0               0
          19.66               0               0
          19.68               0               0
           19.7               0               0
          19.72               0               0
          19.74               0               0
          19.76               0               0
          19.78               0               0
           19.8               0               0
          19.82               0               0
          19.84               0               0
          19.86               0               0
          19.88               0               0
           19.9               0               0
          19.92               0               0
          19.94               0               0
          19.96               0               0
          19.98               0               0
             20               0               0
          20.02               0               0

