NSpec_Sample  1000  20
              0     2.21525e-05     4.73606e-08
           0.02     6.99984e-08     2.67066e-09
           0.04     1.26491e-07     3.58928e-09
           0.06     1.60033e-07      4.0364e-09
           0.08     1.81947e-07     4.30302e-09
            0.1     1.97385e-07     4.48152e-09
           0.12     2.12416e-07     4.64763e-09
           0.14     2.31361e-07     4.84972e-09
           0.16     2.36628e-07     4.90443e-09
           0.18     2.33016e-07     4.86628e-09
            0.2     2.51884e-07     5.05912e-09
           0.22     2.50505e-07     5.04466e-09
           0.24      2.6007e-07     5.14023e-09
           0.26     2.60357e-07      5.1429e-09
           0.28     2.52621e-07     5.06475e-09
            0.3     2.62814e-07     5.16632e-09
           0.32     2.65107e-07     5.18737e-09
           0.34     2.70165e-07     5.23745e-09
           0.36     2.70679e-07     5.24152e-09
           0.38     2.70775e-07     5.24241e-09
            0.4     2.53536e-07     5.07291e-09
           0.42     2.69687e-07     5.23212e-09
           0.44     2.68542e-07     5.22073e-09
           0.46     2.69791e-07     5.23316e-09
           0.48     2.68407e-07      5.2191e-09
            0.5     2.66575e-07      5.2012e-09
           0.52     2.65887e-07     5.19372e-09
           0.54     2.57559e-07     5.11264e-09
           0.56     2.55186e-07     5.08864e-09
           0.58     2.56566e-07     5.10299e-09
            0.6     2.47507e-07     5.01182e-09
           0.62     2.53144e-07     5.06812e-09
           0.64     2.56818e-07     5.10498e-09
           0.66     2.53233e-07     5.06887e-09
           0.68     2.51941e-07     5.05518e-09
            0.7     2.46603e-07     5.00173e-09
           0.72     2.42937e-07     4.96425e-09
           0.74     2.45818e-07     4.99402e-09
           0.76     2.38561e-07     4.91918e-09
           0.78     2.36544e-07     4.89848e-09
            0.8     2.33724e-07     4.86941e-09
           0.82     2.37897e-07     4.91176e-09
           0.84     2.35473e-07     4.88677e-09
           0.86     2.17487e-07     4.69605e-09
           0.88     2.26367e-07     4.79157e-09
            0.9      2.2249e-07     4.75012e-09
           0.92     2.21638e-07     4.74058e-09
           0.94     2.11685e-07     4.63272e-09
           0.96     2.10264e-07     4.61714e-09
           0.98     2.21141e-07     4.73427e-09
              1     2.08615e-07     4.59871e-09
           1.02     2.05401e-07     4.56234e-09
           1.04     2.06479e-07     4.57388e-09
           1.06     1.98054e-07     4.47942e-09
           1.08     2.08404e-07     4.59516e-09
            1.1     2.00318e-07     4.50533e-09
           1.12     1.94097e-07     4.43438e-09
           1.14     1.84959e-07      4.3285e-09
           1.16     1.92309e-07     4.41314e-09
           1.18      1.8525e-07     4.33173e-09
            1.2     1.74688e-07     4.20608e-09
           1.22     1.79513e-07     4.26336e-09
           1.24     1.72414e-07     4.17808e-09
           1.26     1.79337e-07     4.26038e-09
           1.28     1.68161e-07      4.1262e-09
            1.3     1.71103e-07     4.16097e-09
           1.32     1.69961e-07     4.14796e-09
           1.34     1.62931e-07     4.06069e-09
           1.36      1.6433e-07     4.07787e-09
           1.38     1.58684e-07     4.00747e-09
            1.4     1.58508e-07     4.00428e-09
           1.42     1.56285e-07     3.97615e-09
           1.44     1.50303e-07     3.89914e-09
           1.46     1.47347e-07     3.86029e-09
           1.48     1.41356e-07     3.78067e-09
            1.5     1.53074e-07     3.93411e-09
           1.52     1.48623e-07     3.87647e-09
           1.54     1.41579e-07     3.78259e-09
           1.56     1.46644e-07      3.8498e-09
           1.58     1.33204e-07     3.66918e-09
            1.6     1.37326e-07     3.72521e-09
           1.62     1.31687e-07     3.64821e-09
           1.64     1.29298e-07     3.61404e-09
           1.66     1.25027e-07     3.55346e-09
           1.68     1.25468e-07     3.56024e-09
            1.7     1.19501e-07     3.47446e-09
           1.72     1.21034e-07     3.49546e-09
           1.74     1.18412e-07     3.45741e-09
           1.76      1.1165e-07     3.35728e-09
           1.78     1.15962e-07     3.42106e-09
            1.8     1.12659e-07      3.3724e-09
           1.82     1.09465e-07     3.32329e-09
           1.84     1.08154e-07     3.30333e-09
           1.86     1.07356e-07     3.29126e-09
           1.88     1.06413e-07     3.27623e-09
            1.9     1.04508e-07     3.24695e-09
           1.92     1.03464e-07     3.23014e-09
           1.94     9.49674e-08     3.09425e-09
           1.96     9.88238e-08     3.15685e-09
           1.98     9.84899e-08     3.15101e-09
              2     9.02137e-08     3.01555e-09
           2.02     9.13367e-08      3.0345e-09
           2.04     9.07055e-08     3.02356e-09
           2.06     8.31625e-08     2.89538e-09
           2.08     8.44488e-08     2.91727e-09
            2.1     8.17118e-08     2.86932e-09
           2.12     7.81709e-08      2.8062e-09
           2.14     7.98638e-08     2.83608e-09
           2.16     7.56377e-08     2.76009e-09
           2.18     7.69456e-08     2.78383e-09
            2.2     7.50338e-08     2.74906e-09
           2.22     7.25976e-08      2.7037e-09
           2.24      7.3395e-08     2.71836e-09
           2.26     6.43205e-08     2.54451e-09
           2.28     6.58357e-08     2.57441e-09
            2.3     6.52149e-08      2.5619e-09
           2.32     6.67994e-08     2.59234e-09
           2.34     6.19776e-08     2.49717e-09
           2.36     5.87503e-08     2.43113e-09
           2.38     6.03792e-08       2.465e-09
            2.4     6.05794e-08     2.46905e-09
           2.42     5.45245e-08     2.34205e-09
           2.44     5.55134e-08     2.36283e-09
           2.46     5.43996e-08     2.33884e-09
           2.48     5.37004e-08     2.32386e-09
            2.5     5.18819e-08     2.28399e-09
           2.52     4.78577e-08     2.19357e-09
           2.54     4.89373e-08     2.21758e-09
           2.56     4.57427e-08     2.14446e-09
           2.58     4.34252e-08     2.08931e-09
            2.6     4.51185e-08     2.12929e-09
           2.62     4.33045e-08     2.08592e-09
           2.64     3.97683e-08     1.99844e-09
           2.66     4.16999e-08     2.04698e-09
           2.68     3.88607e-08     1.97541e-09
            2.7     3.89571e-08     1.97776e-09
           2.72     3.55403e-08     1.88896e-09
           2.74     3.63548e-08     1.91078e-09
           2.76     3.52464e-08     1.88132e-09
           2.78     3.55369e-08     1.88878e-09
            2.8     3.23192e-08     1.80109e-09
           2.82     3.23275e-08     1.80155e-09
           2.84     3.11153e-08     1.76724e-09
           2.86     2.91009e-08     1.70887e-09
           2.88     2.77913e-08     1.66982e-09
            2.9     2.90007e-08     1.70593e-09
           2.92     2.53809e-08     1.59569e-09
           2.94     2.71906e-08     1.65172e-09
           2.96     2.30716e-08      1.5213e-09
           2.98     2.65858e-08     1.63316e-09
              3     2.40766e-08     1.55415e-09
           3.02      2.3674e-08     1.54105e-09
           3.04     2.42678e-08        1.56e-09
           3.06     2.17641e-08     1.47745e-09
           3.08     1.77472e-08     1.33396e-09
            3.1     1.83523e-08     1.35665e-09
           3.12     1.99521e-08     1.41437e-09
           3.14     1.78535e-08     1.33818e-09
           3.16     1.97475e-08     1.40695e-09
           3.18     1.71481e-08     1.31135e-09
            3.2     1.65467e-08     1.28816e-09
           3.22     1.51412e-08     1.23218e-09
           3.24     1.58382e-08     1.26002e-09
           3.26     1.35287e-08     1.16437e-09
           3.28     1.52373e-08     1.23591e-09
            3.3     1.31316e-08     1.14731e-09
           3.32     1.13256e-08     1.06542e-09
           3.34     9.82217e-09      9.9219e-10
           3.36     9.91884e-09     9.96882e-10
           3.38     8.01612e-09     8.96231e-10
            3.4     1.01213e-08     1.00711e-09
           3.42     8.01531e-09      8.9614e-10
           3.44     6.71399e-09     8.20245e-10
           3.46     7.91515e-09     8.90525e-10
           3.48     7.01468e-09     8.38415e-10
            3.5     4.20777e-09     6.49274e-10
           3.52     5.70892e-09     7.56165e-10
           3.54     5.11105e-09     7.15691e-10
           3.56     5.50953e-09     7.42905e-10
           3.58     3.00533e-09     5.48696e-10
            3.6     2.60451e-09     5.10787e-10
           3.62     2.70454e-09      5.2049e-10
           3.64     2.60383e-09     5.10654e-10
           3.66      2.1028e-09      4.5887e-10
           3.68     1.40161e-09     3.74595e-10
            3.7     9.01494e-10     3.00498e-10
           3.72      5.0133e-10     2.24202e-10
           3.74     1.20245e-09     3.47116e-10
           3.76     1.00128e-09     3.16631e-10
           3.78     1.10173e-09     3.32184e-10
            3.8     1.00144e-09     3.16683e-10
           3.82     7.00907e-10     2.64918e-10
           3.84     8.01502e-10     2.83374e-10
           3.86     2.00232e-10     1.41586e-10
           3.88      5.0043e-10     2.23799e-10
            3.9     1.00091e-10     1.00091e-10
           3.92     4.00085e-10     2.00043e-10
           3.94     1.00044e-10     1.00044e-10
           3.96               0               0
           3.98               0               0
              4               0               0
           4.02               0               0
           4.04               0               0
           4.06               0               0
           4.08               0               0
            4.1               0               0
           4.12               0               0
           4.14               0               0
           4.16               0               0
           4.18               0               0
            4.2               0               0
           4.22               0               0
           4.24               0               0
           4.26               0               0
           4.28               0               0
            4.3               0               0
           4.32               0               0
           4.34               0               0
           4.36               0               0
           4.38               0               0
            4.4               0               0
           4.42               0               0
           4.44               0               0
           4.46               0               0
           4.48               0               0
            4.5               0               0
           4.52               0               0
           4.54               0               0
           4.56               0               0
           4.58               0               0
            4.6               0               0
           4.62               0               0
           4.64               0               0
           4.66               0               0
           4.68               0               0
            4.7               0               0
           4.72               0               0
           4.74               0               0
           4.76               0               0
           4.78               0               0
            4.8               0               0
           4.82               0               0
           4.84               0               0
           4.86               0               0
           4.88               0               0
            4.9               0               0
           4.92               0               0
           4.94               0               0
           4.96               0               0
           4.98               0               0
              5               0               0
           5.02               0               0
           5.04               0               0
           5.06               0               0
           5.08               0               0
            5.1               0               0
           5.12               0               0
           5.14               0               0
           5.16               0               0
           5.18               0               0
            5.2               0               0
           5.22               0               0
           5.24               0               0
           5.26               0               0
           5.28               0               0
            5.3               0               0
           5.32               0               0
           5.34               0               0
           5.36               0               0
           5.38               0               0
            5.4               0               0
           5.42               0               0
           5.44               0               0
           5.46               0               0
           5.48               0               0
            5.5               0               0
           5.52               0               0
           5.54               0               0
           5.56               0               0
           5.58               0               0
            5.6               0               0
           5.62               0               0
           5.64               0               0
           5.66               0               0
           5.68               0               0
            5.7               0               0
           5.72               0               0
           5.74               0               0
           5.76               0               0
           5.78               0               0
            5.8               0               0
           5.82               0               0
           5.84               0               0
           5.86               0               0
           5.88               0               0
            5.9               0               0
           5.92               0               0
           5.94               0               0
           5.96               0               0
           5.98               0               0
              6               0               0
           6.02               0               0
           6.04               0               0
           6.06               0               0
           6.08               0               0
            6.1               0               0
           6.12               0               0
           6.14               0               0
           6.16               0               0
           6.18               0               0
            6.2               0               0
           6.22               0               0
           6.24               0               0
           6.26               0               0
           6.28               0               0
            6.3               0               0
           6.32               0               0
           6.34               0               0
           6.36               0               0
           6.38               0               0
            6.4               0               0
           6.42               0               0
           6.44               0               0
           6.46               0               0
           6.48               0               0
            6.5               0               0
           6.52               0               0
           6.54               0               0
           6.56               0               0
           6.58               0               0
            6.6               0               0
           6.62               0               0
           6.64               0               0
           6.66               0               0
           6.68               0               0
            6.7               0               0
           6.72               0               0
           6.74               0               0
           6.76               0               0
           6.78               0               0
            6.8               0               0
           6.82               0               0
           6.84               0               0
           6.86               0               0
           6.88               0               0
            6.9               0               0
           6.92               0               0
           6.94               0               0
           6.96               0               0
           6.98               0               0
              7               0               0
           7.02               0               0
           7.04               0               0
           7.06               0               0
           7.08               0               0
            7.1               0               0
           7.12               0               0
           7.14               0               0
           7.16               0               0
           7.18               0               0
            7.2               0               0
           7.22               0               0
           7.24               0               0
           7.26               0               0
           7.28               0               0
            7.3               0               0
           7.32               0               0
           7.34               0               0
           7.36               0               0
           7.38               0               0
            7.4               0               0
           7.42               0               0
           7.44               0               0
           7.46               0               0
           7.48               0               0
            7.5               0               0
           7.52               0               0
           7.54               0               0
           7.56               0               0
           7.58               0               0
            7.6               0               0
           7.62               0               0
           7.64               0               0
           7.66               0               0
           7.68               0               0
            7.7               0               0
           7.72               0               0
           7.74               0               0
           7.76               0               0
           7.78               0               0
            7.8               0               0
           7.82               0               0
           7.84               0               0
           7.86               0               0
           7.88               0               0
            7.9               0               0
           7.92               0               0
           7.94               0               0
           7.96               0               0
           7.98               0               0
              8               0               0
           8.02               0               0
           8.04               0               0
           8.06               0               0
           8.08               0               0
            8.1               0               0
           8.12               0               0
           8.14               0               0
           8.16               0               0
           8.18               0               0
            8.2               0               0
           8.22               0               0
           8.24               0               0
           8.26               0               0
           8.28               0               0
            8.3               0               0
           8.32               0               0
           8.34               0               0
           8.36               0               0
           8.38               0               0
            8.4               0               0
           8.42               0               0
           8.44               0               0
           8.46               0               0
           8.48               0               0
            8.5               0               0
           8.52               0               0
           8.54               0               0
           8.56               0               0
           8.58               0               0
            8.6               0               0
           8.62               0               0
           8.64               0               0
           8.66               0               0
           8.68               0               0
            8.7               0               0
           8.72               0               0
           8.74               0               0
           8.76               0               0
           8.78               0               0
            8.8               0               0
           8.82               0               0
           8.84               0               0
           8.86               0               0
           8.88               0               0
            8.9               0               0
           8.92               0               0
           8.94               0               0
           8.96               0               0
           8.98               0               0
              9               0               0
           9.02               0               0
           9.04               0               0
           9.06               0               0
           9.08               0               0
            9.1               0               0
           9.12               0               0
           9.14               0               0
           9.16               0               0
           9.18               0               0
            9.2               0               0
           9.22               0               0
           9.24               0               0
           9.26               0               0
           9.28               0               0
            9.3               0               0
           9.32               0               0
           9.34               0               0
           9.36               0               0
           9.38               0               0
            9.4               0               0
           9.42               0               0
           9.44               0               0
           9.46               0               0
           9.48               0               0
            9.5               0               0
           9.52               0               0
           9.54               0               0
           9.56               0               0
           9.58               0               0
            9.6               0               0
           9.62               0               0
           9.64               0               0
           9.66               0               0
           9.68               0               0
            9.7               0               0
           9.72               0               0
           9.74               0               0
           9.76               0               0
           9.78               0               0
            9.8               0               0
           9.82               0               0
           9.84               0               0
           9.86               0               0
           9.88               0               0
            9.9               0               0
           9.92               0               0
           9.94               0               0
           9.96               0               0
           9.98               0               0
             10               0               0
          10.02               0               0
          10.04               0               0
          10.06               0               0
          10.08               0               0
           10.1               0               0
          10.12               0               0
          10.14               0               0
          10.16               0               0
          10.18               0               0
           10.2               0               0
          10.22               0               0
          10.24               0               0
          10.26               0               0
          10.28               0               0
           10.3               0               0
          10.32               0               0
          10.34               0               0
          10.36               0               0
          10.38               0               0
           10.4               0               0
          10.42               0               0
          10.44               0               0
          10.46               0               0
          10.48               0               0
           10.5               0               0
          10.52               0               0
          10.54               0               0
          10.56               0               0
          10.58               0               0
           10.6               0               0
          10.62               0               0
          10.64               0               0
          10.66               0               0
          10.68               0               0
           10.7               0               0
          10.72               0               0
          10.74               0               0
          10.76               0               0
          10.78               0               0
           10.8               0               0
          10.82               0               0
          10.84               0               0
          10.86               0               0
          10.88               0               0
           10.9               0               0
          10.92               0               0
          10.94               0               0
          10.96               0               0
          10.98               0               0
             11               0               0
          11.02               0               0
          11.04               0               0
          11.06               0               0
          11.08               0               0
           11.1               0               0
          11.12               0               0
          11.14               0               0
          11.16               0               0
          11.18               0               0
           11.2               0               0
          11.22               0               0
          11.24               0               0
          11.26               0               0
          11.28               0               0
           11.3               0               0
          11.32               0               0
          11.34               0               0
          11.36               0               0
          11.38               0               0
           11.4               0               0
          11.42               0               0
          11.44               0               0
          11.46               0               0
          11.48               0               0
           11.5               0               0
          11.52               0               0
          11.54               0               0
          11.56               0               0
          11.58               0               0
           11.6               0               0
          11.62               0               0
          11.64               0               0
          11.66               0               0
          11.68               0               0
           11.7               0               0
          11.72               0               0
          11.74               0               0
          11.76               0               0
          11.78               0               0
           11.8               0               0
          11.82               0               0
          11.84               0               0
          11.86               0               0
          11.88               0               0
           11.9               0               0
          11.92               0               0
          11.94               0               0
          11.96               0               0
          11.98               0               0
             12               0               0
          12.02               0               0
          12.04               0               0
          12.06               0               0
          12.08               0               0
           12.1               0               0
          12.12               0               0
          12.14               0               0
          12.16               0               0
          12.18               0               0
           12.2               0               0
          12.22               0               0
          12.24               0               0
          12.26               0               0
          12.28               0               0
           12.3               0               0
          12.32               0               0
          12.34               0               0
          12.36               0               0
          12.38               0               0
           12.4               0               0
          12.42               0               0
          12.44               0               0
          12.46               0               0
          12.48               0               0
           12.5               0               0
          12.52               0               0
          12.54               0               0
          12.56               0               0
          12.58               0               0
           12.6               0               0
          12.62               0               0
          12.64               0               0
          12.66               0               0
          12.68               0               0
           12.7               0               0
          12.72               0               0
          12.74               0               0
          12.76               0               0
          12.78               0               0
           12.8               0               0
          12.82               0               0
          12.84               0               0
          12.86               0               0
          12.88               0               0
           12.9               0               0
          12.92               0               0
          12.94               0               0
          12.96               0               0
          12.98               0               0
             13               0               0
          13.02               0               0
          13.04               0               0
          13.06               0               0
          13.08               0               0
           13.1               0               0
          13.12               0               0
          13.14               0               0
          13.16               0               0
          13.18               0               0
           13.2               0               0
          13.22               0               0
          13.24               0               0
          13.26               0               0
          13.28               0               0
           13.3               0               0
          13.32               0               0
          13.34               0               0
          13.36               0               0
          13.38               0               0
           13.4               0               0
          13.42               0               0
          13.44               0               0
          13.46               0               0
          13.48               0               0
           13.5               0               0
          13.52               0               0
          13.54               0               0
          13.56               0               0
          13.58               0               0
           13.6               0               0
          13.62               0               0
          13.64               0               0
          13.66               0               0
          13.68               0               0
           13.7               0               0
          13.72               0               0
          13.74               0               0
          13.76               0               0
          13.78               0               0
           13.8               0               0
          13.82               0               0
          13.84               0               0
          13.86               0               0
          13.88               0               0
           13.9               0               0
          13.92               0               0
          13.94               0               0
          13.96               0               0
          13.98               0               0
             14               0               0
          14.02               0               0
          14.04               0               0
          14.06               0               0
          14.08               0               0
           14.1               0               0
          14.12               0               0
          14.14               0               0
          14.16               0               0
          14.18               0               0
           14.2               0               0
          14.22               0               0
          14.24               0               0
          14.26               0               0
          14.28               0               0
           14.3               0               0
          14.32               0               0
          14.34               0               0
          14.36               0               0
          14.38               0               0
           14.4               0               0
          14.42               0               0
          14.44               0               0
          14.46               0               0
          14.48               0               0
           14.5               0               0
          14.52               0               0
          14.54               0               0
          14.56               0               0
          14.58               0               0
           14.6               0               0
          14.62               0               0
          14.64               0               0
          14.66               0               0
          14.68               0               0
           14.7               0               0
          14.72               0               0
          14.74               0               0
          14.76               0               0
          14.78               0               0
           14.8               0               0
          14.82               0               0
          14.84               0               0
          14.86               0               0
          14.88               0               0
           14.9               0               0
          14.92               0               0
          14.94               0               0
          14.96               0               0
          14.98               0               0
             15               0               0
          15.02               0               0
          15.04               0               0
          15.06               0               0
          15.08               0               0
           15.1               0               0
          15.12               0               0
          15.14               0               0
          15.16               0               0
          15.18               0               0
           15.2               0               0
          15.22               0               0
          15.24               0               0
          15.26               0               0
          15.28               0               0
           15.3               0               0
          15.32               0               0
          15.34               0               0
          15.36               0               0
          15.38               0               0
           15.4               0               0
          15.42               0               0
          15.44               0               0
          15.46               0               0
          15.48               0               0
           15.5               0               0
          15.52               0               0
          15.54               0               0
          15.56               0               0
          15.58               0               0
           15.6               0               0
          15.62               0               0
          15.64               0               0
          15.66               0               0
          15.68               0               0
           15.7               0               0
          15.72               0               0
          15.74               0               0
          15.76               0               0
          15.78               0               0
           15.8               0               0
          15.82               0               0
          15.84               0               0
          15.86               0               0
          15.88               0               0
           15.9               0               0
          15.92               0               0
          15.94               0               0
          15.96               0               0
          15.98               0               0
             16               0               0
          16.02               0               0
          16.04               0               0
          16.06               0               0
          16.08               0               0
           16.1               0               0
          16.12               0               0
          16.14               0               0
          16.16               0               0
          16.18               0               0
           16.2               0               0
          16.22               0               0
          16.24               0               0
          16.26               0               0
          16.28               0               0
           16.3               0               0
          16.32               0               0
          16.34               0               0
          16.36               0               0
          16.38               0               0
           16.4               0               0
          16.42               0               0
          16.44               0               0
          16.46               0               0
          16.48               0               0
           16.5               0               0
          16.52               0               0
          16.54               0               0
          16.56               0               0
          16.58               0               0
           16.6               0               0
          16.62               0               0
          16.64               0               0
          16.66               0               0
          16.68               0               0
           16.7               0               0
          16.72               0               0
          16.74               0               0
          16.76               0               0
          16.78               0               0
           16.8               0               0
          16.82               0               0
          16.84               0               0
          16.86               0               0
          16.88               0               0
           16.9               0               0
          16.92               0               0
          16.94               0               0
          16.96               0               0
          16.98               0               0
             17               0               0
          17.02               0               0
          17.04               0               0
          17.06               0               0
          17.08               0               0
           17.1               0               0
          17.12               0               0
          17.14               0               0
          17.16               0               0
          17.18               0               0
           17.2               0               0
          17.22               0               0
          17.24               0               0
          17.26               0               0
          17.28               0               0
           17.3               0               0
          17.32               0               0
          17.34               0               0
          17.36               0               0
          17.38               0               0
           17.4               0               0
          17.42               0               0
          17.44               0               0
          17.46               0               0
          17.48               0               0
           17.5               0               0
          17.52               0               0
          17.54               0               0
          17.56               0               0
          17.58               0               0
           17.6               0               0
          17.62               0               0
          17.64               0               0
          17.66               0               0
          17.68               0               0
           17.7               0               0
          17.72               0               0
          17.74               0               0
          17.76               0               0
          17.78               0               0
           17.8               0               0
          17.82               0               0
          17.84               0               0
          17.86               0               0
          17.88               0               0
           17.9               0               0
          17.92               0               0
          17.94               0               0
          17.96               0               0
          17.98               0               0
             18               0               0
          18.02               0               0
          18.04               0               0
          18.06               0               0
          18.08               0               0
           18.1               0               0
          18.12               0               0
          18.14               0               0
          18.16               0               0
          18.18               0               0
           18.2               0               0
          18.22               0               0
          18.24               0               0
          18.26               0               0
          18.28               0               0
           18.3               0               0
          18.32               0               0
          18.34               0               0
          18.36               0               0
          18.38               0               0
           18.4               0               0
          18.42               0               0
          18.44               0               0
          18.46               0               0
          18.48               0               0
           18.5               0               0
          18.52               0               0
          18.54               0               0
          18.56               0               0
          18.58               0               0
           18.6               0               0
          18.62               0               0
          18.64               0               0
          18.66               0               0
          18.68               0               0
           18.7               0               0
          18.72               0               0
          18.74               0               0
          18.76               0               0
          18.78               0               0
           18.8               0               0
          18.82               0               0
          18.84               0               0
          18.86               0               0
          18.88               0               0
           18.9               0               0
          18.92               0               0
          18.94               0               0
          18.96               0               0
          18.98               0               0
             19               0               0
          19.02               0               0
          19.04               0               0
          19.06               0               0
          19.08               0               0
           19.1               0               0
          19.12               0               0
          19.14               0               0
          19.16               0               0
          19.18               0               0
           19.2               0               0
          19.22               0               0
          19.24               0               0
          19.26               0               0
          19.28               0               0
           19.3               0               0
          19.32               0               0
          19.34               0               0
          19.36               0               0
          19.38               0               0
           19.4               0               0
          19.42               0               0
          19.44               0               0
          19.46               0               0
          19.48               0               0
           19.5               0               0
          19.52               0               0
          19.54               0               0
          19.56               0               0
          19.58               0               0
           19.6               0               0
          19.62               0               0
          19.64               0               0
          19.66               0               0
          19.68               0               0
           19.7               0               0
          19.72               0               0
          19.74               0               0
          19.76               0               0
          19.78               0               0
           19.8               0               0
          19.82               0               0
          19.84               0               0
          19.86               0               0
          19.88               0               0
           19.9               0               0
          19.92               0               0
          19.94               0               0
          19.96               0               0
          19.98               0               0
             20               0               0
          20.02               0               0

AFlux_Sample  1000  20
              0               0               0
           0.02     1.24037e-07      1.6984e-11
           0.04     1.21319e-07     1.39118e-11
           0.06     1.19516e-07     1.23848e-11
           0.08      1.1802e-07     1.13348e-11
            0.1     1.16689e-07      1.0526e-11
           0.12     1.15473e-07     9.86785e-12
           0.14     1.14335e-07     9.30914e-12
           0.16     1.13263e-07     8.82563e-12
           0.18     1.12249e-07     8.40001e-12
            0.2      1.1129e-07      8.0222e-12
           0.22     1.10379e-07     7.68197e-12
           0.24     1.09521e-07      7.3773e-12
           0.26     1.08717e-07     7.10319e-12
           0.28      1.0797e-07     6.85786e-12
            0.3     1.07276e-07     6.63739e-12
           0.32     1.06643e-07     6.44253e-12
           0.34     1.06074e-07     6.27232e-12
           0.36     1.05569e-07     6.12522e-12
           0.38     1.05129e-07     6.00079e-12
            0.4     1.04757e-07     5.89855e-12
           0.42     1.04452e-07     5.81762e-12
           0.44     1.04216e-07     5.75687e-12
           0.46     1.04048e-07     5.71517e-12
           0.48     1.03947e-07     5.69126e-12
            0.5     1.03912e-07     5.68326e-12
           0.52     1.03939e-07     5.68937e-12
           0.54     1.04028e-07     5.70764e-12
           0.56     1.04173e-07     5.73599e-12
           0.58     1.04372e-07     5.77238e-12
            0.6     1.04619e-07     5.81477e-12
           0.62     1.04911e-07     5.86131e-12
           0.64     1.05244e-07     5.91047e-12
           0.66      1.0561e-07     5.96043e-12
           0.68     1.06004e-07        6.01e-12
            0.7     1.06423e-07     6.05796e-12
           0.72     1.06859e-07     6.10359e-12
           0.74      1.0731e-07     6.14614e-12
           0.76      1.0777e-07     6.18539e-12
           0.78     1.08231e-07     6.22061e-12
            0.8     1.08693e-07     6.25199e-12
           0.82     1.09149e-07     6.27954e-12
           0.84     1.09596e-07     6.30331e-12
           0.86     1.10033e-07      6.3237e-12
           0.88     1.10455e-07     6.34081e-12
            0.9     1.10862e-07     6.35515e-12
           0.92     1.11249e-07     6.36711e-12
           0.94     1.11615e-07     6.37676e-12
           0.96     1.11962e-07     6.38486e-12
           0.98     1.12286e-07     6.39139e-12
              1     1.12587e-07     6.39692e-12
           1.02     1.12864e-07     6.40159e-12
           1.04      1.1312e-07     6.40548e-12
           1.06     1.13354e-07     6.40899e-12
           1.08     1.13569e-07     6.41212e-12
            1.1     1.13764e-07     6.41536e-12
           1.12     1.13938e-07     6.41848e-12
           1.14     1.14094e-07     6.42127e-12
           1.16     1.14235e-07     6.42419e-12
           1.18     1.14359e-07     6.42714e-12
            1.2     1.14469e-07     6.43004e-12
           1.22     1.14564e-07     6.43292e-12
           1.24     1.14648e-07     6.43571e-12
           1.26     1.14722e-07     6.43841e-12
           1.28     1.14786e-07     6.44112e-12
            1.3     1.14841e-07     6.44378e-12
           1.32     1.14888e-07     6.44622e-12
           1.34     1.14928e-07     6.44856e-12
           1.36     1.14962e-07     6.45068e-12
           1.38     1.14991e-07     6.45271e-12
            1.4     1.15015e-07     6.45455e-12
           1.42     1.15035e-07     6.45619e-12
           1.44     1.15053e-07     6.45767e-12
           1.46     1.15068e-07     6.45905e-12
           1.48      1.1508e-07     6.46029e-12
            1.5     1.15089e-07     6.46131e-12
           1.52     1.15098e-07     6.46227e-12
           1.54     1.15104e-07      6.4631e-12
           1.56      1.1511e-07     6.46374e-12
           1.58     1.15114e-07     6.46443e-12
            1.6     1.15118e-07     6.46493e-12
           1.62     1.15121e-07     6.46535e-12
           1.64     1.15123e-07     6.46571e-12
           1.66     1.15125e-07     6.46604e-12
           1.68     1.15126e-07     6.46634e-12
            1.7     1.15128e-07     6.46656e-12
           1.72     1.15129e-07     6.46673e-12
           1.74     1.15129e-07     6.46688e-12
           1.76      1.1513e-07     6.46702e-12
           1.78     1.15131e-07     6.46714e-12
            1.8     1.15131e-07     6.46726e-12
           1.82     1.15132e-07     6.46734e-12
           1.84     1.15132e-07      6.4674e-12
           1.86     1.15133e-07     6.46746e-12
           1.88     1.15133e-07     6.46753e-12
            1.9     1.15133e-07      6.4676e-12
           1.92     1.15133e-07     6.46765e-12
           1.94     1.15134e-07     6.46768e-12
           1.96     1.15134e-07     6.46773e-12
           1.98     1.15134e-07     6.46778e-12
              2     1.15134e-07     6.46782e-12
           2.02     1.15135e-07     6.46787e-12
           2.04     1.15135e-07     6.46792e-12
           2.06     1.15135e-07     6.46797e-12
           2.08     1.15135e-07     6.46801e-12
            2.1     1.15135e-07     6.46807e-12
           2.12     1.15136e-07     6.46813e-12
           2.14     1.15136e-07     6.46817e-12
           2.16     1.15136e-07     6.46823e-12
           2.18     1.15136e-07     6.46829e-12
            2.2     1.15136e-07     6.46835e-12
           2.22     1.15137e-07     6.46839e-12
           2.24     1.15137e-07     6.46843e-12
           2.26     1.15137e-07     6.46849e-12
           2.28     1.15137e-07     6.46855e-12
            2.3     1.15137e-07     6.46861e-12
           2.32     1.15138e-07     6.46867e-12
           2.34     1.15138e-07     6.46872e-12
           2.36     1.15138e-07     6.46877e-12
           2.38     1.15138e-07     6.46882e-12
            2.4     1.15139e-07     6.46889e-12
           2.42     1.15139e-07     6.46894e-12
           2.44     1.15139e-07       6.469e-12
           2.46     1.15139e-07     6.46907e-12
           2.48     1.15139e-07     6.46917e-12
            2.5      1.1514e-07     6.46924e-12
           2.52      1.1514e-07      6.4693e-12
           2.54      1.1514e-07     6.46939e-12
           2.56      1.1514e-07     6.46945e-12
           2.58      1.1514e-07     6.46953e-12
            2.6     1.15141e-07     6.46964e-12
           2.62     1.15141e-07     6.46971e-12
           2.64     1.15141e-07     6.46979e-12
           2.66     1.15141e-07     6.46989e-12
           2.68     1.15141e-07        6.47e-12
            2.7     1.15142e-07     6.47007e-12
           2.72     1.15142e-07     6.47017e-12
           2.74     1.15142e-07     6.47026e-12
           2.76     1.15142e-07     6.47037e-12
           2.78     1.15143e-07     6.47046e-12
            2.8     1.15143e-07     6.47053e-12
           2.82     1.15143e-07     6.47062e-12
           2.84     1.15143e-07      6.4707e-12
           2.86     1.15143e-07     6.47079e-12
           2.88     1.15143e-07     6.47086e-12
            2.9     1.15144e-07     6.47099e-12
           2.92     1.15144e-07     6.47112e-12
           2.94     1.15144e-07     6.47123e-12
           2.96     1.15145e-07     6.47134e-12
           2.98     1.15145e-07     6.47147e-12
              3     1.15145e-07     6.47157e-12
           3.02     1.15145e-07     6.47165e-12
           3.04     1.15145e-07     6.47181e-12
           3.06     1.15146e-07     6.47194e-12
           3.08     1.15146e-07     6.47209e-12
            3.1     1.15146e-07     6.47222e-12
           3.12     1.15146e-07     6.47234e-12
           3.14     1.15147e-07     6.47247e-12
           3.16     1.15147e-07     6.47259e-12
           3.18     1.15147e-07     6.47269e-12
            3.2     1.15147e-07      6.4728e-12
           3.22     1.15147e-07     6.47294e-12
           3.24     1.15148e-07     6.47307e-12
           3.26     1.15148e-07     6.47321e-12
           3.28     1.15148e-07     6.47331e-12
            3.3     1.15148e-07     6.47343e-12
           3.32     1.15148e-07     6.47357e-12
           3.34     1.15149e-07      6.4737e-12
           3.36     1.15149e-07     6.47388e-12
           3.38     1.15149e-07     6.47406e-12
            3.4     1.15149e-07      6.4742e-12
           3.42     1.15149e-07     6.47432e-12
           3.44      1.1515e-07     6.47446e-12
           3.46      1.1515e-07     6.47461e-12
           3.48      1.1515e-07     6.47476e-12
            3.5      1.1515e-07     6.47493e-12
           3.52      1.1515e-07     6.47508e-12
           3.54     1.15151e-07     6.47524e-12
           3.56     1.15151e-07     6.47538e-12
           3.58     1.15151e-07     6.47551e-12
            3.6     1.15151e-07     6.47564e-12
           3.62     1.15151e-07      6.4758e-12
           3.64     1.15152e-07     6.47597e-12
           3.66     1.15152e-07     6.47612e-12
           3.68     1.15152e-07     6.47629e-12
            3.7     1.15152e-07     6.47645e-12
           3.72     1.15153e-07     6.47663e-12
           3.74     1.15153e-07     6.47677e-12
           3.76     1.15153e-07     6.47695e-12
           3.78     1.15153e-07      6.4771e-12
            3.8     1.15153e-07     6.47727e-12
           3.82     1.15153e-07     6.47744e-12
           3.84     1.15154e-07     6.47759e-12
           3.86     1.15154e-07     6.47773e-12
           3.88     1.15154e-07     6.47789e-12
            3.9     1.15154e-07     6.47807e-12
           3.92     1.15155e-07      6.4784e-12
           3.94     1.15155e-07     6.47876e-12
           3.96     1.15157e-07     6.47934e-12
           3.98     1.15159e-07     6.48043e-12
              4     1.15163e-07     6.48262e-12
           4.02     1.15171e-07     6.48657e-12
           4.04     1.15187e-07     6.49413e-12
           4.06     1.15215e-07     6.50816e-12
           4.08     1.15266e-07       6.534e-12
            4.1     1.15351e-07     6.57825e-12
           4.12     1.15492e-07     6.65106e-12
           4.14     1.15721e-07     6.77056e-12
           4.16     1.16079e-07     6.95554e-12
           4.18     1.16622e-07     7.22925e-12
            4.2     1.17414e-07     7.61289e-12
           4.22     1.18541e-07     8.12483e-12
           4.24     1.20091e-07     8.77129e-12
           4.26     1.22156e-07     9.54552e-12
           4.28     1.24816e-07     1.04204e-11
            4.3     1.28139e-07     1.13579e-11
           4.32     1.32159e-07     1.23092e-11
           4.34     1.36848e-07      1.3211e-11
           4.36     1.42159e-07     1.40123e-11
           4.38     1.47973e-07     1.46569e-11
            4.4     1.54138e-07     1.51074e-11
           4.42     1.60445e-07     1.53422e-11
           4.44     1.66698e-07     1.53549e-11
           4.46     1.72709e-07     1.51674e-11
           4.48     1.78272e-07     1.48135e-11
            4.5     1.83259e-07     1.43423e-11
           4.52     1.87587e-07     1.38065e-11
           4.54     1.91211e-07      1.3262e-11
           4.56     1.94149e-07     1.27506e-11
           4.58     1.96456e-07     1.23041e-11
            4.6     1.98208e-07     1.19394e-11
           4.62     1.99494e-07     1.16578e-11
           4.64     2.00405e-07     1.14527e-11
           4.66      2.0103e-07     1.13106e-11
           4.68     2.01443e-07      1.1215e-11
            4.7     2.01715e-07     1.11511e-11
           4.72     2.01886e-07     1.11093e-11
           4.74     2.01992e-07     1.10822e-11
           4.76     2.02057e-07     1.10632e-11
           4.78     2.02098e-07      1.1049e-11
            4.8     2.02126e-07     1.10373e-11
           4.82     2.02144e-07     1.10273e-11
           4.84     2.02159e-07      1.1018e-11
           4.86     2.02172e-07     1.10084e-11
           4.88     2.02183e-07     1.09994e-11
            4.9     2.02194e-07     1.09906e-11
           4.92     2.02205e-07     1.09815e-11
           4.94     2.02216e-07      1.0972e-11
           4.96     2.02227e-07     1.09634e-11
           4.98     2.02237e-07     1.09548e-11
              5     2.02248e-07     1.09447e-11
           5.02     2.02259e-07     1.09358e-11
           5.04      2.0227e-07     1.09267e-11
           5.06     2.02281e-07     1.09175e-11
           5.08     2.02292e-07     1.09084e-11
            5.1     2.02302e-07     1.08995e-11
           5.12     2.02313e-07     1.08903e-11
           5.14     2.02324e-07     1.08814e-11
           5.16     2.02334e-07     1.08722e-11
           5.18     2.02345e-07     1.08629e-11
            5.2     2.02356e-07     1.08536e-11
           5.22     2.02368e-07     1.08441e-11
           5.24     2.02379e-07     1.08343e-11
           5.26      2.0239e-07     1.08252e-11
           5.28     2.02401e-07     1.08158e-11
            5.3     2.02412e-07     1.08063e-11
           5.32     2.02423e-07     1.07969e-11
           5.34     2.02435e-07     1.07873e-11
           5.36     2.02446e-07     1.07781e-11
           5.38     2.02457e-07     1.07687e-11
            5.4     2.02468e-07     1.07591e-11
           5.42      2.0248e-07     1.07493e-11
           5.44     2.02491e-07     1.07398e-11
           5.46     2.02502e-07     1.07308e-11
           5.48     2.02513e-07     1.07214e-11
            5.5     2.02524e-07     1.07116e-11
           5.52     2.02536e-07     1.07018e-11
           5.54     2.02548e-07     1.06921e-11
           5.56     2.02559e-07     1.06825e-11
           5.58     2.02571e-07     1.06728e-11
            5.6     2.02582e-07      1.0663e-11
           5.62     2.02594e-07     1.06533e-11
           5.64     2.02606e-07     1.06436e-11
           5.66     2.02617e-07     1.06338e-11
           5.68     2.02629e-07     1.06241e-11
            5.7      2.0264e-07      1.0614e-11
           5.72     2.02652e-07     1.06044e-11
           5.74     2.02664e-07     1.05943e-11
           5.76     2.02676e-07     1.05843e-11
           5.78     2.02688e-07     1.05745e-11
            5.8       2.027e-07     1.05643e-11
           5.82     2.02712e-07     1.05541e-11
           5.84     2.02725e-07     1.05436e-11
           5.86     2.02737e-07     1.05328e-11
           5.88      2.0275e-07     1.05221e-11
            5.9     2.02763e-07     1.05114e-11
           5.92     2.02775e-07     1.05013e-11
           5.94     2.02787e-07     1.04909e-11
           5.96       2.028e-07     1.04805e-11
           5.98     2.02812e-07     1.04706e-11
              6     2.02824e-07       1.046e-11
           6.02     2.02837e-07     1.04497e-11
           6.04      2.0285e-07     1.04385e-11
           6.06     2.02863e-07      1.0428e-11
           6.08     2.02875e-07     1.04171e-11
            6.1     2.02888e-07     1.04063e-11
           6.12     2.02901e-07     1.03957e-11
           6.14     2.02914e-07      1.0385e-11
           6.16     2.02927e-07     1.03741e-11
           6.18      2.0294e-07     1.03632e-11
            6.2     2.02953e-07     1.03518e-11
           6.22     2.02966e-07     1.03408e-11
           6.24     2.02979e-07     1.03299e-11
           6.26     2.02993e-07     1.03187e-11
           6.28     2.03007e-07     1.03068e-11
            6.3      2.0302e-07     1.02956e-11
           6.32     2.03033e-07     1.02848e-11
           6.34     2.03046e-07     1.02743e-11
           6.36     2.03059e-07     1.02631e-11
           6.38     2.03072e-07     1.02521e-11
            6.4     2.03085e-07      1.0241e-11
           6.42     2.03099e-07     1.02299e-11
           6.44     2.03112e-07     1.02186e-11
           6.46     2.03126e-07     1.02073e-11
           6.48     2.03139e-07     1.01965e-11
            6.5     2.03152e-07     1.01849e-11
           6.52     2.03166e-07     1.01734e-11
           6.54     2.03181e-07      1.0161e-11
           6.56     2.03195e-07     1.01495e-11
           6.58     2.03208e-07     1.01387e-11
            6.6     2.03221e-07     1.01272e-11
           6.62     2.03235e-07     1.01156e-11
           6.64     2.03249e-07     1.01043e-11
           6.66     2.03263e-07     1.00926e-11
           6.68     2.03277e-07     1.00804e-11
            6.7     2.03291e-07     1.00688e-11
           6.72     2.03305e-07     1.00566e-11
           6.74      2.0332e-07     1.00448e-11
           6.76     2.03333e-07     1.00336e-11
           6.78     2.03347e-07     1.00218e-11
            6.8     2.03361e-07     1.00102e-11
           6.82     2.03375e-07     9.99855e-12
           6.84     2.03388e-07     9.98825e-12
           6.86       2.034e-07     9.97836e-12
           6.88     2.03411e-07     9.96942e-12
            6.9      2.0342e-07     9.96154e-12
           6.92     2.03429e-07     9.95437e-12
           6.94     2.03438e-07      9.9471e-12
           6.96     2.03446e-07     9.94099e-12
           6.98     2.03453e-07     9.93461e-12
              7      2.0346e-07     9.92866e-12
           7.02     2.03467e-07     9.92316e-12
           7.04     2.03474e-07      9.9178e-12
           7.06      2.0348e-07     9.91251e-12
           7.08     2.03487e-07      9.9073e-12
            7.1     2.03492e-07     9.90289e-12
           7.12     2.03499e-07     9.89869e-12
           7.14     2.03508e-07     9.89585e-12
           7.16     2.03527e-07     9.89403e-12
           7.18      2.0357e-07     9.89746e-12
            7.2     2.03668e-07     9.91277e-12
           7.22      2.0389e-07      9.9548e-12
           7.24     2.04347e-07     1.00498e-11
           7.26     2.05224e-07      1.0239e-11
           7.28     2.06761e-07     1.05685e-11
            7.3     2.09229e-07      1.1069e-11
           7.32     2.12847e-07     1.17187e-11
           7.34     2.17719e-07     1.24376e-11
           7.36     2.23717e-07     1.30954e-11
           7.38     2.30481e-07     1.35663e-11
            7.4     2.37457e-07     1.37743e-11
           7.42     2.44043e-07     1.37257e-11
           7.44      2.4973e-07     1.34958e-11
           7.46     2.54234e-07     1.31936e-11
           7.48     2.57501e-07     1.29138e-11
            7.5     2.59668e-07     1.27012e-11
           7.52     2.60993e-07     1.25609e-11
           7.54      2.6174e-07     1.24764e-11
           7.56     2.62132e-07     1.24235e-11
           7.58     2.62329e-07     1.23878e-11
            7.6     2.62427e-07     1.23582e-11
           7.62     2.62482e-07     1.23313e-11
           7.64     2.62517e-07     1.23059e-11
           7.66     2.62545e-07     1.22805e-11
           7.68     2.62571e-07     1.22554e-11
            7.7     2.62595e-07     1.22307e-11
           7.72      2.6262e-07      1.2205e-11
           7.74     2.62645e-07     1.21796e-11
           7.76     2.62668e-07     1.21554e-11
           7.78     2.62692e-07     1.21311e-11
            7.8     2.62714e-07     1.21079e-11
           7.82     2.62735e-07     1.20861e-11
           7.84     2.62757e-07     1.20633e-11
           7.86     2.62779e-07     1.20397e-11
           7.88     2.62801e-07      1.2018e-11
            7.9     2.62821e-07     1.19962e-11
           7.92     2.62843e-07     1.19742e-11
           7.94     2.62863e-07     1.19531e-11
           7.96     2.62883e-07     1.19317e-11
           7.98     2.62904e-07     1.19102e-11
              8     2.62924e-07     1.18895e-11
           8.02     2.62944e-07     1.18677e-11
           8.04     2.62966e-07     1.18442e-11
           8.06     2.62988e-07     1.18212e-11
           8.08      2.6301e-07     1.17989e-11
            8.1      2.6303e-07     1.17778e-11
           8.12      2.6305e-07     1.17563e-11
           8.14      2.6307e-07     1.17354e-11
           8.16     2.63089e-07     1.17155e-11
           8.18     2.63108e-07     1.16948e-11
            8.2     2.63127e-07     1.16749e-11
           8.22     2.63147e-07     1.16542e-11
           8.24     2.63165e-07     1.16345e-11
           8.26     2.63185e-07     1.16139e-11
           8.28     2.63203e-07     1.15941e-11
            8.3     2.63221e-07      1.1575e-11
           8.32     2.63239e-07     1.15566e-11
           8.34     2.63256e-07     1.15384e-11
           8.36     2.63273e-07     1.15205e-11
           8.38     2.63289e-07     1.15021e-11
            8.4     2.63306e-07     1.14842e-11
           8.42     2.63323e-07     1.14666e-11
           8.44     2.63339e-07       1.145e-11
           8.46     2.63354e-07     1.14333e-11
           8.48      2.6337e-07     1.14163e-11
            8.5     2.63385e-07     1.14004e-11
           8.52       2.634e-07     1.13844e-11
           8.54     2.63414e-07     1.13692e-11
           8.56     2.63428e-07     1.13538e-11
           8.58     2.63442e-07     1.13395e-11
            8.6     2.63455e-07     1.13246e-11
           8.62     2.63468e-07     1.13106e-11
           8.64     2.63481e-07     1.12972e-11
           8.66     2.63493e-07     1.12848e-11
           8.68     2.63504e-07     1.12725e-11
            8.7     2.63515e-07     1.12607e-11
           8.72     2.63526e-07     1.12487e-11
           8.74     2.63536e-07     1.12377e-11
           8.76     2.63546e-07     1.12268e-11
           8.78     2.63556e-07     1.12168e-11
            8.8     2.63565e-07     1.12076e-11
           8.82     2.63573e-07     1.11989e-11
           8.84     2.63581e-07     1.11898e-11
           8.86     2.63589e-07     1.11813e-11
           8.88     2.63596e-07      1.1174e-11
            8.9     2.63603e-07     1.11668e-11
           8.92     2.63609e-07     1.11602e-11
           8.94     2.63615e-07     1.11541e-11
           8.96      2.6362e-07     1.11488e-11
           8.98     2.63624e-07     1.11442e-11
              9     2.63629e-07     1.11392e-11
           9.02     2.63633e-07     1.11346e-11
           9.04     2.63637e-07     1.11301e-11
           9.06     2.63641e-07     1.11259e-11
           9.08     2.63644e-07     1.11224e-11
            9.1     2.63647e-07     1.11192e-11
           9.12      2.6365e-07     1.11167e-11
           9.14     2.63652e-07     1.11144e-11
           9.16     2.63654e-07     1.11123e-11
           9.18     2.63656e-07     1.11107e-11
            9.2     2.63657e-07     1.11095e-11
           9.22     2.63658e-07      1.1108e-11
           9.24     2.63659e-07     1.11069e-11
           9.26      2.6366e-07     1.11059e-11
           9.28     2.63661e-07     1.11049e-11
            9.3     2.63662e-07     1.11044e-11
           9.32     2.63662e-07     1.11037e-11
           9.34     2.63663e-07     1.11032e-11
           9.36     2.63663e-07     1.11025e-11
           9.38     2.63664e-07     1.11018e-11
            9.4     2.63665e-07      1.1101e-11
           9.42     2.63665e-07     1.11001e-11
           9.44     2.63666e-07     1.10991e-11
           9.46     2.63667e-07     1.10981e-11
           9.48     2.63668e-07     1.10969e-11
            9.5      2.6367e-07     1.10957e-11
           9.52     2.63671e-07     1.10942e-11
           9.54     2.63672e-07     1.10928e-11
           9.56     2.63674e-07     1.10914e-11
           9.58     2.63675e-07     1.10896e-11
            9.6     2.63677e-07     1.10876e-11
           9.62     2.63679e-07     1.10852e-11
           9.64     2.63682e-07     1.10827e-11
           9.66     2.63684e-07       1.108e-11
           9.68     2.63686e-07     1.10777e-11
            9.7     2.63689e-07     1.10752e-11
           9.72     2.63692e-07     1.10722e-11
           9.74     2.63694e-07     1.10694e-11
           9.76     2.63697e-07     1.10667e-11
           9.78       2.637e-07      1.1064e-11
            9.8     2.63702e-07     1.10615e-11
           9.82     2.63704e-07     1.10591e-11
           9.84     2.63706e-07      1.1057e-11
           9.86     2.63709e-07     1.10549e-11
           9.88      2.6371e-07     1.10531e-11
            9.9     2.63712e-07     1.10515e-11
           9.92     2.63713e-07     1.10503e-11
           9.94     2.63714e-07     1.10494e-11
           9.96     2.63715e-07     1.10484e-11
           9.98     2.63716e-07     1.10479e-11
             10     2.63716e-07     1.10478e-11
          10.02               0               0
          10.04               0               0
          10.06               0               0
          10.08               0               0
           10.1               0               0
          10.12               0               0
          10.14               0               0
          10.16               0               0
          10.18               0               0
           10.2               0               0
          10.22               0               0
          10.24               0               0
          10.26               0               0
          10.28               0               0
           10.3               0               0
          10.32               0               0
          10.34               0               0
          10.36               0               0
          10.38               0               0
           10.4               0               0
          10.42               0               0
          10.44               0               0
          10.46               0               0
          10.48               0               0
           10.5               0               0
          10.52               0               0
          10.54               0               0
          10.56               0               0
          10.58               0               0
           10.6               0               0
          10.62               0               0
          10.64               0               0
          10.66               0               0
          10.68               0               0
           10.7               0               0
          10.72               0               0
          10.74               0               0
          10.76               0               0
          10.78               0               0
           10.8               0               0
          10.82               0               0
          10.84               0               0
          10.86               0               0
          10.88               0               0
           10.9               0               0
          10.92               0               0
          10.94               0               0
          10.96               0               0
          10.98               0               0
             11               0               0
          11.02               0               0
          11.04               0               0
          11.06               0               0
          11.08               0               0
           11.1               0               0
          11.12               0               0
          11.14               0               0
          11.16               0               0
          11.18               0               0
           11.2               0               0
          11.22               0               0
          11.24               0               0
          11.26               0               0
          11.28               0               0
           11.3               0               0
          11.32               0               0
          11.34               0               0
          11.36               0               0
          11.38               0               0
           11.4               0               0
          11.42               0               0
          11.44               0               0
          11.46               0               0
          11.48               0               0
           11.5               0               0
          11.52               0               0
          11.54               0               0
          11.56               0               0
          11.58               0               0
           11.6               0               0
          11.62               0               0
          11.64               0               0
          11.66               0               0
          11.68               0               0
           11.7               0               0
          11.72               0               0
          11.74               0               0
          11.76               0               0
          11.78               0               0
           11.8               0               0
          11.82               0               0
          11.84               0               0
          11.86               0               0
          11.88               0               0
           11.9               0               0
          11.92               0               0
          11.94               0               0
          11.96               0               0
          11.98               0               0
             12               0               0
          12.02               0               0
          12.04               0               0
          12.06               0               0
          12.08               0               0
           12.1               0               0
          12.12               0               0
          12.14               0               0
          12.16               0               0
          12.18               0               0
           12.2               0               0
          12.22               0               0
          12.24               0               0
          12.26               0               0
          12.28               0               0
           12.3               0               0
          12.32               0               0
          12.34               0               0
          12.36               0               0
          12.38               0               0
           12.4               0               0
          12.42               0               0
          12.44               0               0
          12.46               0               0
          12.48               0               0
           12.5               0               0
          12.52               0               0
          12.54               0               0
          12.56               0               0
          12.58               0               0
           12.6               0               0
          12.62               0               0
          12.64               0               0
          12.66               0               0
          12.68               0               0
           12.7               0               0
          12.72               0               0
          12.74               0               0
          12.76               0               0
          12.78               0               0
           12.8               0               0
          12.82               0               0
          12.84               0               0
          12.86               0               0
          12.88               0               0
           12.9               0               0
          12.92               0               0
          12.94               0               0
          12.96               0               0
          12.98               0               0
             13               0               0
          13.02               0               0
          13.04               0               0
          13.06               0               0
          13.08               0               0
           13.1               0               0
          13.12               0               0
          13.14               0               0
          13.16               0               0
          13.18               0               0
           13.2               0               0
          13.22               0               0
          13.24               0               0
          13.26               0               0
          13.28               0               0
           13.3               0               0
          13.32               0               0
          13.34               0               0
          13.36               0               0
          13.38               0               0
           13.4               0               0
          13.42               0               0
          13.44               0               0
          13.46               0               0
          13.48               0               0
           13.5               0               0
          13.52               0               0
          13.54               0               0
          13.56               0               0
          13.58               0               0
           13.6               0               0
          13.62               0               0
          13.64               0               0
          13.66               0               0
          13.68               0               0
           13.7               0               0
          13.72               0               0
          13.74               0               0
          13.76               0               0
          13.78               0               0
           13.8               0               0
          13.82               0               0
          13.84               0               0
          13.86               0               0
          13.88               0               0
           13.9               0               0
          13.92               0               0
          13.94               0               0
          13.96               0               0
          13.98               0               0
             14               0               0
          14.02               0               0
          14.04               0               0
          14.06               0               0
          14.08               0               0
           14.1               0               0
          14.12               0               0
          14.14               0               0
          14.16               0               0
          14.18               0               0
           14.2               0               0
          14.22               0               0
          14.24               0               0
          14.26               0               0
          14.28               0               0
           14.3               0               0
          14.32               0               0
          14.34               0               0
          14.36               0               0
          14.38               0               0
           14.4               0               0
          14.42               0               0
          14.44               0               0
          14.46               0               0
          14.48               0               0
           14.5               0               0
          14.52               0               0
          14.54               0               0
          14.56               0               0
          14.58               0               0
           14.6               0               0
          14.62               0               0
          14.64               0               0
          14.66               0               0
          14.68               0               0
           14.7               0               0
          14.72               0               0
          14.74               0               0
          14.76               0               0
          14.78               0               0
           14.8               0               0
          14.82               0               0
          14.84               0               0
          14.86               0               0
          14.88               0               0
           14.9               0               0
          14.92               0               0
          14.94               0               0
          14.96               0               0
          14.98               0               0
             15               0               0
          15.02               0               0
          15.04               0               0
          15.06               0               0
          15.08               0               0
           15.1               0               0
          15.12               0               0
          15.14               0               0
          15.16               0               0
          15.18               0               0
           15.2               0               0
          15.22               0               0
          15.24               0               0
          15.26               0               0
          15.28               0               0
           15.3               0               0
          15.32               0               0
          15.34               0               0
          15.36               0               0
          15.38               0               0
           15.4               0               0
          15.42               0               0
          15.44               0               0
          15.46               0               0
          15.48               0               0
           15.5               0               0
          15.52               0               0
          15.54               0               0
          15.56               0               0
          15.58               0               0
           15.6               0               0
          15.62               0               0
          15.64               0               0
          15.66               0               0
          15.68               0               0
           15.7               0               0
          15.72               0               0
          15.74               0               0
          15.76               0               0
          15.78               0               0
           15.8               0               0
          15.82               0               0
          15.84               0               0
          15.86               0               0
          15.88               0               0
           15.9               0               0
          15.92               0               0
          15.94               0               0
          15.96               0               0
          15.98               0               0
             16               0               0
          16.02               0               0
          16.04               0               0
          16.06               0               0
          16.08               0               0
           16.1               0               0
          16.12               0               0
          16.14               0               0
          16.16               0               0
          16.18               0               0
           16.2               0               0
          16.22               0               0
          16.24               0               0
          16.26               0               0
          16.28               0               0
           16.3               0               0
          16.32               0               0
          16.34               0               0
          16.36               0               0
          16.38               0               0
           16.4               0               0
          16.42               0               0
          16.44               0               0
          16.46               0               0
          16.48               0               0
           16.5               0               0
          16.52               0               0
          16.54               0               0
          16.56               0               0
          16.58               0               0
           16.6               0               0
          16.62               0               0
          16.64               0               0
          16.66               0               0
          16.68               0               0
           16.7               0               0
          16.72               0               0
          16.74               0               0
          16.76               0               0
          16.78               0               0
           16.8               0               0
          16.82               0               0
          16.84               0               0
          16.86               0               0
          16.88               0               0
           16.9               0               0
          16.92               0               0
          16.94               0               0
          16.96               0               0
          16.98               0               0
             17               0               0
          17.02               0               0
          17.04               0               0
          17.06               0               0
          17.08               0               0
           17.1               0               0
          17.12               0               0
          17.14               0               0
          17.16               0               0
          17.18               0               0
           17.2               0               0
          17.22               0               0
          17.24               0               0
          17.26               0               0
          17.28               0               0
           17.3               0               0
          17.32               0               0
          17.34               0               0
          17.36               0               0
          17.38               0               0
           17.4               0               0
          17.42               0               0
          17.44               0               0
          17.46               0               0
          17.48               0               0
           17.5               0               0
          17.52               0               0
          17.54               0               0
          17.56               0               0
          17.58               0               0
           17.6               0               0
          17.62               0               0
          17.64               0               0
          17.66               0               0
          17.68               0               0
           17.7               0               0
          17.72               0               0
          17.74               0               0
          17.76               0               0
          17.78               0               0
           17.8               0               0
          17.82               0               0
          17.84               0               0
          17.86               0               0
          17.88               0               0
           17.9               0               0
          17.92               0               0
          17.94               0               0
          17.96               0               0
          17.98               0               0
             18               0               0
          18.02               0               0
          18.04               0               0
          18.06               0               0
          18.08               0               0
           18.1               0               0
          18.12               0               0
          18.14               0               0
          18.16               0               0
          18.18               0               0
           18.2               0               0
          18.22               0               0
          18.24               0               0
          18.26               0               0
          18.28               0               0
           18.3               0               0
          18.32               0               0
          18.34               0               0
          18.36               0               0
          18.38               0               0
           18.4               0               0
          18.42               0               0
          18.44               0               0
          18.46               0               0
          18.48               0               0
           18.5               0               0
          18.52               0               0
          18.54               0               0
          18.56               0               0
          18.58               0               0
           18.6               0               0
          18.62               0               0
          18.64               0               0
          18.66               0               0
          18.68               0               0
           18.7               0               0
          18.72               0               0
          18.74               0               0
          18.76               0               0
          18.78               0               0
           18.8               0               0
          18.82               0               0
          18.84               0               0
          18.86               0               0
          18.88               0               0
           18.9               0               0
          18.92               0               0
          18.94               0               0
          18.96               0               0
          18.98               0               0
             19               0               0
          19.02               0               0
          19.04               0               0
          19.06               0               0
          19.08               0               0
           19.1               0               0
          19.12               0               0
          19.14               0               0
          19.16               0               0
          19.18               0               0
           19.2               0               0
          19.22               0               0
          19.24               0               0
          19.26               0               0
          19.28               0               0
           19.3               0               0
          19.32               0               0
          19.34               0               0
          19.36               0               0
          19.38               0               0
           19.4               0               0
          19.42               0               0
          19.44               0               0
          19.46               0               0
          19.48               0               0
           19.5               0               0
          19.52               0               0
          19.54               0               0
          19.56               0               0
          19.58               0               0
           19.6               0               0
          19.62               0               0
          19.64               0               0
          19.66               0               0
          19.68               0               0
           19.7               0               0
          19.72               0               0
          19.74               0               0
          19.76               0               0
          19.78               0               0
           19.8               0               0
          19.82               0               0
          19.84               0               0
          19.86               0               0
          19.88               0               0
           19.9               0               0
          19.92               0               0
          19.94               0               0
          19.96               0               0
          19.98               0               0
             20               0               0
          20.02               0               0

Source_00  1000  20
              0               0               0
           0.02               0               0
           0.04               0               0
           0.06               0               0
           0.08               0               0
            0.1               0               0
           0.12               0               0
           0.14               0               0
           0.16               0               0
           0.18               0               0
            0.2               0               0
           0.22               0               0
           0.24               0               0
           0.26               0               0
           0.28               0               0
            0.3               0               0
           0.32               0               0
           0.34               0               0
           0.36               0               0
           0.38               0               0
            0.4               0               0
           0.42               0               0
           0.44               0               0
           0.46               0               0
           0.48               0               0
            0.5               0               0
           0.52               0               0
           0.54               0               0
           0.56               0               0
           0.58               0               0
            0.6               0               0
           0.62               0               0
           0.64               0               0
           0.66               0               0
           0.68               0               0
            0.7               0               0
           0.72               0               0
           0.74               0               0
           0.76               0               0
           0.78               0               0
            0.8               0               0
           0.82               0               0
           0.84               0               0
           0.86               0               0
           0.88               0               0
            0.9               0               0
           0.92               0               0
           0.94               0               0
           0.96               0               0
           0.98               0               0
              1               0               0
           1.02               0               0
           1.04               0               0
           1.06               0               0
           1.08               0               0
            1.1               0               0
           1.12               0               0
           1.14               0               0
           1.16               0               0
           1.18               0               0
            1.2               0               0
           1.22               0               0
           1.24               0               0
           1.26               0               0
           1.28               0               0
            1.3               0               0
           1.32               0               0
           1.34               0               0
           1.36               0               0
           1.38               0               0
            1.4               0               0
           1.42               0               0
           1.44               0               0
           1.46               0               0
           1.48               0               0
            1.5               0               0
           1.52               0               0
           1.54               0               0
           1.56               0               0
           1.58               0               0
            1.6               0               0
           1.62               0               0
           1.64               0               0
           1.66               0               0
           1.68               0               0
            1.7               0               0
           1.72               0               0
           1.74               0               0
           1.76               0               0
           1.78               0               0
            1.8               0               0
           1.82               0               0
           1.84               0               0
           1.86               0               0
           1.88               0               0
            1.9               0               0
           1.92               0               0
           1.94               0               0
           1.96               0               0
           1.98               0               0
              2               0               0
           2.02               0               0
           2.04               0               0
           2.06               0               0
           2.08               0               0
            2.1               0               0
           2.12               0               0
           2.14               0               0
           2.16               0               0
           2.18               0               0
            2.2               0               0
           2.22               0               0
           2.24               0               0
           2.26               0               0
           2.28               0               0
            2.3               0               0
           2.32               0               0
           2.34               0               0
           2.36               0               0
           2.38               0               0
            2.4               0               0
           2.42               0               0
           2.44               0               0
           2.46               0               0
           2.48               0               0
            2.5               0               0
           2.52               0               0
           2.54               0               0
           2.56               0               0
           2.58               0               0
            2.6               0               0
           2.62               0               0
           2.64               0               0
           2.66               0               0
           2.68               0               0
            2.7               0               0
           2.72               0               0
           2.74               0               0
           2.76               0               0
           2.78               0               0
            2.8               0               0
           2.82               0               0
           2.84               0               0
           2.86               0               0
           2.88               0               0
            2.9               0               0
           2.92               0               0
           2.94               0               0
           2.96               0               0
           2.98               0               0
              3               0               0
           3.02               0               0
           3.04               0               0
           3.06               0               0
           3.08               0               0
            3.1               0               0
           3.12               0               0
           3.14               0               0
           3.16               0               0
           3.18               0               0
            3.2               0               0
           3.22               0               0
           3.24               0               0
           3.26               0               0
           3.28               0               0
            3.3               0               0
           3.32               0               0
           3.34               0               0
           3.36               0               0
           3.38               0               0
            3.4               0               0
           3.42               0               0
           3.44               0               0
           3.46               0               0
           3.48               0               0
            3.5               0               0
           3.52               0               0
           3.54               0               0
           3.56               0               0
           3.58               0               0
            3.6               0               0
           3.62               0               0
           3.64               0               0
           3.66               0               0
           3.68               0               0
            3.7               0               0
           3.72               0               0
           3.74               0               0
           3.76               0               0
           3.78               0               0
            3.8               0               0
           3.82               0               0
           3.84               0               0
           3.86               0               0
           3.88               0               0
            3.9               0               0
           3.92               0               0
           3.94               0               0
           3.96               0               0
           3.98               0               0
              4               0               0
           4.02               0               0
           4.04               0               0
           4.06               0               0
           4.08               0               0
            4.1               0               0
           4.12               0               0
           4.14               0               0
           4.16               0               0
           4.18               0               0
            4.2               0               0
           4.22               0               0
           4.24               0               0
           4.26               0               0
           4.28               0               0
            4.3               0               0
           4.32               0               0
           4.34               0               0
           4.36               0               0
           4.38               0               0
            4.4               0               0
           4.42               0               0
           4.44               0               0
           4.46               0               0
           4.48               0               0
            4.5               0               0
           4.52               0               0
           4.54               0               0
           4.56               0               0
           4.58               0               0
            4.6               0               0
           4.62               0               0
           4.64               0               0
           4.66               0               0
           4.68               0               0
            4.7               0               0
           4.72               0               0
           4.74               0               0
           4.76               0               0
           4.78               0               0
            4.8               0               0
           4.82               0               0
           4.84               0               0
           4.86               0               0
           4.88               0               0
            4.9               0               0
           4.92               0               0
           4.94               0               0
           4.96               0               0
           4.98               0               0
              5               0               0
           5.02               0               0
           5.04               0               0
           5.06               0               0
           5.08               0               0
            5.1               0               0
           5.12               0               0
           5.14               0               0
           5.16               0               0
           5.18               0               0
            5.2               0               0
           5.22               0               0
           5.24               0               0
           5.26               0               0
           5.28               0               0
            5.3               0               0
           5.32               0               0
           5.34               0               0
           5.36               0               0
           5.38               0               0
            5.4               0               0
           5.42               0               0
           5.44               0               0
           5.46               0               0
           5.48               0               0
            5.5               0               0
           5.52               0               0
           5.54               0               0
           5.56               0               0
           5.58               0               0
            5.6               0               0
           5.62               0               0
           5.64               0               0
           5.66               0               0
           5.68               0               0
            5.7               0               0
           5.72               0               0
           5.74               0               0
           5.76               0               0
           5.78               0               0
            5.8               0               0
           5.82               0               0
           5.84               0               0
           5.86               0               0
           5.88               0               0
            5.9               0               0
           5.92               0               0
           5.94               0               0
           5.96               0               0
           5.98               0               0
              6               0               0
           6.02               0               0
           6.04               0               0
           6.06               0               0
           6.08               0               0
            6.1               0               0
           6.12               0               0
           6.14               0               0
           6.16               0               0
           6.18               0               0
            6.2               0               0
           6.22               0               0
           6.24               0               0
           6.26               0               0
           6.28               0               0
            6.3               0               0
           6.32               0               0
           6.34               0               0
           6.36               0               0
           6.38               0               0
            6.4               0               0
           6.42               0               0
           6.44               0               0
           6.46               0               0
           6.48               0               0
            6.5               0               0
           6.52               0               0
           6.54               0               0
           6.56               0               0
           6.58               0               0
            6.6               0               0
           6.62               0               0
           6.64               0               0
           6.66               0               0
           6.68               0               0
            6.7               0               0
           6.72               0               0
           6.74               0               0
           6.76               0               0
           6.78               0               0
            6.8               0               0
           6.82               0               0
           6.84               0               0
           6.86               0               0
           6.88               0               0
            6.9               0               0
           6.92               0               0
           6.94               0               0
           6.96               0               0
           6.98               0               0
              7               0               0
           7.02               0               0
           7.04               0               0
           7.06               0               0
           7.08               0               0
            7.1               0               0
           7.12               0               0
           7.14               0               0
           7.16               0               0
           7.18               0               0
            7.2               0               0
           7.22               0               0
           7.24               0               0
           7.26               0               0
           7.28               0               0
            7.3               0               0
           7.32               0               0
           7.34               0               0
           7.36               0               0
           7.38               0               0
            7.4               0               0
           7.42               0               0
           7.44               0               0
           7.46               0               0
           7.48               0               0
            7.5               0               0
           7.52               0               0
           7.54               0               0
           7.56               0               0
           7.58               0               0
            7.6               0               0
           7.62               0               0
           7.64               0               0
           7.66               0               0
           7.68               0               0
            7.7               0               0
           7.72               0               0
           7.74               0               0
           7.76               0               0
           7.78               0               0
            7.8               0               0
           7.82               0               0
           7.84               0               0
           7.86               0               0
           7.88               0               0
            7.9               0               0
           7.92               0               0
           7.94               0               0
           7.96               0               0
           7.98               0               0
              8               0               0
           8.02               0               0
           8.04               0               0
           8.06               0               0
           8.08               0               0
            8.1               0               0
           8.12               0               0
           8.14               0               0
           8.16               0               0
           8.18               0               0
            8.2               0               0
           8.22               0               0
           8.24               0               0
           8.26               0               0
           8.28               0               0
            8.3               0               0
           8.32               0               0
           8.34               0               0
           8.36               0               0
           8.38               0               0
            8.4               0               0
           8.42               0               0
           8.44               0               0
           8.46               0               0
           8.48               0               0
            8.5               0               0
           8.52               0               0
           8.54               0               0
           8.56               0               0
           8.58               0               0
            8.6               0               0
           8.62               0               0
           8.64               0               0
           8.66               0               0
           8.68               0               0
            8.7               0               0
           8.72               0               0
           8.74               0               0
           8.76               0               0
           8.78               0               0
            8.8               0               0
           8.82               0               0
           8.84               0               0
           8.86               0               0
           8.88               0               0
            8.9               0               0
           8.92               0               0
           8.94               0               0
           8.96               0               0
           8.98               0               0
              9               0               0
           9.02               0               0
           9.04               0               0
           9.06               0               0
           9.08               0               0
            9.1               0               0
           9.12               0               0
           9.14               0               0
           9.16               0               0
           9.18               0               0
            9.2               0               0
           9.22               0               0
           9.24               0               0
           9.26               0               0
           9.28               0               0
            9.3               0               0
           9.32               0               0
           9.34               0               0
           9.36               0               0
           9.38               0               0
            9.4               0               0
           9.42               0               0
           9.44               0               0
           9.46               0               0
           9.48               0               0
            9.5               0               0
           9.52               0               0
           9.54               0               0
           9.56               0               0
           9.58               0               0
            9.6               0               0
           9.62               0               0
           9.64               0               0
           9.66               0               0
           9.68               0               0
            9.7               0               0
           9.72               0               0
           9.74               0               0
           9.76               0               0
           9.78               0               0
            9.8               0               0
           9.82               0               0
           9.84               0               0
           9.86               0               0
           9.88               0               0
            9.9               0               0
           9.92               0               0
           9.94               0               0
           9.96               0               0
           9.98               0               0
             10               0               0
          10.02               1     0.000316228
          10.04               0               0
          10.06               0               0
          10.08               0               0
           10.1               0               0
          10.12               0               0
          10.14               0               0
          10.16               0               0
          10.18               0               0
           10.2               0               0
          10.22               0               0
          10.24               0               0
          10.26               0               0
          10.28               0               0
           10.3               0               0
          10.32               0               0
          10.34               0               0
          10.36               0               0
          10.38               0               0
           10.4               0               0
          10.42               0               0
          10.44               0               0
          10.46               0               0
          10.48               0               0
           10.5               0               0
          10.52               0               0
          10.54               0               0
          10.56               0               0
          10.58               0               0
           10.6               0               0
          10.62               0               0
          10.64               0               0
          10.66               0               0
          10.68               0               0
           10.7               0               0
          10.72               0               0
          10.74               0               0
          10.76               0               0
          10.78               0               0
           10.8               0               0
          10.82               0               0
          10.84               0               0
          10.86               0               0
          10.88               0               0
           10.9               0               0
          10.92               0               0
          10.94               0               0
          10.96               0               0
          10.98               0               0
             11               0               0
          11.02               0               0
          11.04               0               0
          11.06               0               0
          11.08               0               0
           11.1               0               0
          11.12               0               0
          11.14               0               0
          11.16               0               0
          11.18               0               0
           11.2               0               0
          11.22               0               0
          11.24               0               0
          11.26               0               0
          11.28               0               0
           11.3               0               0
          11.32               0               0
          11.34               0               0
          11.36               0               0
          11.38               0               0
           11.4               0               0
          11.42               0               0
          11.44               0               0
          11.46               0               0
          11.48               0               0
           11.5               0               0
          11.52               0               0
          11.54               0               0
          11.56               0               0
          11.58               0               0
           11.6               0               0
          11.62               0               0
          11.64               0               0
          11.66               0               0
          11.68               0               0
           11.7               0               0
          11.72               0               0
          11.74               0               0
          11.76               0               0
          11.78               0               0
           11.8               0               0
          11.82               0               0
          11.84               0               0
          11.86               0               0
          11.88               0               0
           11.9               0               0
          11.92               0               0
          11.94               0               0
          11.96               0               0
          11.98               0               0
             12               0               0
          12.02               0               0
          12.04               0               0
          12.06               0               0
          12.08               0               0
           12.1               0               0
          12.12               0               0
          12.14               0               0
          12.16               0               0
          12.18               0               0
           12.2               0               0
          12.22               0               0
          12.24               0               0
          12.26               0               0
          12.28               0               0
           12.3               0               0
          12.32               0               0
          12.34               0               0
          12.36               0               0
          12.38               0               0
           12.4               0               0
          12.42               0               0
          12.44               0               0
          12.46               0               0
          12.48               0               0
           12.5               0               0
          12.52               0               0
          12.54               0               0
          12.56               0               0
          12.58               0               0
           12.6               0               0
          12.62               0               0
          12.64               0               0
          12.66               0               0
          12.68               0               0
           12.7               0               0
          12.72               0               0
          12.74               0               0
          12.76               0               0
          12.78               0               0
           12.8               0               0
          12.82               0               0
          12.84               0               0
          12.86               0               0
          12.88               0               0
           12.9               0               0
          12.92               0               0
          12.94               0               0
          12.96               0               0
          12.98               0               0
             13               0               0
          13.02               0               0
          13.04               0               0
          13.06               0               0
          13.08               0               0
           13.1               0               0
          13.12               0               0
          13.14               0               0
          13.16               0               0
          13.18               0               0
           13.2               0               0
          13.22               0               0
          13.24               0               0
          13.26               0               0
          13.28               0               0
           13.3               0               0
          13.32               0               0
          13.34               0               0
          13.36               0               0
          13.38               0               0
           13.4               0               0
          13.42               0               0
          13.44               0               0
          13.46               0               0
          13.48               0               0
           13.5               0               0
          13.52               0               0
          13.54               0               0
          13.56               0               0
          13.58               0               0
           13.6               0               0
          13.62               0               0
          13.64               0               0
          13.66               0               0
          13.68               0               0
           13.7               0               0
          13.72               0               0
          13.74               0               0
          13.76               0               0
          13.78               0               0
           13.8               0               0
          13.82               0               0
          13.84               0               0
          13.86               0               0
          13.88               0               0
           13.9               0               0
          13.92               0               0
          13.94               0               0
          13.96               0               0
          13.98               0               0
             14               0               0
          14.02               0               0
          14.04               0               0
          14.06               0               0
          14.08               0               0
           14.1               0               0
          14.12               0               0
          14.14               0               0
          14.16               0               0
          14.18               0               0
           14.2               0               0
          14.22               0               0
          14.24               0               0
          14.26               0               0
          14.28               0               0
           14.3               0               0
          14.32               0               0
          14.34               0               0
          14.36               0               0
          14.38               0               0
           14.4               0               0
          14.42               0               0
          14.44               0               0
          14.46               0               0
          14.48               0               0
           14.5               0               0
          14.52               0               0
          14.54               0               0
          14.56               0               0
          14.58               0               0
           14.6               0               0
          14.62               0               0
          14.64               0               0
          14.66               0               0
          14.68               0               0
           14.7               0               0
          14.72               0               0
          14.74               0               0
          14.76               0               0
          14.78               0               0
           14.8               0               0
          14.82               0               0
          14.84               0               0
          14.86               0               0
          14.88               0               0
           14.9               0               0
          14.92               0               0
          14.94               0               0
          14.96               0               0
          14.98               0               0
             15               0               0
          15.02               0               0
          15.04               0               0
          15.06               0               0
          15.08               0               0
           15.1               0               0
          15.12               0               0
          15.14               0               0
          15.16               0               0
          15.18               0               0
           15.2               0               0
          15.22               0               0
          15.24               0               0
          15.26               0               0
          15.28               0               0
           15.3               0               0
          15.32               0               0
          15.34               0               0
          15.36               0               0
          15.38               0               0
           15.4               0               0
          15.42               0               0
          15.44               0               0
          15.46               0               0
          15.48               0               0
           15.5               0               0
          15.52               0               0
          15.54               0               0
          15.56               0               0
          15.58               0               0
           15.6               0               0
          15.62               0               0
          15.64               0               0
          15.66               0               0
          15.68               0               0
           15.7               0               0
          15.72               0               0
          15.74               0               0
          15.76               0               0
          15.78               0               0
           15.8               0               0
          15.82               0               0
          15.84               0               0
          15.86               0               0
          15.88               0               0
           15.9               0               0
          15.92               0               0
          15.94               0               0
          15.96               0               0
          15.98               0               0
             16               0               0
          16.02               0               0
          16.04               0               0
          16.06               0               0
          16.08               0               0
           16.1               0               0
          16.12               0               0
          16.14               0               0
          16.16               0               0
          16.18               0               0
           16.2               0               0
          16.22               0               0
          16.24               0               0
          16.26               0               0
          16.28               0               0
           16.3               0               0
          16.32               0               0
          16.34               0               0
          16.36               0               0
          16.38               0               0
           16.4               0               0
          16.42               0               0
          16.44               0               0
          16.46               0               0
          16.48               0               0
           16.5               0               0
          16.52               0               0
          16.54               0               0
          16.56               0               0
          16.58               0               0
           16.6               0               0
          16.62               0               0
          16.64               0               0
          16.66               0               0
          16.68               0               0
           16.7               0               0
          16.72               0               0
          16.74               0               0
          16.76               0               0
          16.78               0               0
           16.8               0               0
          16.82               0               0
          16.84               0               0
          16.86               0               0
          16.88               0               0
           16.9               0               0
          16.92               0               0
          16.94               0               0
          16.96               0               0
          16.98               0               0
             17               0               0
          17.02               0               0
          17.04               0               0
          17.06               0               0
          17.08               0               0
           17.1               0               0
          17.12               0               0
          17.14               0               0
          17.16               0               0
          17.18               0               0
           17.2               0               0
          17.22               0               0
          17.24               0               0
          17.26               0               0
          17.28               0               0
           17.3               0               0
          17.32               0               0
          17.34               0               0
          17.36               0               0
          17.38               0               0
           17.4               0               0
          17.42               0               0
          17.44               0               0
          17.46               0               0
          17.48               0               0
           17.5               0               0
          17.52               0               0
          17.54               0               0
          17.56               0               0
          17.58               0               0
           17.6               0               0
          17.62               0               0
          17.64               0               0
          17.66               0               0
          17.68               0               0
           17.7               0               0
          17.72               0               0
          17.74               0               0
          17.76               0               0
          17.78               0               0
           17.8               0               0
          17.82               0               0
          17.84               0               0
          17.86               0               0
          17.88               0               0
           17.9               0               0
          17.92               0               0
          17.94               0               0
          17.96               0               0
          17.98               0               0
             18               0               0
          18.02               0               0
          18.04               0               0
          18.06               0               0
          18.08               0               0
           18.1               0               0
          18.12               0               0
          18.14               0               0
          18.16               0               0
          18.18               0               0
           18.2               0               0
          18.22               0               0
          18.24               0               0
          18.26               0               0
          18.28               0               0
           18.3               0               0
          18.32               0               0
          18.34               0               0
          18.36               0               0
          18.38               0               0
           18.4               0               0
          18.42               0               0
          18.44               0               0
          18.46               0               0
          18.48               0               0
           18.5               0               0
          18.52               0               0
          18.54               0               0
          18.56               0               0
          18.58               0               0
           18.6               0               0
          18.62               0               0
          18.64               0               0
          18.66               0               0
          18.68               0               0
           18.7               0               0
          18.72               0               0
          18.74               0               0
          18.76               0               0
          18.78               0               0
           18.8               0               0
          18.82               0               0
          18.84               0               0
          18.86               0               0
          18.88               0               0
           18.9               0               0
          18.92               0               0
          18.94               0               0
          18.96               0               0
          18.98               0               0
             19               0               0
          19.02               0               0
          19.04               0               0
          19.06               0               0
          19.08               0               0
           19.1               0               0
          19.12               0               0
          19.14               0               0
          19.16               0               0
          19.18               0               0
           19.2               0               0
          19.22               0               0
          19.24               0               0
          19.26               0               0
          19.28               0               0
           19.3               0               0
          19.32               0               0
          19.34               0               0
          19.36               0               0
          19.38               0               0
           19.4               0               0
          19.42               0               0
          19.44               0               0
          19.46               0               0
          19.48               0               0
           19.5               0               0
          19.52               0               0
          19.54               0               0
          19.56               0               0
          19.58               0               0
           19.6               0               0
          19.62               0               0
          19.64               0               0
          19.66               0               0
          19.68               0               0
           19.7               0               0
          19.72               0               0
          19.74               0               0
          19.76               0               0
          19.78               0               0
           19.8               0               0
          19.82               0               0
          19.84               0               0
          19.86               0               0
          19.88               0               0
           19.9               0               0
          19.92               0               0
          19.94               0               0
          19.96               0               0
          19.98               0               0
             20               0               0
          20.02               0               0

